Category;Variable Name;Value
General Info;File;track07.mid
General Info;Format;Type 1
General Info;Tracks;2
General Info;Division (ticks per quarter note);480
General Info;Initial Tempo (BPM);120,00
General Info;Initial Tempo (µs/QN);500000
General Info;Key Signature;A# Minor (inferred)
General Info;Total Notes;2090
General Info;Note Density (notes/sec);16,22
General Info;Average Notes per Bar;32,15
General Info;Total Duration (formatted);02:08.825
General Info;Total Duration (bars);65
Pitch Stats;Mean (MIDI #);59,77
Pitch Stats;StdDev (MIDI #);12,62
Pitch Stats;Median (MIDI #);62
Pitch Stats;Mode (MIDI #);57
Pitch Stats;Min (MIDI #);29
Pitch Stats;Max (MIDI #);100
Pitch Stats;Range (semitones);71
Pitch Stats;Mean (Name);C4
Pitch Stats;StdDev (Interval);approx. Octave + Minor Second
Pitch Stats;Median (Name);D4
Pitch Stats;Mode (Name);A3
Pitch Stats;Min (Name);F1
Pitch Stats;Max (Name);E7
Pitch Stats;Range (Interval);5 Octaves + Major Seventh
Pitch Class Stats;Mode (Index 0-11);9
Pitch Class Stats;Mode (Name);A
Melodic Interval Stats (Track-based);Total Count;2089
Melodic Interval Stats (Track-based);Mode (Semitones);12
Melodic Interval Stats (Track-based);Mode (Name);Octave
Melodic Interval Stats (Track-based);Median (Semitones);3.0
Melodic Interval Stats (Track-based);Median (Name);Minor Third
Melodic Interval Stats (Track-based);Min (Semitones);-55
Melodic Interval Stats (Track-based);Min (Name);4 Octaves + Perfect Fifth
Melodic Interval Stats (Track-based);Max (Semitones);57
Melodic Interval Stats (Track-based);Max (Name);4 Octaves + Major Sixth
Melodic Interval Stats (Track-based);Range (Semitones);112
Melodic Interval Stats (Track-based);Range (Name);112 st
Harmonic Tension Stats;Mean Tension Score;42,55
Harmonic Tension Stats;StdDev of Tension;32,75
Harmonic Tension Stats;Max Tension Score;201
Velocity Stats;Mean;54,16
Velocity Stats;StdDev;12,44
Velocity Stats;Median;52
Velocity Stats;Mode;51
Velocity Stats;Min;25
Velocity Stats;Max;96
Velocity Stats;Range;71
Duration Stats (ms);Mean;289,6
Duration Stats (ms);StdDev;352,0
Duration Stats (ms);Median;175
Duration Stats (ms);Mode;70
Duration Stats (ms);Min;1
Duration Stats (ms);Max;3997
Duration Stats (ms);Range;3996
Temporal Precision;Grid Quantization Level;1/16
Temporal Precision;Grid Size (ticks);120
Temporal Precision;Avg. Absolute Deviation (ticks);31,598
Temporal Precision;Avg. Absolute Deviation (% Grid);26,33
Temporal Precision;RMS Deviation (ticks);36,347
Temporal Precision;Max. Absolute Deviation (ticks);60,000
Note Characteristics;Threshold Short Duration (ticks);10
Note Characteristics;Threshold Low Velocity;30
Note Characteristics;Potentially Erroneous Notes (Short AND Low Velocity);0
Note Characteristics;Potentially Erroneous Notes (%);0,00
Note Characteristics;Short Duration Notes Count;75
Note Characteristics;Short Duration Notes (%);3,59
Note Characteristics;Low Velocity Notes Count;8
Note Characteristics;Low Velocity Notes (%);0,38

Track Information;Track Number;Details
Track Information;2;(Prog: 0 (Acoustic Grand Piano))

Meta Events;Time (Bar:Beat:Tick or SMPTE);Tick;Type;Content

Pitch Class Distribution;Pitch Class;Count
Pitch Class Distribution;C;77
Pitch Class Distribution;C#;185
Pitch Class Distribution;D;319
Pitch Class Distribution;D#;0
Pitch Class Distribution;E;256
Pitch Class Distribution;F;102
Pitch Class Distribution;F#;163
Pitch Class Distribution;G;237
Pitch Class Distribution;G#;29
Pitch Class Distribution;A;586
Pitch Class Distribution;A#;0
Pitch Class Distribution;B;136

Melodic Interval Distribution;Interval (Semitones);Interval (Name);Count
Melodic Interval Distribution;-55;4 Octaves + Perfect Fifth;1
Melodic Interval Distribution;-53;4 Octaves + Perfect Fourth;1
Melodic Interval Distribution;-52;4 Octaves + Major Third;2
Melodic Interval Distribution;-50;4 Octaves + Major Second;1
Melodic Interval Distribution;-48;4 Octaves;2
Melodic Interval Distribution;-46;3 Octaves + Minor Seventh;1
Melodic Interval Distribution;-45;3 Octaves + Major Sixth;3
Melodic Interval Distribution;-43;3 Octaves + Perfect Fifth;5
Melodic Interval Distribution;-42;3 Octaves + Tritone;3
Melodic Interval Distribution;-41;3 Octaves + Perfect Fourth;4
Melodic Interval Distribution;-40;3 Octaves + Major Third;9
Melodic Interval Distribution;-39;3 Octaves + Minor Third;5
Melodic Interval Distribution;-38;3 Octaves + Major Second;5
Melodic Interval Distribution;-37;3 Octaves + Minor Second;1
Melodic Interval Distribution;-36;3 Octaves;22
Melodic Interval Distribution;-34;2 Octaves + Minor Seventh;5
Melodic Interval Distribution;-33;2 Octaves + Major Sixth;9
Melodic Interval Distribution;-32;2 Octaves + Minor Sixth;9
Melodic Interval Distribution;-31;2 Octaves + Perfect Fifth;17
Melodic Interval Distribution;-30;2 Octaves + Tritone;2
Melodic Interval Distribution;-29;2 Octaves + Perfect Fourth;17
Melodic Interval Distribution;-28;2 Octaves + Major Third;19
Melodic Interval Distribution;-27;2 Octaves + Minor Third;17
Melodic Interval Distribution;-26;2 Octaves + Major Second;14
Melodic Interval Distribution;-24;2 Octaves;58
Melodic Interval Distribution;-23;Octave + Major Seventh;2
Melodic Interval Distribution;-22;Octave + Minor Seventh;10
Melodic Interval Distribution;-21;Octave + Major Sixth;14
Melodic Interval Distribution;-20;Octave + Minor Sixth;15
Melodic Interval Distribution;-19;Octave + Perfect Fifth;35
Melodic Interval Distribution;-18;Octave + Tritone;4
Melodic Interval Distribution;-17;Octave + Perfect Fourth;26
Melodic Interval Distribution;-16;Octave + Major Third;25
Melodic Interval Distribution;-15;Octave + Minor Third;22
Melodic Interval Distribution;-14;Octave + Major Second;14
Melodic Interval Distribution;-13;Octave + Minor Second;2
Melodic Interval Distribution;-12;Octave;165
Melodic Interval Distribution;-11;Major Seventh;5
Melodic Interval Distribution;-10;Minor Seventh;9
Melodic Interval Distribution;-9;Major Sixth;34
Melodic Interval Distribution;-8;Minor Sixth;39
Melodic Interval Distribution;-7;Perfect Fifth;64
Melodic Interval Distribution;-6;Tritone;4
Melodic Interval Distribution;-5;Perfect Fourth;63
Melodic Interval Distribution;-4;Major Third;63
Melodic Interval Distribution;-3;Minor Third;44
Melodic Interval Distribution;-2;Major Second;13
Melodic Interval Distribution;-1;Minor Second;1
Melodic Interval Distribution;0;Unison;85
Melodic Interval Distribution;1;Minor Second;2
Melodic Interval Distribution;2;Major Second;17
Melodic Interval Distribution;3;Minor Third;73
Melodic Interval Distribution;4;Major Third;68
Melodic Interval Distribution;5;Perfect Fourth;95
Melodic Interval Distribution;6;Tritone;5
Melodic Interval Distribution;7;Perfect Fifth;104
Melodic Interval Distribution;8;Minor Sixth;66
Melodic Interval Distribution;9;Major Sixth;57
Melodic Interval Distribution;10;Minor Seventh;7
Melodic Interval Distribution;11;Major Seventh;2
Melodic Interval Distribution;12;Octave;246
Melodic Interval Distribution;14;Octave + Major Second;13
Melodic Interval Distribution;15;Octave + Minor Third;21
Melodic Interval Distribution;16;Octave + Major Third;42
Melodic Interval Distribution;17;Octave + Perfect Fourth;34
Melodic Interval Distribution;18;Octave + Tritone;4
Melodic Interval Distribution;19;Octave + Perfect Fifth;42
Melodic Interval Distribution;20;Octave + Minor Sixth;13
Melodic Interval Distribution;21;Octave + Major Sixth;13
Melodic Interval Distribution;22;Octave + Minor Seventh;8
Melodic Interval Distribution;23;Octave + Major Seventh;3
Melodic Interval Distribution;24;2 Octaves;42
Melodic Interval Distribution;25;2 Octaves + Minor Second;2
Melodic Interval Distribution;26;2 Octaves + Major Second;6
Melodic Interval Distribution;27;2 Octaves + Minor Third;18
Melodic Interval Distribution;28;2 Octaves + Major Third;33
Melodic Interval Distribution;29;2 Octaves + Perfect Fourth;6
Melodic Interval Distribution;30;2 Octaves + Tritone;2
Melodic Interval Distribution;31;2 Octaves + Perfect Fifth;9
Melodic Interval Distribution;32;2 Octaves + Minor Sixth;5
Melodic Interval Distribution;33;2 Octaves + Major Sixth;5
Melodic Interval Distribution;34;2 Octaves + Minor Seventh;2
Melodic Interval Distribution;36;3 Octaves;14
Melodic Interval Distribution;39;3 Octaves + Minor Third;3
Melodic Interval Distribution;40;3 Octaves + Major Third;2
Melodic Interval Distribution;41;3 Octaves + Perfect Fourth;4
Melodic Interval Distribution;43;3 Octaves + Perfect Fifth;3
Melodic Interval Distribution;45;3 Octaves + Major Sixth;2
Melodic Interval Distribution;48;4 Octaves;1
Melodic Interval Distribution;52;4 Octaves + Major Third;2
Melodic Interval Distribution;53;4 Octaves + Perfect Fourth;1
Melodic Interval Distribution;54;4 Octaves + Tritone;1
Melodic Interval Distribution;57;4 Octaves + Major Sixth;1

Harmonic Tension Timeline;Time (s);Tension Score
Harmonic Tension Timeline;0,000;0
Harmonic Tension Timeline;0,569;0
Harmonic Tension Timeline;0,569;0
Harmonic Tension Timeline;0,569;3
Harmonic Tension Timeline;0,580;3
Harmonic Tension Timeline;0,580;9
Harmonic Tension Timeline;0,580;33
Harmonic Tension Timeline;0,580;54
Harmonic Tension Timeline;0,639;54
Harmonic Tension Timeline;0,639;72
Harmonic Tension Timeline;0,661;72
Harmonic Tension Timeline;0,661;28
Harmonic Tension Timeline;0,684;28
Harmonic Tension Timeline;0,684;15
Harmonic Tension Timeline;0,685;15
Harmonic Tension Timeline;0,685;28
Harmonic Tension Timeline;0,754;28
Harmonic Tension Timeline;0,754;18
Harmonic Tension Timeline;0,778;18
Harmonic Tension Timeline;0,778;36
Harmonic Tension Timeline;0,894;36
Harmonic Tension Timeline;0,894;54
Harmonic Tension Timeline;1,010;54
Harmonic Tension Timeline;1,010;72
Harmonic Tension Timeline;1,022;72
Harmonic Tension Timeline;1,022;52
Harmonic Tension Timeline;1,173;52
Harmonic Tension Timeline;1,173;34
Harmonic Tension Timeline;1,311;34
Harmonic Tension Timeline;1,311;46
Harmonic Tension Timeline;1,521;46
Harmonic Tension Timeline;1,521;27
Harmonic Tension Timeline;1,532;27
Harmonic Tension Timeline;1,532;46
Harmonic Tension Timeline;1,544;46
Harmonic Tension Timeline;1,544;20
Harmonic Tension Timeline;1,544;46
Harmonic Tension Timeline;1,591;46
Harmonic Tension Timeline;1,591;106
Harmonic Tension Timeline;1,602;106
Harmonic Tension Timeline;1,602;82
Harmonic Tension Timeline;1,602;54
Harmonic Tension Timeline;1,602;82
Harmonic Tension Timeline;1,602;106
Harmonic Tension Timeline;1,603;106
Harmonic Tension Timeline;1,603;82
Harmonic Tension Timeline;1,695;82
Harmonic Tension Timeline;1,695;108
Harmonic Tension Timeline;1,706;108
Harmonic Tension Timeline;1,706;137
Harmonic Tension Timeline;1,787;137
Harmonic Tension Timeline;1,787;106
Harmonic Tension Timeline;1,823;106
Harmonic Tension Timeline;1,823;46
Harmonic Tension Timeline;1,892;46
Harmonic Tension Timeline;1,892;34
Harmonic Tension Timeline;1,893;34
Harmonic Tension Timeline;1,893;46
Harmonic Tension Timeline;1,985;46
Harmonic Tension Timeline;1,985;27
Harmonic Tension Timeline;2,009;27
Harmonic Tension Timeline;2,009;18
Harmonic Tension Timeline;2,509;18
Harmonic Tension Timeline;2,509;9
Harmonic Tension Timeline;2,509;18
Harmonic Tension Timeline;2,579;18
Harmonic Tension Timeline;2,579;54
Harmonic Tension Timeline;2,591;54
Harmonic Tension Timeline;2,591;34
Harmonic Tension Timeline;2,591;16
Harmonic Tension Timeline;2,591;33
Harmonic Tension Timeline;2,591;54
Harmonic Tension Timeline;2,706;54
Harmonic Tension Timeline;2,706;33
Harmonic Tension Timeline;2,706;54
Harmonic Tension Timeline;2,729;54
Harmonic Tension Timeline;2,729;82
Harmonic Tension Timeline;2,765;82
Harmonic Tension Timeline;2,765;34
Harmonic Tension Timeline;2,765;82
Harmonic Tension Timeline;2,833;82
Harmonic Tension Timeline;2,833;54
Harmonic Tension Timeline;2,846;54
Harmonic Tension Timeline;2,846;18
Harmonic Tension Timeline;2,997;18
Harmonic Tension Timeline;2,997;34
Harmonic Tension Timeline;3,078;34
Harmonic Tension Timeline;3,078;22
Harmonic Tension Timeline;3,078;34
Harmonic Tension Timeline;3,229;34
Harmonic Tension Timeline;3,229;18
Harmonic Tension Timeline;3,380;18
Harmonic Tension Timeline;3,380;34
Harmonic Tension Timeline;3,473;34
Harmonic Tension Timeline;3,473;18
Harmonic Tension Timeline;3,507;18
Harmonic Tension Timeline;3,507;6
Harmonic Tension Timeline;3,530;6
Harmonic Tension Timeline;3,530;3
Harmonic Tension Timeline;3,530;6
Harmonic Tension Timeline;3,531;6
Harmonic Tension Timeline;3,531;3
Harmonic Tension Timeline;3,566;3
Harmonic Tension Timeline;3,566;9
Harmonic Tension Timeline;3,566;33
Harmonic Tension Timeline;3,600;33
Harmonic Tension Timeline;3,600;58
Harmonic Tension Timeline;3,612;58
Harmonic Tension Timeline;3,612;82
Harmonic Tension Timeline;3,670;82
Harmonic Tension Timeline;3,670;106
Harmonic Tension Timeline;3,670;132
Harmonic Tension Timeline;3,740;132
Harmonic Tension Timeline;3,740;64
Harmonic Tension Timeline;3,762;64
Harmonic Tension Timeline;3,762;46
Harmonic Tension Timeline;3,798;46
Harmonic Tension Timeline;3,798;34
Harmonic Tension Timeline;3,798;46
Harmonic Tension Timeline;3,973;46
Harmonic Tension Timeline;3,973;27
Harmonic Tension Timeline;4,031;27
Harmonic Tension Timeline;4,031;48
Harmonic Tension Timeline;4,078;48
Harmonic Tension Timeline;4,078;106
Harmonic Tension Timeline;4,159;106
Harmonic Tension Timeline;4,159;82
Harmonic Tension Timeline;4,159;36
Harmonic Tension Timeline;4,496;36
Harmonic Tension Timeline;4,496;16
Harmonic Tension Timeline;4,542;16
Harmonic Tension Timeline;4,542;6
Harmonic Tension Timeline;4,554;6
Harmonic Tension Timeline;4,554;46
Harmonic Tension Timeline;4,566;46
Harmonic Tension Timeline;4,566;29
Harmonic Tension Timeline;4,566;12
Harmonic Tension Timeline;4,566;29
Harmonic Tension Timeline;4,577;29
Harmonic Tension Timeline;4,577;43
Harmonic Tension Timeline;4,589;43
Harmonic Tension Timeline;4,589;26
Harmonic Tension Timeline;4,589;36
Harmonic Tension Timeline;4,600;36
Harmonic Tension Timeline;4,600;61
Harmonic Tension Timeline;4,623;61
Harmonic Tension Timeline;4,623;98
Harmonic Tension Timeline;4,658;98
Harmonic Tension Timeline;4,658;59
Harmonic Tension Timeline;4,658;98
Harmonic Tension Timeline;4,785;98
Harmonic Tension Timeline;4,785;59
Harmonic Tension Timeline;4,785;98
Harmonic Tension Timeline;4,786;98
Harmonic Tension Timeline;4,786;59
Harmonic Tension Timeline;4,797;59
Harmonic Tension Timeline;4,797;34
Harmonic Tension Timeline;4,867;34
Harmonic Tension Timeline;4,867;61
Harmonic Tension Timeline;5,042;61
Harmonic Tension Timeline;5,042;88
Harmonic Tension Timeline;5,053;88
Harmonic Tension Timeline;5,053;72
Harmonic Tension Timeline;5,053;88
Harmonic Tension Timeline;5,518;88
Harmonic Tension Timeline;5,518;61
Harmonic Tension Timeline;5,575;61
Harmonic Tension Timeline;5,575;36
Harmonic Tension Timeline;5,576;36
Harmonic Tension Timeline;5,576;26
Harmonic Tension Timeline;5,599;26
Harmonic Tension Timeline;5,599;43
Harmonic Tension Timeline;5,599;61
Harmonic Tension Timeline;5,609;61
Harmonic Tension Timeline;5,609;25
Harmonic Tension Timeline;5,610;25
Harmonic Tension Timeline;5,610;59
Harmonic Tension Timeline;5,610;98
Harmonic Tension Timeline;5,669;98
Harmonic Tension Timeline;5,669;78
Harmonic Tension Timeline;5,669;98
Harmonic Tension Timeline;5,726;98
Harmonic Tension Timeline;5,726;59
Harmonic Tension Timeline;5,726;98
Harmonic Tension Timeline;5,901;98
Harmonic Tension Timeline;5,901;61
Harmonic Tension Timeline;6,029;61
Harmonic Tension Timeline;6,029;97
Harmonic Tension Timeline;6,029;129
Harmonic Tension Timeline;6,041;129
Harmonic Tension Timeline;6,041;74
Harmonic Tension Timeline;6,041;129
Harmonic Tension Timeline;6,076;129
Harmonic Tension Timeline;6,076;184
Harmonic Tension Timeline;6,377;184
Harmonic Tension Timeline;6,377;138
Harmonic Tension Timeline;6,401;138
Harmonic Tension Timeline;6,401;88
Harmonic Tension Timeline;6,436;88
Harmonic Tension Timeline;6,436;61
Harmonic Tension Timeline;6,459;61
Harmonic Tension Timeline;6,459;36
Harmonic Tension Timeline;6,564;36
Harmonic Tension Timeline;6,564;24
Harmonic Tension Timeline;6,564;14
Harmonic Tension Timeline;6,575;14
Harmonic Tension Timeline;6,575;0
Harmonic Tension Timeline;6,575;14
Harmonic Tension Timeline;6,575;24
Harmonic Tension Timeline;6,598;24
Harmonic Tension Timeline;6,598;36
Harmonic Tension Timeline;6,610;36
Harmonic Tension Timeline;6,610;61
Harmonic Tension Timeline;6,668;61
Harmonic Tension Timeline;6,668;25
Harmonic Tension Timeline;6,668;61
Harmonic Tension Timeline;6,854;61
Harmonic Tension Timeline;6,854;36
Harmonic Tension Timeline;6,877;36
Harmonic Tension Timeline;6,877;61
Harmonic Tension Timeline;6,911;61
Harmonic Tension Timeline;6,911;88
Harmonic Tension Timeline;7,028;88
Harmonic Tension Timeline;7,028;135
Harmonic Tension Timeline;7,028;186
Harmonic Tension Timeline;7,109;186
Harmonic Tension Timeline;7,109;135
Harmonic Tension Timeline;7,144;135
Harmonic Tension Timeline;7,144;176
Harmonic Tension Timeline;7,156;176
Harmonic Tension Timeline;7,156;117
Harmonic Tension Timeline;7,260;117
Harmonic Tension Timeline;7,260;84
Harmonic Tension Timeline;7,318;84
Harmonic Tension Timeline;7,318;58
Harmonic Tension Timeline;7,329;58
Harmonic Tension Timeline;7,329;34
Harmonic Tension Timeline;7,330;34
Harmonic Tension Timeline;7,330;58
Harmonic Tension Timeline;7,330;84
Harmonic Tension Timeline;7,423;84
Harmonic Tension Timeline;7,423;58
Harmonic Tension Timeline;7,423;112
Harmonic Tension Timeline;7,457;112
Harmonic Tension Timeline;7,457;74
Harmonic Tension Timeline;7,527;74
Harmonic Tension Timeline;7,527;36
Harmonic Tension Timeline;7,561;36
Harmonic Tension Timeline;7,561;26
Harmonic Tension Timeline;7,561;14
Harmonic Tension Timeline;7,561;26
Harmonic Tension Timeline;7,561;36
Harmonic Tension Timeline;7,574;36
Harmonic Tension Timeline;7,574;62
Harmonic Tension Timeline;7,620;62
Harmonic Tension Timeline;7,620;99
Harmonic Tension Timeline;7,643;99
Harmonic Tension Timeline;7,643;63
Harmonic Tension Timeline;7,643;99
Harmonic Tension Timeline;7,644;99
Harmonic Tension Timeline;7,644;63
Harmonic Tension Timeline;7,759;63
Harmonic Tension Timeline;7,759;38
Harmonic Tension Timeline;7,933;38
Harmonic Tension Timeline;7,933;63
Harmonic Tension Timeline;7,945;63
Harmonic Tension Timeline;7,945;94
Harmonic Tension Timeline;7,946;94
Harmonic Tension Timeline;7,946;66
Harmonic Tension Timeline;8,028;66
Harmonic Tension Timeline;8,028;94
Harmonic Tension Timeline;8,399;94
Harmonic Tension Timeline;8,399;72
Harmonic Tension Timeline;8,411;72
Harmonic Tension Timeline;8,411;49
Harmonic Tension Timeline;8,434;49
Harmonic Tension Timeline;8,434;26
Harmonic Tension Timeline;8,469;26
Harmonic Tension Timeline;8,469;12
Harmonic Tension Timeline;8,470;12
Harmonic Tension Timeline;8,470;0
Harmonic Tension Timeline;8,492;0
Harmonic Tension Timeline;8,492;0
Harmonic Tension Timeline;8,492;0
Harmonic Tension Timeline;8,492;2
Harmonic Tension Timeline;8,573;2
Harmonic Tension Timeline;8,573;0
Harmonic Tension Timeline;8,573;4
Harmonic Tension Timeline;8,573;17
Harmonic Tension Timeline;8,584;17
Harmonic Tension Timeline;8,584;8
Harmonic Tension Timeline;8,585;8
Harmonic Tension Timeline;8,585;17
Harmonic Tension Timeline;8,585;26
Harmonic Tension Timeline;8,747;26
Harmonic Tension Timeline;8,747;10
Harmonic Tension Timeline;8,748;10
Harmonic Tension Timeline;8,748;4
Harmonic Tension Timeline;8,748;17
Harmonic Tension Timeline;8,898;17
Harmonic Tension Timeline;8,898;4
Harmonic Tension Timeline;8,898;17
Harmonic Tension Timeline;8,899;17
Harmonic Tension Timeline;8,899;4
Harmonic Tension Timeline;8,933;4
Harmonic Tension Timeline;8,933;11
Harmonic Tension Timeline;9,211;11
Harmonic Tension Timeline;9,211;23
Harmonic Tension Timeline;9,432;23
Harmonic Tension Timeline;9,432;11
Harmonic Tension Timeline;9,479;11
Harmonic Tension Timeline;9,479;4
Harmonic Tension Timeline;9,560;4
Harmonic Tension Timeline;9,560;17
Harmonic Tension Timeline;9,572;17
Harmonic Tension Timeline;9,572;23
Harmonic Tension Timeline;9,595;23
Harmonic Tension Timeline;9,595;11
Harmonic Tension Timeline;9,595;23
Harmonic Tension Timeline;9,665;23
Harmonic Tension Timeline;9,665;32
Harmonic Tension Timeline;9,711;32
Harmonic Tension Timeline;9,711;76
Harmonic Tension Timeline;9,746;76
Harmonic Tension Timeline;9,746;60
Harmonic Tension Timeline;9,827;60
Harmonic Tension Timeline;9,827;24
Harmonic Tension Timeline;9,897;24
Harmonic Tension Timeline;9,897;44
Harmonic Tension Timeline;10,107;44
Harmonic Tension Timeline;10,107;23
Harmonic Tension Timeline;10,107;44
Harmonic Tension Timeline;10,270;44
Harmonic Tension Timeline;10,270;30
Harmonic Tension Timeline;10,304;30
Harmonic Tension Timeline;10,304;17
Harmonic Tension Timeline;10,455;17
Harmonic Tension Timeline;10,455;30
Harmonic Tension Timeline;10,502;30
Harmonic Tension Timeline;10,502;10
Harmonic Tension Timeline;10,559;10
Harmonic Tension Timeline;10,559;5
Harmonic Tension Timeline;10,572;5
Harmonic Tension Timeline;10,572;10
Harmonic Tension Timeline;10,746;10
Harmonic Tension Timeline;10,746;30
Harmonic Tension Timeline;11,547;30
Harmonic Tension Timeline;11,547;10
Harmonic Tension Timeline;11,558;10
Harmonic Tension Timeline;11,558;30
Harmonic Tension Timeline;11,570;30
Harmonic Tension Timeline;11,570;17
Harmonic Tension Timeline;11,570;4
Harmonic Tension Timeline;11,570;8
Harmonic Tension Timeline;11,570;29
Harmonic Tension Timeline;11,570;35
Harmonic Tension Timeline;11,571;35
Harmonic Tension Timeline;11,571;12
Harmonic Tension Timeline;11,581;12
Harmonic Tension Timeline;11,581;29
Harmonic Tension Timeline;11,662;29
Harmonic Tension Timeline;11,662;23
Harmonic Tension Timeline;11,662;29
Harmonic Tension Timeline;11,721;29
Harmonic Tension Timeline;11,721;52
Harmonic Tension Timeline;11,767;52
Harmonic Tension Timeline;11,767;44
Harmonic Tension Timeline;12,326;44
Harmonic Tension Timeline;12,326;29
Harmonic Tension Timeline;12,372;29
Harmonic Tension Timeline;12,372;35
Harmonic Tension Timeline;12,396;35
Harmonic Tension Timeline;12,396;18
Harmonic Tension Timeline;12,442;18
Harmonic Tension Timeline;12,442;42
Harmonic Tension Timeline;12,453;42
Harmonic Tension Timeline;12,453;72
Harmonic Tension Timeline;12,465;72
Harmonic Tension Timeline;12,465;59
Harmonic Tension Timeline;12,477;59
Harmonic Tension Timeline;12,477;25
Harmonic Tension Timeline;12,477;59
Harmonic Tension Timeline;12,511;59
Harmonic Tension Timeline;12,511;28
Harmonic Tension Timeline;12,523;28
Harmonic Tension Timeline;12,523;17
Harmonic Tension Timeline;12,546;17
Harmonic Tension Timeline;12,546;8
Harmonic Tension Timeline;12,558;8
Harmonic Tension Timeline;12,558;17
Harmonic Tension Timeline;12,570;17
Harmonic Tension Timeline;12,570;37
Harmonic Tension Timeline;12,581;37
Harmonic Tension Timeline;12,581;11
Harmonic Tension Timeline;12,593;11
Harmonic Tension Timeline;12,593;22
Harmonic Tension Timeline;12,593;30
Harmonic Tension Timeline;12,593;51
Harmonic Tension Timeline;12,593;72
Harmonic Tension Timeline;12,651;72
Harmonic Tension Timeline;12,651;51
Harmonic Tension Timeline;12,651;72
Harmonic Tension Timeline;12,662;72
Harmonic Tension Timeline;12,662;48
Harmonic Tension Timeline;12,662;30
Harmonic Tension Timeline;12,662;46
Harmonic Tension Timeline;12,662;72
Harmonic Tension Timeline;12,767;72
Harmonic Tension Timeline;12,767;46
Harmonic Tension Timeline;13,243;46
Harmonic Tension Timeline;13,243;34
Harmonic Tension Timeline;13,382;34
Harmonic Tension Timeline;13,382;46
Harmonic Tension Timeline;13,405;46
Harmonic Tension Timeline;13,405;28
Harmonic Tension Timeline;13,405;61
Harmonic Tension Timeline;13,486;61
Harmonic Tension Timeline;13,486;48
Harmonic Tension Timeline;13,486;17
Harmonic Tension Timeline;13,499;17
Harmonic Tension Timeline;13,499;30
Harmonic Tension Timeline;13,556;30
Harmonic Tension Timeline;13,556;23
Harmonic Tension Timeline;13,556;10
Harmonic Tension Timeline;13,556;8
Harmonic Tension Timeline;13,556;10
Harmonic Tension Timeline;13,556;22
Harmonic Tension Timeline;13,557;22
Harmonic Tension Timeline;13,557;17
Harmonic Tension Timeline;13,568;17
Harmonic Tension Timeline;13,568;23
Harmonic Tension Timeline;13,615;23
Harmonic Tension Timeline;13,615;10
Harmonic Tension Timeline;13,615;23
Harmonic Tension Timeline;13,684;23
Harmonic Tension Timeline;13,684;10
Harmonic Tension Timeline;13,684;23
Harmonic Tension Timeline;13,800;23
Harmonic Tension Timeline;13,800;17
Harmonic Tension Timeline;13,800;23
Harmonic Tension Timeline;13,811;23
Harmonic Tension Timeline;13,811;36
Harmonic Tension Timeline;13,824;36
Harmonic Tension Timeline;13,824;18
Harmonic Tension Timeline;13,824;36
Harmonic Tension Timeline;13,893;36
Harmonic Tension Timeline;13,893;18
Harmonic Tension Timeline;13,894;18
Harmonic Tension Timeline;13,894;36
Harmonic Tension Timeline;14,394;36
Harmonic Tension Timeline;14,394;26
Harmonic Tension Timeline;14,405;26
Harmonic Tension Timeline;14,405;8
Harmonic Tension Timeline;14,452;8
Harmonic Tension Timeline;14,452;30
Harmonic Tension Timeline;14,486;30
Harmonic Tension Timeline;14,486;17
Harmonic Tension Timeline;14,499;17
Harmonic Tension Timeline;14,499;8
Harmonic Tension Timeline;14,533;8
Harmonic Tension Timeline;14,533;22
Harmonic Tension Timeline;14,545;22
Harmonic Tension Timeline;14,545;12
Harmonic Tension Timeline;14,545;22
Harmonic Tension Timeline;14,545;46
Harmonic Tension Timeline;14,568;46
Harmonic Tension Timeline;14,568;59
Harmonic Tension Timeline;14,569;59
Harmonic Tension Timeline;14,569;22
Harmonic Tension Timeline;14,579;22
Harmonic Tension Timeline;14,579;30
Harmonic Tension Timeline;14,579;51
Harmonic Tension Timeline;14,615;51
Harmonic Tension Timeline;14,615;30
Harmonic Tension Timeline;14,626;30
Harmonic Tension Timeline;14,626;51
Harmonic Tension Timeline;14,637;51
Harmonic Tension Timeline;14,637;27
Harmonic Tension Timeline;14,637;51
Harmonic Tension Timeline;14,672;51
Harmonic Tension Timeline;14,672;30
Harmonic Tension Timeline;14,765;30
Harmonic Tension Timeline;14,765;22
Harmonic Tension Timeline;15,393;22
Harmonic Tension Timeline;15,393;34
Harmonic Tension Timeline;15,450;34
Harmonic Tension Timeline;15,450;18
Harmonic Tension Timeline;15,474;18
Harmonic Tension Timeline;15,474;11
Harmonic Tension Timeline;15,508;11
Harmonic Tension Timeline;15,508;20
Harmonic Tension Timeline;15,567;20
Harmonic Tension Timeline;15,567;6
Harmonic Tension Timeline;15,567;20
Harmonic Tension Timeline;15,578;20
Harmonic Tension Timeline;15,578;11
Harmonic Tension Timeline;15,578;17
Harmonic Tension Timeline;15,590;17
Harmonic Tension Timeline;15,590;38
Harmonic Tension Timeline;15,601;38
Harmonic Tension Timeline;15,601;20
Harmonic Tension Timeline;15,601;38
Harmonic Tension Timeline;15,636;38
Harmonic Tension Timeline;15,636;54
Harmonic Tension Timeline;15,636;72
Harmonic Tension Timeline;15,718;72
Harmonic Tension Timeline;15,718;46
Harmonic Tension Timeline;15,928;46
Harmonic Tension Timeline;15,928;34
Harmonic Tension Timeline;16,427;34
Harmonic Tension Timeline;16,427;18
Harmonic Tension Timeline;16,439;18
Harmonic Tension Timeline;16,439;34
Harmonic Tension Timeline;16,450;34
Harmonic Tension Timeline;16,450;52
Harmonic Tension Timeline;16,554;52
Harmonic Tension Timeline;16,554;44
Harmonic Tension Timeline;16,554;28
Harmonic Tension Timeline;16,554;36
Harmonic Tension Timeline;16,554;52
Harmonic Tension Timeline;16,554;72
Harmonic Tension Timeline;16,566;72
Harmonic Tension Timeline;16,566;44
Harmonic Tension Timeline;16,566;29
Harmonic Tension Timeline;16,566;51
Harmonic Tension Timeline;16,566;72
Harmonic Tension Timeline;16,567;72
Harmonic Tension Timeline;16,567;44
Harmonic Tension Timeline;16,578;44
Harmonic Tension Timeline;16,578;26
Harmonic Tension Timeline;16,578;44
Harmonic Tension Timeline;16,647;44
Harmonic Tension Timeline;16,647;24
Harmonic Tension Timeline;16,647;44
Harmonic Tension Timeline;16,670;44
Harmonic Tension Timeline;16,670;29
Harmonic Tension Timeline;16,717;29
Harmonic Tension Timeline;16,717;13
Harmonic Tension Timeline;16,717;29
Harmonic Tension Timeline;16,728;29
Harmonic Tension Timeline;16,728;51
Harmonic Tension Timeline;16,798;51
Harmonic Tension Timeline;16,798;61
Harmonic Tension Timeline;16,879;61
Harmonic Tension Timeline;16,879;51
Harmonic Tension Timeline;17,507;51
Harmonic Tension Timeline;17,507;30
Harmonic Tension Timeline;17,587;30
Harmonic Tension Timeline;17,587;22
Harmonic Tension Timeline;17,587;34
Harmonic Tension Timeline;17,587;46
Harmonic Tension Timeline;17,692;46
Harmonic Tension Timeline;17,692;30
Harmonic Tension Timeline;17,693;30
Harmonic Tension Timeline;17,693;46
Harmonic Tension Timeline;17,739;46
Harmonic Tension Timeline;17,739;72
Harmonic Tension Timeline;17,797;72
Harmonic Tension Timeline;17,797;54
Harmonic Tension Timeline;17,926;54
Harmonic Tension Timeline;17,926;36
Harmonic Tension Timeline;18,065;36
Harmonic Tension Timeline;18,065;54
Harmonic Tension Timeline;18,089;54
Harmonic Tension Timeline;18,089;28
Harmonic Tension Timeline;18,089;54
Harmonic Tension Timeline;18,100;54
Harmonic Tension Timeline;18,100;36
Harmonic Tension Timeline;18,100;54
Harmonic Tension Timeline;18,146;54
Harmonic Tension Timeline;18,146;36
Harmonic Tension Timeline;18,146;51
Harmonic Tension Timeline;18,146;72
Harmonic Tension Timeline;18,309;72
Harmonic Tension Timeline;18,309;46
Harmonic Tension Timeline;18,355;46
Harmonic Tension Timeline;18,355;34
Harmonic Tension Timeline;18,355;46
Harmonic Tension Timeline;18,541;46
Harmonic Tension Timeline;18,541;30
Harmonic Tension Timeline;18,564;30
Harmonic Tension Timeline;18,564;15
Harmonic Tension Timeline;18,576;15
Harmonic Tension Timeline;18,576;9
Harmonic Tension Timeline;18,576;22
Harmonic Tension Timeline;18,576;30
Harmonic Tension Timeline;18,576;51
Harmonic Tension Timeline;18,587;51
Harmonic Tension Timeline;18,587;72
Harmonic Tension Timeline;18,773;72
Harmonic Tension Timeline;18,773;51
Harmonic Tension Timeline;18,785;51
Harmonic Tension Timeline;18,785;30
Harmonic Tension Timeline;18,995;30
Harmonic Tension Timeline;18,995;14
Harmonic Tension Timeline;19,052;14
Harmonic Tension Timeline;19,052;10
Harmonic Tension Timeline;19,063;10
Harmonic Tension Timeline;19,063;2
Harmonic Tension Timeline;19,075;2
Harmonic Tension Timeline;19,075;0
Harmonic Tension Timeline;19,075;2
Harmonic Tension Timeline;19,075;10
Harmonic Tension Timeline;19,110;10
Harmonic Tension Timeline;19,110;0
Harmonic Tension Timeline;19,110;10
Harmonic Tension Timeline;19,179;10
Harmonic Tension Timeline;19,179;2
Harmonic Tension Timeline;19,179;10
Harmonic Tension Timeline;19,283;10
Harmonic Tension Timeline;19,283;2
Harmonic Tension Timeline;19,366;2
Harmonic Tension Timeline;19,366;0
Harmonic Tension Timeline;19,400;0
Harmonic Tension Timeline;19,400;0
Harmonic Tension Timeline;19,400;0
Harmonic Tension Timeline;19,400;2
Harmonic Tension Timeline;19,401;2
Harmonic Tension Timeline;19,401;0
Harmonic Tension Timeline;19,470;0
Harmonic Tension Timeline;19,470;0
Harmonic Tension Timeline;19,563;0
Harmonic Tension Timeline;19,563;0
Harmonic Tension Timeline;19,574;0
Harmonic Tension Timeline;19,574;4
Harmonic Tension Timeline;19,586;4
Harmonic Tension Timeline;19,586;17
Harmonic Tension Timeline;19,609;17
Harmonic Tension Timeline;19,609;22
Harmonic Tension Timeline;19,632;22
Harmonic Tension Timeline;19,632;10
Harmonic Tension Timeline;19,644;10
Harmonic Tension Timeline;19,644;22
Harmonic Tension Timeline;19,678;22
Harmonic Tension Timeline;19,678;8
Harmonic Tension Timeline;19,679;8
Harmonic Tension Timeline;19,679;3
Harmonic Tension Timeline;19,679;9
Harmonic Tension Timeline;19,691;9
Harmonic Tension Timeline;19,691;4
Harmonic Tension Timeline;19,889;4
Harmonic Tension Timeline;19,889;0
Harmonic Tension Timeline;20,052;0
Harmonic Tension Timeline;20,052;0
Harmonic Tension Timeline;20,052;0
Harmonic Tension Timeline;20,086;0
Harmonic Tension Timeline;20,086;4
Harmonic Tension Timeline;20,121;4
Harmonic Tension Timeline;20,121;9
Harmonic Tension Timeline;20,191;9
Harmonic Tension Timeline;20,191;4
Harmonic Tension Timeline;20,202;4
Harmonic Tension Timeline;20,202;0
Harmonic Tension Timeline;20,249;0
Harmonic Tension Timeline;20,249;2
Harmonic Tension Timeline;20,411;2
Harmonic Tension Timeline;20,411;0
Harmonic Tension Timeline;20,470;0
Harmonic Tension Timeline;20,470;0
Harmonic Tension Timeline;20,504;0
Harmonic Tension Timeline;20,504;0
Harmonic Tension Timeline;20,597;0
Harmonic Tension Timeline;20,597;0
Harmonic Tension Timeline;20,597;0
Harmonic Tension Timeline;20,608;0
Harmonic Tension Timeline;20,608;0
Harmonic Tension Timeline;20,609;0
Harmonic Tension Timeline;20,609;0
Harmonic Tension Timeline;20,609;0
Harmonic Tension Timeline;20,748;0
Harmonic Tension Timeline;20,748;0
Harmonic Tension Timeline;20,748;0
Harmonic Tension Timeline;20,748;14
Harmonic Tension Timeline;20,749;14
Harmonic Tension Timeline;20,749;11
Harmonic Tension Timeline;20,760;11
Harmonic Tension Timeline;20,760;6
Harmonic Tension Timeline;20,806;6
Harmonic Tension Timeline;20,806;3
Harmonic Tension Timeline;20,876;3
Harmonic Tension Timeline;20,876;0
Harmonic Tension Timeline;20,923;0
Harmonic Tension Timeline;20,923;8
Harmonic Tension Timeline;20,923;10
Harmonic Tension Timeline;20,969;10
Harmonic Tension Timeline;20,969;14
Harmonic Tension Timeline;21,050;14
Harmonic Tension Timeline;21,050;30
Harmonic Tension Timeline;21,073;30
Harmonic Tension Timeline;21,073;51
Harmonic Tension Timeline;21,224;51
Harmonic Tension Timeline;21,224;38
Harmonic Tension Timeline;21,375;38
Harmonic Tension Timeline;21,375;31
Harmonic Tension Timeline;21,376;31
Harmonic Tension Timeline;21,376;17
Harmonic Tension Timeline;21,376;5
Harmonic Tension Timeline;21,386;5
Harmonic Tension Timeline;21,386;19
Harmonic Tension Timeline;21,386;31
Harmonic Tension Timeline;21,433;31
Harmonic Tension Timeline;21,433;16
Harmonic Tension Timeline;21,433;31
Harmonic Tension Timeline;21,445;31
Harmonic Tension Timeline;21,445;10
Harmonic Tension Timeline;21,538;10
Harmonic Tension Timeline;21,538;17
Harmonic Tension Timeline;21,572;17
Harmonic Tension Timeline;21,572;11
Harmonic Tension Timeline;21,573;11
Harmonic Tension Timeline;21,573;2
Harmonic Tension Timeline;21,573;11
Harmonic Tension Timeline;21,584;11
Harmonic Tension Timeline;21,584;16
Harmonic Tension Timeline;21,584;27
Harmonic Tension Timeline;21,840;27
Harmonic Tension Timeline;21,840;40
Harmonic Tension Timeline;21,876;40
Harmonic Tension Timeline;21,876;58
Harmonic Tension Timeline;21,886;58
Harmonic Tension Timeline;21,886;32
Harmonic Tension Timeline;21,887;32
Harmonic Tension Timeline;21,887;58
Harmonic Tension Timeline;21,946;58
Harmonic Tension Timeline;21,946;37
Harmonic Tension Timeline;22,039;37
Harmonic Tension Timeline;22,039;24
Harmonic Tension Timeline;22,039;37
Harmonic Tension Timeline;22,050;37
Harmonic Tension Timeline;22,050;27
Harmonic Tension Timeline;22,061;27
Harmonic Tension Timeline;22,061;40
Harmonic Tension Timeline;22,224;40
Harmonic Tension Timeline;22,224;58
Harmonic Tension Timeline;22,351;58
Harmonic Tension Timeline;22,351;51
Harmonic Tension Timeline;22,375;51
Harmonic Tension Timeline;22,375;35
Harmonic Tension Timeline;22,386;35
Harmonic Tension Timeline;22,386;11
Harmonic Tension Timeline;22,386;35
Harmonic Tension Timeline;22,386;51
Harmonic Tension Timeline;22,468;51
Harmonic Tension Timeline;22,468;44
Harmonic Tension Timeline;22,468;51
Harmonic Tension Timeline;22,491;51
Harmonic Tension Timeline;22,491;35
Harmonic Tension Timeline;22,503;35
Harmonic Tension Timeline;22,503;22
Harmonic Tension Timeline;22,538;22
Harmonic Tension Timeline;22,538;6
Harmonic Tension Timeline;22,538;3
Harmonic Tension Timeline;22,538;6
Harmonic Tension Timeline;22,560;6
Harmonic Tension Timeline;22,560;3
Harmonic Tension Timeline;22,560;6
Harmonic Tension Timeline;22,561;6
Harmonic Tension Timeline;22,561;3
Harmonic Tension Timeline;22,572;3
Harmonic Tension Timeline;22,572;6
Harmonic Tension Timeline;22,573;6
Harmonic Tension Timeline;22,573;0
Harmonic Tension Timeline;22,607;0
Harmonic Tension Timeline;22,607;0
Harmonic Tension Timeline;22,607;0
Harmonic Tension Timeline;22,666;0
Harmonic Tension Timeline;22,666;6
Harmonic Tension Timeline;22,666;11
Harmonic Tension Timeline;22,840;11
Harmonic Tension Timeline;22,840;0
Harmonic Tension Timeline;22,897;0
Harmonic Tension Timeline;22,897;12
Harmonic Tension Timeline;22,921;12
Harmonic Tension Timeline;22,921;4
Harmonic Tension Timeline;23,048;4
Harmonic Tension Timeline;23,048;12
Harmonic Tension Timeline;23,060;12
Harmonic Tension Timeline;23,060;29
Harmonic Tension Timeline;23,082;29
Harmonic Tension Timeline;23,082;24
Harmonic Tension Timeline;23,129;24
Harmonic Tension Timeline;23,129;11
Harmonic Tension Timeline;23,142;11
Harmonic Tension Timeline;23,142;24
Harmonic Tension Timeline;23,234;24
Harmonic Tension Timeline;23,234;10
Harmonic Tension Timeline;23,292;10
Harmonic Tension Timeline;23,292;12
Harmonic Tension Timeline;23,373;12
Harmonic Tension Timeline;23,373;24
Harmonic Tension Timeline;23,431;24
Harmonic Tension Timeline;23,431;45
Harmonic Tension Timeline;23,489;45
Harmonic Tension Timeline;23,489;29
Harmonic Tension Timeline;23,490;29
Harmonic Tension Timeline;23,490;16
Harmonic Tension Timeline;23,570;16
Harmonic Tension Timeline;23,570;11
Harmonic Tension Timeline;23,582;11
Harmonic Tension Timeline;23,582;6
Harmonic Tension Timeline;23,582;11
Harmonic Tension Timeline;23,582;16
Harmonic Tension Timeline;23,594;16
Harmonic Tension Timeline;23,594;27
Harmonic Tension Timeline;23,640;27
Harmonic Tension Timeline;23,640;9
Harmonic Tension Timeline;23,675;9
Harmonic Tension Timeline;23,675;6
Harmonic Tension Timeline;23,675;9
Harmonic Tension Timeline;23,874;9
Harmonic Tension Timeline;23,874;27
Harmonic Tension Timeline;23,944;27
Harmonic Tension Timeline;23,944;9
Harmonic Tension Timeline;23,944;27
Harmonic Tension Timeline;24,014;27
Harmonic Tension Timeline;24,014;12
Harmonic Tension Timeline;24,025;12
Harmonic Tension Timeline;24,025;18
Harmonic Tension Timeline;24,059;18
Harmonic Tension Timeline;24,059;14
Harmonic Tension Timeline;24,059;4
Harmonic Tension Timeline;24,059;6
Harmonic Tension Timeline;24,071;6
Harmonic Tension Timeline;24,071;44
Harmonic Tension Timeline;24,094;44
Harmonic Tension Timeline;24,094;30
Harmonic Tension Timeline;24,106;30
Harmonic Tension Timeline;24,106;20
Harmonic Tension Timeline;24,106;32
Harmonic Tension Timeline;24,186;32
Harmonic Tension Timeline;24,186;0
Harmonic Tension Timeline;24,188;0
Harmonic Tension Timeline;24,188;18
Harmonic Tension Timeline;24,188;54
Harmonic Tension Timeline;24,292;54
Harmonic Tension Timeline;24,292;36
Harmonic Tension Timeline;24,292;10
Harmonic Tension Timeline;24,303;10
Harmonic Tension Timeline;24,303;0
Harmonic Tension Timeline;24,303;10
Harmonic Tension Timeline;24,315;10
Harmonic Tension Timeline;24,315;8
Harmonic Tension Timeline;24,373;8
Harmonic Tension Timeline;24,373;0
Harmonic Tension Timeline;24,466;0
Harmonic Tension Timeline;24,466;0
Harmonic Tension Timeline;24,559;0
Harmonic Tension Timeline;24,559;0
Harmonic Tension Timeline;24,605;0
Harmonic Tension Timeline;24,605;14
Harmonic Tension Timeline;24,628;14
Harmonic Tension Timeline;24,628;29
Harmonic Tension Timeline;24,675;29
Harmonic Tension Timeline;24,675;3
Harmonic Tension Timeline;24,686;3
Harmonic Tension Timeline;24,686;29
Harmonic Tension Timeline;24,884;29
Harmonic Tension Timeline;24,884;41
Harmonic Tension Timeline;24,884;69
Harmonic Tension Timeline;24,906;69
Harmonic Tension Timeline;24,906;42
Harmonic Tension Timeline;24,907;42
Harmonic Tension Timeline;24,907;69
Harmonic Tension Timeline;24,966;69
Harmonic Tension Timeline;24,966;106
Harmonic Tension Timeline;24,989;106
Harmonic Tension Timeline;24,989;64
Harmonic Tension Timeline;25,058;64
Harmonic Tension Timeline;25,058;43
Harmonic Tension Timeline;25,058;64
Harmonic Tension Timeline;25,081;64
Harmonic Tension Timeline;25,081;92
Harmonic Tension Timeline;25,209;92
Harmonic Tension Timeline;25,209;66
Harmonic Tension Timeline;25,221;66
Harmonic Tension Timeline;25,221;92
Harmonic Tension Timeline;25,232;92
Harmonic Tension Timeline;25,232;66
Harmonic Tension Timeline;25,232;83
Harmonic Tension Timeline;25,255;83
Harmonic Tension Timeline;25,255;137
Harmonic Tension Timeline;25,383;137
Harmonic Tension Timeline;25,383;109
Harmonic Tension Timeline;25,406;109
Harmonic Tension Timeline;25,406;80
Harmonic Tension Timeline;25,488;80
Harmonic Tension Timeline;25,488;53
Harmonic Tension Timeline;25,499;53
Harmonic Tension Timeline;25,499;29
Harmonic Tension Timeline;25,557;29
Harmonic Tension Timeline;25,557;12
Harmonic Tension Timeline;25,557;29
Harmonic Tension Timeline;25,616;29
Harmonic Tension Timeline;25,616;14
Harmonic Tension Timeline;25,616;29
Harmonic Tension Timeline;25,697;29
Harmonic Tension Timeline;25,697;46
Harmonic Tension Timeline;25,720;46
Harmonic Tension Timeline;25,720;64
Harmonic Tension Timeline;25,720;84
Harmonic Tension Timeline;25,837;84
Harmonic Tension Timeline;25,837;64
Harmonic Tension Timeline;25,849;64
Harmonic Tension Timeline;25,849;44
Harmonic Tension Timeline;25,872;44
Harmonic Tension Timeline;25,872;80
Harmonic Tension Timeline;25,907;80
Harmonic Tension Timeline;25,907;53
Harmonic Tension Timeline;26,034;53
Harmonic Tension Timeline;26,034;22
Harmonic Tension Timeline;26,046;22
Harmonic Tension Timeline;26,046;53
Harmonic Tension Timeline;26,058;53
Harmonic Tension Timeline;26,058;71
Harmonic Tension Timeline;26,093;71
Harmonic Tension Timeline;26,093;108
Harmonic Tension Timeline;26,198;108
Harmonic Tension Timeline;26,198;81
Harmonic Tension Timeline;26,232;81
Harmonic Tension Timeline;26,232;110
Harmonic Tension Timeline;26,244;110
Harmonic Tension Timeline;26,244;66
Harmonic Tension Timeline;26,302;66
Harmonic Tension Timeline;26,302;41
Harmonic Tension Timeline;26,302;66
Harmonic Tension Timeline;26,383;66
Harmonic Tension Timeline;26,383;46
Harmonic Tension Timeline;26,395;46
Harmonic Tension Timeline;26,395;66
Harmonic Tension Timeline;26,453;66
Harmonic Tension Timeline;26,453;41
Harmonic Tension Timeline;26,476;41
Harmonic Tension Timeline;26,476;29
Harmonic Tension Timeline;26,488;29
Harmonic Tension Timeline;26,488;12
Harmonic Tension Timeline;26,499;12
Harmonic Tension Timeline;26,499;0
Harmonic Tension Timeline;26,557;0
Harmonic Tension Timeline;26,557;0
Harmonic Tension Timeline;26,569;0
Harmonic Tension Timeline;26,569;0
Harmonic Tension Timeline;26,592;0
Harmonic Tension Timeline;26,592;12
Harmonic Tension Timeline;26,603;12
Harmonic Tension Timeline;26,603;24
Harmonic Tension Timeline;26,639;24
Harmonic Tension Timeline;26,639;44
Harmonic Tension Timeline;26,684;44
Harmonic Tension Timeline;26,684;61
Harmonic Tension Timeline;26,720;61
Harmonic Tension Timeline;26,720;46
Harmonic Tension Timeline;26,720;61
Harmonic Tension Timeline;26,766;61
Harmonic Tension Timeline;26,766;44
Harmonic Tension Timeline;26,848;44
Harmonic Tension Timeline;26,848;24
Harmonic Tension Timeline;26,859;24
Harmonic Tension Timeline;26,859;12
Harmonic Tension Timeline;26,894;12
Harmonic Tension Timeline;26,894;0
Harmonic Tension Timeline;26,894;12
Harmonic Tension Timeline;26,905;12
Harmonic Tension Timeline;26,905;22
Harmonic Tension Timeline;26,905;36
Harmonic Tension Timeline;27,056;36
Harmonic Tension Timeline;27,056;71
Harmonic Tension Timeline;27,068;71
Harmonic Tension Timeline;27,068;41
Harmonic Tension Timeline;27,068;66
Harmonic Tension Timeline;27,137;66
Harmonic Tension Timeline;27,137;41
Harmonic Tension Timeline;27,137;66
Harmonic Tension Timeline;27,149;66
Harmonic Tension Timeline;27,149;83
Harmonic Tension Timeline;27,347;83
Harmonic Tension Timeline;27,347;118
Harmonic Tension Timeline;27,358;118
Harmonic Tension Timeline;27,358;99
Harmonic Tension Timeline;27,381;99
Harmonic Tension Timeline;27,381;151
Harmonic Tension Timeline;27,381;199
Harmonic Tension Timeline;27,404;199
Harmonic Tension Timeline;27,404;148
Harmonic Tension Timeline;27,417;148
Harmonic Tension Timeline;27,417;84
Harmonic Tension Timeline;27,417;148
Harmonic Tension Timeline;27,451;148
Harmonic Tension Timeline;27,451;101
Harmonic Tension Timeline;27,451;73
Harmonic Tension Timeline;27,509;73
Harmonic Tension Timeline;27,509;44
Harmonic Tension Timeline;27,521;44
Harmonic Tension Timeline;27,521;28
Harmonic Tension Timeline;27,521;14
Harmonic Tension Timeline;27,555;14
Harmonic Tension Timeline;27,555;0
Harmonic Tension Timeline;27,555;14
Harmonic Tension Timeline;27,556;14
Harmonic Tension Timeline;27,556;0
Harmonic Tension Timeline;27,625;0
Harmonic Tension Timeline;27,625;12
Harmonic Tension Timeline;27,625;24
Harmonic Tension Timeline;27,672;24
Harmonic Tension Timeline;27,672;46
Harmonic Tension Timeline;27,718;46
Harmonic Tension Timeline;27,718;70
Harmonic Tension Timeline;27,810;70
Harmonic Tension Timeline;27,810;46
Harmonic Tension Timeline;27,870;46
Harmonic Tension Timeline;27,870;66
Harmonic Tension Timeline;27,882;66
Harmonic Tension Timeline;27,882;86
Harmonic Tension Timeline;27,905;86
Harmonic Tension Timeline;27,905;44
Harmonic Tension Timeline;27,964;44
Harmonic Tension Timeline;27,964;34
Harmonic Tension Timeline;28,032;34
Harmonic Tension Timeline;28,032;24
Harmonic Tension Timeline;28,045;24
Harmonic Tension Timeline;28,045;55
Harmonic Tension Timeline;28,056;55
Harmonic Tension Timeline;28,056;29
Harmonic Tension Timeline;28,102;29
Harmonic Tension Timeline;28,102;44
Harmonic Tension Timeline;28,137;44
Harmonic Tension Timeline;28,137;29
Harmonic Tension Timeline;28,137;3
Harmonic Tension Timeline;28,160;3
Harmonic Tension Timeline;28,160;17
Harmonic Tension Timeline;28,230;17
Harmonic Tension Timeline;28,230;8
Harmonic Tension Timeline;28,230;0
Harmonic Tension Timeline;28,230;8
Harmonic Tension Timeline;28,265;8
Harmonic Tension Timeline;28,265;24
Harmonic Tension Timeline;28,357;24
Harmonic Tension Timeline;28,357;8
Harmonic Tension Timeline;28,381;8
Harmonic Tension Timeline;28,381;22
Harmonic Tension Timeline;28,451;22
Harmonic Tension Timeline;28,451;10
Harmonic Tension Timeline;28,497;10
Harmonic Tension Timeline;28,497;0
Harmonic Tension Timeline;28,521;0
Harmonic Tension Timeline;28,521;8
Harmonic Tension Timeline;28,544;8
Harmonic Tension Timeline;28,544;0
Harmonic Tension Timeline;28,567;0
Harmonic Tension Timeline;28,567;5
Harmonic Tension Timeline;28,591;5
Harmonic Tension Timeline;28,591;0
Harmonic Tension Timeline;28,602;0
Harmonic Tension Timeline;28,602;5
Harmonic Tension Timeline;28,614;5
Harmonic Tension Timeline;28,614;8
Harmonic Tension Timeline;28,683;8
Harmonic Tension Timeline;28,683;5
Harmonic Tension Timeline;28,683;10
Harmonic Tension Timeline;28,706;10
Harmonic Tension Timeline;28,706;26
Harmonic Tension Timeline;28,718;26
Harmonic Tension Timeline;28,718;8
Harmonic Tension Timeline;28,718;26
Harmonic Tension Timeline;28,834;26
Harmonic Tension Timeline;28,834;17
Harmonic Tension Timeline;28,869;17
Harmonic Tension Timeline;28,869;26
Harmonic Tension Timeline;28,869;44
Harmonic Tension Timeline;28,939;44
Harmonic Tension Timeline;28,939;30
Harmonic Tension Timeline;28,984;30
Harmonic Tension Timeline;28,984;17
Harmonic Tension Timeline;29,020;17
Harmonic Tension Timeline;29,020;5
Harmonic Tension Timeline;29,043;5
Harmonic Tension Timeline;29,043;11
Harmonic Tension Timeline;29,054;11
Harmonic Tension Timeline;29,054;4
Harmonic Tension Timeline;29,054;11
Harmonic Tension Timeline;29,113;11
Harmonic Tension Timeline;29,113;5
Harmonic Tension Timeline;29,124;5
Harmonic Tension Timeline;29,124;11
Harmonic Tension Timeline;29,205;11
Harmonic Tension Timeline;29,205;23
Harmonic Tension Timeline;29,275;23
Harmonic Tension Timeline;29,275;36
Harmonic Tension Timeline;29,356;36
Harmonic Tension Timeline;29,356;49
Harmonic Tension Timeline;29,368;49
Harmonic Tension Timeline;29,368;36
Harmonic Tension Timeline;29,379;36
Harmonic Tension Timeline;29,379;49
Harmonic Tension Timeline;29,402;49
Harmonic Tension Timeline;29,402;26
Harmonic Tension Timeline;29,403;26
Harmonic Tension Timeline;29,403;49
Harmonic Tension Timeline;29,438;49
Harmonic Tension Timeline;29,438;35
Harmonic Tension Timeline;29,483;35
Harmonic Tension Timeline;29,483;26
Harmonic Tension Timeline;29,566;26
Harmonic Tension Timeline;29,566;17
Harmonic Tension Timeline;29,566;4
Harmonic Tension Timeline;29,566;17
Harmonic Tension Timeline;29,577;17
Harmonic Tension Timeline;29,577;26
Harmonic Tension Timeline;29,611;26
Harmonic Tension Timeline;29,611;35
Harmonic Tension Timeline;29,704;35
Harmonic Tension Timeline;29,704;49
Harmonic Tension Timeline;29,728;49
Harmonic Tension Timeline;29,728;29
Harmonic Tension Timeline;29,728;49
Harmonic Tension Timeline;29,797;49
Harmonic Tension Timeline;29,797;35
Harmonic Tension Timeline;29,880;35
Harmonic Tension Timeline;29,880;26
Harmonic Tension Timeline;29,880;35
Harmonic Tension Timeline;29,880;44
Harmonic Tension Timeline;29,973;44
Harmonic Tension Timeline;29,973;35
Harmonic Tension Timeline;29,973;26
Harmonic Tension Timeline;29,973;36
Harmonic Tension Timeline;30,054;36
Harmonic Tension Timeline;30,054;16
Harmonic Tension Timeline;30,054;36
Harmonic Tension Timeline;30,101;36
Harmonic Tension Timeline;30,101;26
Harmonic Tension Timeline;30,113;26
Harmonic Tension Timeline;30,113;36
Harmonic Tension Timeline;30,171;36
Harmonic Tension Timeline;30,171;23
Harmonic Tension Timeline;30,194;23
Harmonic Tension Timeline;30,194;10
Harmonic Tension Timeline;30,228;10
Harmonic Tension Timeline;30,228;2
Harmonic Tension Timeline;30,228;10
Harmonic Tension Timeline;30,252;10
Harmonic Tension Timeline;30,252;23
Harmonic Tension Timeline;30,345;23
Harmonic Tension Timeline;30,345;10
Harmonic Tension Timeline;30,379;10
Harmonic Tension Timeline;30,379;23
Harmonic Tension Timeline;30,379;36
Harmonic Tension Timeline;30,402;36
Harmonic Tension Timeline;30,402;18
Harmonic Tension Timeline;30,402;36
Harmonic Tension Timeline;30,438;36
Harmonic Tension Timeline;30,438;26
Harmonic Tension Timeline;30,460;26
Harmonic Tension Timeline;30,460;34
Harmonic Tension Timeline;30,519;34
Harmonic Tension Timeline;30,519;22
Harmonic Tension Timeline;30,530;22
Harmonic Tension Timeline;30,530;10
Harmonic Tension Timeline;30,542;10
Harmonic Tension Timeline;30,542;0
Harmonic Tension Timeline;30,542;0
Harmonic Tension Timeline;30,553;0
Harmonic Tension Timeline;30,553;0
Harmonic Tension Timeline;30,553;0
Harmonic Tension Timeline;30,553;0
Harmonic Tension Timeline;30,553;4
Harmonic Tension Timeline;30,566;4
Harmonic Tension Timeline;30,566;14
Harmonic Tension Timeline;30,623;14
Harmonic Tension Timeline;30,623;28
Harmonic Tension Timeline;30,681;28
Harmonic Tension Timeline;30,681;18
Harmonic Tension Timeline;30,694;18
Harmonic Tension Timeline;30,694;11
Harmonic Tension Timeline;30,728;11
Harmonic Tension Timeline;30,728;23
Harmonic Tension Timeline;30,878;23
Harmonic Tension Timeline;30,878;36
Harmonic Tension Timeline;30,925;36
Harmonic Tension Timeline;30,925;49
Harmonic Tension Timeline;31,041;49
Harmonic Tension Timeline;31,041;26
Harmonic Tension Timeline;31,041;49
Harmonic Tension Timeline;31,052;49
Harmonic Tension Timeline;31,052;35
Harmonic Tension Timeline;31,053;35
Harmonic Tension Timeline;31,053;49
Harmonic Tension Timeline;31,065;49
Harmonic Tension Timeline;31,065;36
Harmonic Tension Timeline;31,122;36
Harmonic Tension Timeline;31,122;23
Harmonic Tension Timeline;31,227;23
Harmonic Tension Timeline;31,227;11
Harmonic Tension Timeline;31,227;23
Harmonic Tension Timeline;31,285;23
Harmonic Tension Timeline;31,285;36
Harmonic Tension Timeline;31,390;36
Harmonic Tension Timeline;31,390;49
Harmonic Tension Timeline;31,424;49
Harmonic Tension Timeline;31,424;26
Harmonic Tension Timeline;31,424;49
Harmonic Tension Timeline;31,482;49
Harmonic Tension Timeline;31,482;35
Harmonic Tension Timeline;31,494;35
Harmonic Tension Timeline;31,494;26
Harmonic Tension Timeline;31,506;26
Harmonic Tension Timeline;31,506;17
Harmonic Tension Timeline;31,528;17
Harmonic Tension Timeline;31,528;8
Harmonic Tension Timeline;31,552;8
Harmonic Tension Timeline;31,552;16
Harmonic Tension Timeline;31,564;16
Harmonic Tension Timeline;31,564;8
Harmonic Tension Timeline;31,564;16
Harmonic Tension Timeline;31,586;16
Harmonic Tension Timeline;31,586;30
Harmonic Tension Timeline;31,586;44
Harmonic Tension Timeline;31,586;58
Harmonic Tension Timeline;31,633;58
Harmonic Tension Timeline;31,633;37
Harmonic Tension Timeline;31,633;58
Harmonic Tension Timeline;31,691;58
Harmonic Tension Timeline;31,691;44
Harmonic Tension Timeline;31,692;44
Harmonic Tension Timeline;31,692;58
Harmonic Tension Timeline;31,726;58
Harmonic Tension Timeline;31,726;30
Harmonic Tension Timeline;31,726;58
Harmonic Tension Timeline;31,726;80
Harmonic Tension Timeline;31,832;80
Harmonic Tension Timeline;31,832;49
Harmonic Tension Timeline;31,832;35
Harmonic Tension Timeline;32,018;35
Harmonic Tension Timeline;32,018;26
Harmonic Tension Timeline;32,052;26
Harmonic Tension Timeline;32,052;8
Harmonic Tension Timeline;32,052;26
Harmonic Tension Timeline;32,053;26
Harmonic Tension Timeline;32,053;17
Harmonic Tension Timeline;32,086;17
Harmonic Tension Timeline;32,086;8
Harmonic Tension Timeline;32,087;8
Harmonic Tension Timeline;32,087;17
Harmonic Tension Timeline;32,099;17
Harmonic Tension Timeline;32,099;23
Harmonic Tension Timeline;32,157;23
Harmonic Tension Timeline;32,157;11
Harmonic Tension Timeline;32,157;23
Harmonic Tension Timeline;32,192;23
Harmonic Tension Timeline;32,192;36
Harmonic Tension Timeline;32,239;36
Harmonic Tension Timeline;32,239;20
Harmonic Tension Timeline;32,239;29
Harmonic Tension Timeline;32,239;49
Harmonic Tension Timeline;32,250;49
Harmonic Tension Timeline;32,250;36
Harmonic Tension Timeline;32,261;36
Harmonic Tension Timeline;32,261;16
Harmonic Tension Timeline;32,273;16
Harmonic Tension Timeline;32,273;8
Harmonic Tension Timeline;32,273;16
Harmonic Tension Timeline;32,296;16
Harmonic Tension Timeline;32,296;26
Harmonic Tension Timeline;32,377;26
Harmonic Tension Timeline;32,377;16
Harmonic Tension Timeline;32,377;26
Harmonic Tension Timeline;32,378;26
Harmonic Tension Timeline;32,378;18
Harmonic Tension Timeline;32,401;18
Harmonic Tension Timeline;32,401;10
Harmonic Tension Timeline;32,413;10
Harmonic Tension Timeline;32,413;6
Harmonic Tension Timeline;32,447;6
Harmonic Tension Timeline;32,447;0
Harmonic Tension Timeline;32,447;6
Harmonic Tension Timeline;32,517;6
Harmonic Tension Timeline;32,517;0
Harmonic Tension Timeline;32,517;3
Harmonic Tension Timeline;32,540;3
Harmonic Tension Timeline;32,540;0
Harmonic Tension Timeline;32,540;3
Harmonic Tension Timeline;32,541;3
Harmonic Tension Timeline;32,541;0
Harmonic Tension Timeline;32,552;0
Harmonic Tension Timeline;32,552;0
Harmonic Tension Timeline;32,564;0
Harmonic Tension Timeline;32,564;0
Harmonic Tension Timeline;32,622;0
Harmonic Tension Timeline;32,622;0
Harmonic Tension Timeline;32,622;14
Harmonic Tension Timeline;32,656;14
Harmonic Tension Timeline;32,656;32
Harmonic Tension Timeline;32,691;32
Harmonic Tension Timeline;32,691;27
Harmonic Tension Timeline;32,691;46
Harmonic Tension Timeline;32,703;46
Harmonic Tension Timeline;32,703;54
Harmonic Tension Timeline;32,703;72
Harmonic Tension Timeline;32,726;72
Harmonic Tension Timeline;32,726;54
Harmonic Tension Timeline;32,737;54
Harmonic Tension Timeline;32,737;36
Harmonic Tension Timeline;32,807;36
Harmonic Tension Timeline;32,807;26
Harmonic Tension Timeline;32,830;26
Harmonic Tension Timeline;32,830;16
Harmonic Tension Timeline;32,830;9
Harmonic Tension Timeline;32,923;9
Harmonic Tension Timeline;32,923;29
Harmonic Tension Timeline;33,051;29
Harmonic Tension Timeline;33,051;20
Harmonic Tension Timeline;33,051;29
Harmonic Tension Timeline;33,051;40
Harmonic Tension Timeline;33,074;40
Harmonic Tension Timeline;33,074;15
Harmonic Tension Timeline;33,074;40
Harmonic Tension Timeline;33,085;40
Harmonic Tension Timeline;33,085;61
Harmonic Tension Timeline;33,097;61
Harmonic Tension Timeline;33,097;86
Harmonic Tension Timeline;33,191;86
Harmonic Tension Timeline;33,191;69
Harmonic Tension Timeline;33,214;69
Harmonic Tension Timeline;33,214;57
Harmonic Tension Timeline;33,214;69
Harmonic Tension Timeline;33,388;69
Harmonic Tension Timeline;33,388;46
Harmonic Tension Timeline;33,399;46
Harmonic Tension Timeline;33,399;18
Harmonic Tension Timeline;33,399;26
Harmonic Tension Timeline;33,399;42
Harmonic Tension Timeline;33,457;42
Harmonic Tension Timeline;33,457;27
Harmonic Tension Timeline;33,480;27
Harmonic Tension Timeline;33,480;12
Harmonic Tension Timeline;33,550;12
Harmonic Tension Timeline;33,550;10
Harmonic Tension Timeline;33,550;12
Harmonic Tension Timeline;33,561;12
Harmonic Tension Timeline;33,561;0
Harmonic Tension Timeline;33,561;0
Harmonic Tension Timeline;33,561;0
Harmonic Tension Timeline;33,561;9
Harmonic Tension Timeline;33,561;19
Harmonic Tension Timeline;33,561;29
Harmonic Tension Timeline;33,643;29
Harmonic Tension Timeline;33,643;19
Harmonic Tension Timeline;33,643;9
Harmonic Tension Timeline;33,643;19
Harmonic Tension Timeline;33,654;19
Harmonic Tension Timeline;33,654;14
Harmonic Tension Timeline;33,654;24
Harmonic Tension Timeline;33,654;37
Harmonic Tension Timeline;33,712;37
Harmonic Tension Timeline;33,712;18
Harmonic Tension Timeline;33,712;37
Harmonic Tension Timeline;33,724;37
Harmonic Tension Timeline;33,724;30
Harmonic Tension Timeline;33,724;37
Harmonic Tension Timeline;33,758;37
Harmonic Tension Timeline;33,758;19
Harmonic Tension Timeline;33,911;19
Harmonic Tension Timeline;33,911;69
Harmonic Tension Timeline;34,004;69
Harmonic Tension Timeline;34,004;54
Harmonic Tension Timeline;34,017;54
Harmonic Tension Timeline;34,017;37
Harmonic Tension Timeline;34,027;37
Harmonic Tension Timeline;34,027;4
Harmonic Tension Timeline;34,050;4
Harmonic Tension Timeline;34,050;0
Harmonic Tension Timeline;34,050;0
Harmonic Tension Timeline;34,051;0
Harmonic Tension Timeline;34,051;0
Harmonic Tension Timeline;34,051;4
Harmonic Tension Timeline;34,097;4
Harmonic Tension Timeline;34,097;16
Harmonic Tension Timeline;34,167;16
Harmonic Tension Timeline;34,167;6
Harmonic Tension Timeline;34,212;6
Harmonic Tension Timeline;34,212;3
Harmonic Tension Timeline;34,214;3
Harmonic Tension Timeline;34,214;6
Harmonic Tension Timeline;34,271;6
Harmonic Tension Timeline;34,271;0
Harmonic Tension Timeline;34,283;0
Harmonic Tension Timeline;34,283;0
Harmonic Tension Timeline;34,283;0
Harmonic Tension Timeline;34,376;0
Harmonic Tension Timeline;34,376;6
Harmonic Tension Timeline;34,457;6
Harmonic Tension Timeline;34,457;3
Harmonic Tension Timeline;34,457;0
Harmonic Tension Timeline;34,492;0
Harmonic Tension Timeline;34,492;10
Harmonic Tension Timeline;34,492;22
Harmonic Tension Timeline;34,527;22
Harmonic Tension Timeline;34,527;0
Harmonic Tension Timeline;34,550;0
Harmonic Tension Timeline;34,550;0
Harmonic Tension Timeline;34,561;0
Harmonic Tension Timeline;34,561;12
Harmonic Tension Timeline;34,561;18
Harmonic Tension Timeline;34,584;18
Harmonic Tension Timeline;34,584;14
Harmonic Tension Timeline;34,584;4
Harmonic Tension Timeline;34,584;14
Harmonic Tension Timeline;34,596;14
Harmonic Tension Timeline;34,596;18
Harmonic Tension Timeline;34,690;18
Harmonic Tension Timeline;34,690;37
Harmonic Tension Timeline;34,711;37
Harmonic Tension Timeline;34,711;30
Harmonic Tension Timeline;34,712;30
Harmonic Tension Timeline;34,712;37
Harmonic Tension Timeline;34,724;37
Harmonic Tension Timeline;34,724;19
Harmonic Tension Timeline;34,828;19
Harmonic Tension Timeline;34,828;14
Harmonic Tension Timeline;34,875;14
Harmonic Tension Timeline;34,875;6
Harmonic Tension Timeline;34,898;6
Harmonic Tension Timeline;34,898;3
Harmonic Tension Timeline;34,898;6
Harmonic Tension Timeline;34,945;6
Harmonic Tension Timeline;34,945;11
Harmonic Tension Timeline;34,956;11
Harmonic Tension Timeline;34,956;14
Harmonic Tension Timeline;34,968;14
Harmonic Tension Timeline;34,968;0
Harmonic Tension Timeline;35,049;0
Harmonic Tension Timeline;35,049;0
Harmonic Tension Timeline;35,049;0
Harmonic Tension Timeline;35,049;14
Harmonic Tension Timeline;35,049;22
Harmonic Tension Timeline;35,096;22
Harmonic Tension Timeline;35,096;48
Harmonic Tension Timeline;35,096;76
Harmonic Tension Timeline;35,189;76
Harmonic Tension Timeline;35,189;56
Harmonic Tension Timeline;35,189;44
Harmonic Tension Timeline;35,223;44
Harmonic Tension Timeline;35,223;12
Harmonic Tension Timeline;35,223;44
Harmonic Tension Timeline;35,224;44
Harmonic Tension Timeline;35,224;12
Harmonic Tension Timeline;35,234;12
Harmonic Tension Timeline;35,234;26
Harmonic Tension Timeline;35,270;26
Harmonic Tension Timeline;35,270;20
Harmonic Tension Timeline;35,398;20
Harmonic Tension Timeline;35,398;12
Harmonic Tension Timeline;35,421;12
Harmonic Tension Timeline;35,421;34
Harmonic Tension Timeline;35,421;48
Harmonic Tension Timeline;35,432;48
Harmonic Tension Timeline;35,432;70
Harmonic Tension Timeline;35,491;70
Harmonic Tension Timeline;35,491;58
Harmonic Tension Timeline;35,502;58
Harmonic Tension Timeline;35,502;37
Harmonic Tension Timeline;35,513;37
Harmonic Tension Timeline;35,513;18
Harmonic Tension Timeline;35,548;18
Harmonic Tension Timeline;35,548;10
Harmonic Tension Timeline;35,549;10
Harmonic Tension Timeline;35,549;8
Harmonic Tension Timeline;35,560;8
Harmonic Tension Timeline;35,560;16
Harmonic Tension Timeline;35,560;26
Harmonic Tension Timeline;35,560;30
Harmonic Tension Timeline;35,734;30
Harmonic Tension Timeline;35,734;52
Harmonic Tension Timeline;35,758;52
Harmonic Tension Timeline;35,758;61
Harmonic Tension Timeline;35,864;61
Harmonic Tension Timeline;35,864;43
Harmonic Tension Timeline;35,886;43
Harmonic Tension Timeline;35,886;64
Harmonic Tension Timeline;36,015;64
Harmonic Tension Timeline;36,015;32
Harmonic Tension Timeline;36,038;32
Harmonic Tension Timeline;36,038;14
Harmonic Tension Timeline;36,049;14
Harmonic Tension Timeline;36,049;0
Harmonic Tension Timeline;36,049;14
Harmonic Tension Timeline;36,060;14
Harmonic Tension Timeline;36,060;12
Harmonic Tension Timeline;36,060;14
Harmonic Tension Timeline;36,096;14
Harmonic Tension Timeline;36,096;6
Harmonic Tension Timeline;36,107;6
Harmonic Tension Timeline;36,107;4
Harmonic Tension Timeline;36,107;6
Harmonic Tension Timeline;36,119;6
Harmonic Tension Timeline;36,119;21
Harmonic Tension Timeline;36,165;21
Harmonic Tension Timeline;36,165;9
Harmonic Tension Timeline;36,176;9
Harmonic Tension Timeline;36,176;6
Harmonic Tension Timeline;36,189;6
Harmonic Tension Timeline;36,189;9
Harmonic Tension Timeline;36,257;9
Harmonic Tension Timeline;36,257;6
Harmonic Tension Timeline;36,258;6
Harmonic Tension Timeline;36,258;9
Harmonic Tension Timeline;36,293;9
Harmonic Tension Timeline;36,293;0
Harmonic Tension Timeline;36,327;0
Harmonic Tension Timeline;36,327;0
Harmonic Tension Timeline;36,327;0
Harmonic Tension Timeline;36,328;0
Harmonic Tension Timeline;36,328;0
Harmonic Tension Timeline;36,432;0
Harmonic Tension Timeline;36,432;4
Harmonic Tension Timeline;36,490;4
Harmonic Tension Timeline;36,490;32
Harmonic Tension Timeline;36,491;32
Harmonic Tension Timeline;36,491;20
Harmonic Tension Timeline;36,502;20
Harmonic Tension Timeline;36,502;10
Harmonic Tension Timeline;36,536;10
Harmonic Tension Timeline;36,536;0
Harmonic Tension Timeline;36,559;0
Harmonic Tension Timeline;36,559;0
Harmonic Tension Timeline;36,583;0
Harmonic Tension Timeline;36,583;6
Harmonic Tension Timeline;36,583;12
Harmonic Tension Timeline;36,629;12
Harmonic Tension Timeline;36,629;6
Harmonic Tension Timeline;36,629;12
Harmonic Tension Timeline;36,629;20
Harmonic Tension Timeline;36,734;20
Harmonic Tension Timeline;36,734;11
Harmonic Tension Timeline;36,734;20
Harmonic Tension Timeline;36,769;20
Harmonic Tension Timeline;36,769;14
Harmonic Tension Timeline;36,769;20
Harmonic Tension Timeline;36,792;20
Harmonic Tension Timeline;36,792;29
Harmonic Tension Timeline;36,873;29
Harmonic Tension Timeline;36,873;59
Harmonic Tension Timeline;36,873;76
Harmonic Tension Timeline;36,873;106
Harmonic Tension Timeline;36,920;106
Harmonic Tension Timeline;36,920;82
Harmonic Tension Timeline;36,931;82
Harmonic Tension Timeline;36,931;58
Harmonic Tension Timeline;37,047;58
Harmonic Tension Timeline;37,047;48
Harmonic Tension Timeline;37,059;48
Harmonic Tension Timeline;37,059;32
Harmonic Tension Timeline;37,059;48
Harmonic Tension Timeline;37,094;48
Harmonic Tension Timeline;37,094;26
Harmonic Tension Timeline;37,117;26
Harmonic Tension Timeline;37,117;42
Harmonic Tension Timeline;37,128;42
Harmonic Tension Timeline;37,128;34
Harmonic Tension Timeline;37,164;34
Harmonic Tension Timeline;37,164;22
Harmonic Tension Timeline;37,164;34
Harmonic Tension Timeline;37,209;34
Harmonic Tension Timeline;37,209;18
Harmonic Tension Timeline;37,209;34
Harmonic Tension Timeline;37,221;34
Harmonic Tension Timeline;37,221;14
Harmonic Tension Timeline;37,222;14
Harmonic Tension Timeline;37,222;34
Harmonic Tension Timeline;37,349;34
Harmonic Tension Timeline;37,349;42
Harmonic Tension Timeline;37,373;42
Harmonic Tension Timeline;37,373;20
Harmonic Tension Timeline;37,384;20
Harmonic Tension Timeline;37,384;50
Harmonic Tension Timeline;37,384;72
Harmonic Tension Timeline;37,406;72
Harmonic Tension Timeline;37,406;48
Harmonic Tension Timeline;37,466;48
Harmonic Tension Timeline;37,466;34
Harmonic Tension Timeline;37,477;34
Harmonic Tension Timeline;37,477;22
Harmonic Tension Timeline;37,477;34
Harmonic Tension Timeline;37,546;34
Harmonic Tension Timeline;37,546;20
Harmonic Tension Timeline;37,547;20
Harmonic Tension Timeline;37,547;28
Harmonic Tension Timeline;37,558;28
Harmonic Tension Timeline;37,558;42
Harmonic Tension Timeline;37,640;42
Harmonic Tension Timeline;37,640;18
Harmonic Tension Timeline;37,663;18
Harmonic Tension Timeline;37,663;9
Harmonic Tension Timeline;37,663;18
Harmonic Tension Timeline;37,674;18
Harmonic Tension Timeline;37,674;9
Harmonic Tension Timeline;37,674;18
Harmonic Tension Timeline;37,675;18
Harmonic Tension Timeline;37,675;9
Harmonic Tension Timeline;37,721;9
Harmonic Tension Timeline;37,721;21
Harmonic Tension Timeline;37,732;21
Harmonic Tension Timeline;37,732;16
Harmonic Tension Timeline;37,732;21
Harmonic Tension Timeline;37,745;21
Harmonic Tension Timeline;37,745;16
Harmonic Tension Timeline;37,745;21
Harmonic Tension Timeline;37,746;21
Harmonic Tension Timeline;37,746;16
Harmonic Tension Timeline;37,815;16
Harmonic Tension Timeline;37,815;6
Harmonic Tension Timeline;37,884;6
Harmonic Tension Timeline;37,884;3
Harmonic Tension Timeline;37,884;11
Harmonic Tension Timeline;37,884;22
Harmonic Tension Timeline;37,884;32
Harmonic Tension Timeline;37,977;32
Harmonic Tension Timeline;37,977;48
Harmonic Tension Timeline;38,035;48
Harmonic Tension Timeline;38,035;32
Harmonic Tension Timeline;38,035;48
Harmonic Tension Timeline;38,070;48
Harmonic Tension Timeline;38,070;30
Harmonic Tension Timeline;38,070;48
Harmonic Tension Timeline;38,094;48
Harmonic Tension Timeline;38,094;72
Harmonic Tension Timeline;38,151;72
Harmonic Tension Timeline;38,151;42
Harmonic Tension Timeline;38,221;42
Harmonic Tension Timeline;38,221;20
Harmonic Tension Timeline;38,221;42
Harmonic Tension Timeline;38,279;42
Harmonic Tension Timeline;38,279;27
Harmonic Tension Timeline;38,279;42
Harmonic Tension Timeline;38,302;42
Harmonic Tension Timeline;38,302;34
Harmonic Tension Timeline;38,349;34
Harmonic Tension Timeline;38,349;56
Harmonic Tension Timeline;38,383;56
Harmonic Tension Timeline;38,383;38
Harmonic Tension Timeline;38,383;56
Harmonic Tension Timeline;38,395;56
Harmonic Tension Timeline;38,395;36
Harmonic Tension Timeline;38,396;36
Harmonic Tension Timeline;38,396;56
Harmonic Tension Timeline;38,407;56
Harmonic Tension Timeline;38,407;32
Harmonic Tension Timeline;38,500;32
Harmonic Tension Timeline;38,500;48
Harmonic Tension Timeline;38,524;48
Harmonic Tension Timeline;38,524;34
Harmonic Tension Timeline;38,534;34
Harmonic Tension Timeline;38,534;22
Harmonic Tension Timeline;38,546;22
Harmonic Tension Timeline;38,546;17
Harmonic Tension Timeline;38,546;22
Harmonic Tension Timeline;38,547;22
Harmonic Tension Timeline;38,547;17
Harmonic Tension Timeline;38,593;17
Harmonic Tension Timeline;38,593;22
Harmonic Tension Timeline;38,604;22
Harmonic Tension Timeline;38,604;11
Harmonic Tension Timeline;38,616;11
Harmonic Tension Timeline;38,616;16
Harmonic Tension Timeline;38,616;58
Harmonic Tension Timeline;38,685;58
Harmonic Tension Timeline;38,685;38
Harmonic Tension Timeline;38,755;38
Harmonic Tension Timeline;38,755;6
Harmonic Tension Timeline;38,755;38
Harmonic Tension Timeline;38,755;70
Harmonic Tension Timeline;38,790;70
Harmonic Tension Timeline;38,790;51
Harmonic Tension Timeline;38,825;51
Harmonic Tension Timeline;38,825;27
Harmonic Tension Timeline;38,825;51
Harmonic Tension Timeline;38,836;51
Harmonic Tension Timeline;38,836;27
Harmonic Tension Timeline;38,836;51
Harmonic Tension Timeline;38,848;51
Harmonic Tension Timeline;38,848;70
Harmonic Tension Timeline;38,883;70
Harmonic Tension Timeline;38,883;106
Harmonic Tension Timeline;38,965;106
Harmonic Tension Timeline;38,965;64
Harmonic Tension Timeline;38,965;22
Harmonic Tension Timeline;38,965;64
Harmonic Tension Timeline;39,046;64
Harmonic Tension Timeline;39,046;85
Harmonic Tension Timeline;39,069;85
Harmonic Tension Timeline;39,069;35
Harmonic Tension Timeline;39,069;85
Harmonic Tension Timeline;39,104;85
Harmonic Tension Timeline;39,104;51
Harmonic Tension Timeline;39,184;51
Harmonic Tension Timeline;39,184;11
Harmonic Tension Timeline;39,184;51
Harmonic Tension Timeline;39,208;51
Harmonic Tension Timeline;39,208;40
Harmonic Tension Timeline;39,220;40
Harmonic Tension Timeline;39,220;51
Harmonic Tension Timeline;39,220;77
Harmonic Tension Timeline;39,313;77
Harmonic Tension Timeline;39,313;51
Harmonic Tension Timeline;39,347;51
Harmonic Tension Timeline;39,347;11
Harmonic Tension Timeline;39,347;51
Harmonic Tension Timeline;39,371;51
Harmonic Tension Timeline;39,371;62
Harmonic Tension Timeline;39,382;62
Harmonic Tension Timeline;39,382;90
Harmonic Tension Timeline;39,394;90
Harmonic Tension Timeline;39,394;126
Harmonic Tension Timeline;39,441;126
Harmonic Tension Timeline;39,441;97
Harmonic Tension Timeline;39,475;97
Harmonic Tension Timeline;39,475;37
Harmonic Tension Timeline;39,475;97
Harmonic Tension Timeline;39,486;97
Harmonic Tension Timeline;39,486;77
Harmonic Tension Timeline;39,556;77
Harmonic Tension Timeline;39,556;64
Harmonic Tension Timeline;39,556;22
Harmonic Tension Timeline;39,556;64
Harmonic Tension Timeline;39,568;64
Harmonic Tension Timeline;39,568;45
Harmonic Tension Timeline;39,568;58
Harmonic Tension Timeline;39,568;77
Harmonic Tension Timeline;39,591;77
Harmonic Tension Timeline;39,591;64
Harmonic Tension Timeline;39,592;64
Harmonic Tension Timeline;39,592;77
Harmonic Tension Timeline;39,638;77
Harmonic Tension Timeline;39,638;49
Harmonic Tension Timeline;39,755;49
Harmonic Tension Timeline;39,755;9
Harmonic Tension Timeline;39,755;49
Harmonic Tension Timeline;39,906;49
Harmonic Tension Timeline;39,906;77
Harmonic Tension Timeline;40,046;77
Harmonic Tension Timeline;40,046;49
Harmonic Tension Timeline;40,057;49
Harmonic Tension Timeline;40,057;62
Harmonic Tension Timeline;40,079;62
Harmonic Tension Timeline;40,079;32
Harmonic Tension Timeline;40,103;32
Harmonic Tension Timeline;40,103;0
Harmonic Tension Timeline;40,103;32
Harmonic Tension Timeline;40,174;32
Harmonic Tension Timeline;40,174;24
Harmonic Tension Timeline;40,207;24
Harmonic Tension Timeline;40,207;58
Harmonic Tension Timeline;40,220;58
Harmonic Tension Timeline;40,220;80
Harmonic Tension Timeline;40,243;80
Harmonic Tension Timeline;40,243;108
Harmonic Tension Timeline;40,301;108
Harmonic Tension Timeline;40,301;86
Harmonic Tension Timeline;40,311;86
Harmonic Tension Timeline;40,311;52
Harmonic Tension Timeline;40,313;52
Harmonic Tension Timeline;40,313;86
Harmonic Tension Timeline;40,358;86
Harmonic Tension Timeline;40,358;42
Harmonic Tension Timeline;40,358;86
Harmonic Tension Timeline;40,382;86
Harmonic Tension Timeline;40,382;108
Harmonic Tension Timeline;40,417;108
Harmonic Tension Timeline;40,417;82
Harmonic Tension Timeline;40,417;62
Harmonic Tension Timeline;40,452;62
Harmonic Tension Timeline;40,452;36
Harmonic Tension Timeline;40,452;16
Harmonic Tension Timeline;40,486;16
Harmonic Tension Timeline;40,486;0
Harmonic Tension Timeline;40,499;0
Harmonic Tension Timeline;40,499;0
Harmonic Tension Timeline;40,509;0
Harmonic Tension Timeline;40,509;0
Harmonic Tension Timeline;40,509;4
Harmonic Tension Timeline;40,591;4
Harmonic Tension Timeline;40,591;2
Harmonic Tension Timeline;40,591;4
Harmonic Tension Timeline;40,602;4
Harmonic Tension Timeline;40,602;0
Harmonic Tension Timeline;40,602;24
Harmonic Tension Timeline;40,602;34
Harmonic Tension Timeline;40,649;34
Harmonic Tension Timeline;40,649;64
Harmonic Tension Timeline;40,660;64
Harmonic Tension Timeline;40,660;38
Harmonic Tension Timeline;40,672;38
Harmonic Tension Timeline;40,672;73
Harmonic Tension Timeline;40,672;91
Harmonic Tension Timeline;40,683;91
Harmonic Tension Timeline;40,683;53
Harmonic Tension Timeline;40,683;91
Harmonic Tension Timeline;40,719;91
Harmonic Tension Timeline;40,719;109
Harmonic Tension Timeline;40,800;109
Harmonic Tension Timeline;40,800;65
Harmonic Tension Timeline;40,847;65
Harmonic Tension Timeline;40,847;53
Harmonic Tension Timeline;40,893;53
Harmonic Tension Timeline;40,893;41
Harmonic Tension Timeline;40,893;53
Harmonic Tension Timeline;41,044;53
Harmonic Tension Timeline;41,044;80
Harmonic Tension Timeline;41,055;80
Harmonic Tension Timeline;41,055;102
Harmonic Tension Timeline;41,055;132
Harmonic Tension Timeline;41,114;132
Harmonic Tension Timeline;41,114;99
Harmonic Tension Timeline;41,182;99
Harmonic Tension Timeline;41,182;80
Harmonic Tension Timeline;41,218;80
Harmonic Tension Timeline;41,218;61
Harmonic Tension Timeline;41,229;61
Harmonic Tension Timeline;41,229;34
Harmonic Tension Timeline;41,229;53
Harmonic Tension Timeline;41,229;80
Harmonic Tension Timeline;41,241;80
Harmonic Tension Timeline;41,241;60
Harmonic Tension Timeline;41,241;80
Harmonic Tension Timeline;41,276;80
Harmonic Tension Timeline;41,276;130
Harmonic Tension Timeline;41,345;130
Harmonic Tension Timeline;41,345;99
Harmonic Tension Timeline;41,346;99
Harmonic Tension Timeline;41,346;150
Harmonic Tension Timeline;41,392;150
Harmonic Tension Timeline;41,392;94
Harmonic Tension Timeline;41,392;150
Harmonic Tension Timeline;41,450;150
Harmonic Tension Timeline;41,450;99
Harmonic Tension Timeline;41,543;99
Harmonic Tension Timeline;41,543;81
Harmonic Tension Timeline;41,543;49
Harmonic Tension Timeline;41,566;49
Harmonic Tension Timeline;41,566;24
Harmonic Tension Timeline;41,567;24
Harmonic Tension Timeline;41,567;49
Harmonic Tension Timeline;41,577;49
Harmonic Tension Timeline;41,577;26
Harmonic Tension Timeline;41,578;26
Harmonic Tension Timeline;41,578;49
Harmonic Tension Timeline;41,601;49
Harmonic Tension Timeline;41,601;31
Harmonic Tension Timeline;41,601;57
Harmonic Tension Timeline;41,601;81
Harmonic Tension Timeline;41,624;81
Harmonic Tension Timeline;41,624;110
Harmonic Tension Timeline;41,636;110
Harmonic Tension Timeline;41,636;73
Harmonic Tension Timeline;41,719;73
Harmonic Tension Timeline;41,719;110
Harmonic Tension Timeline;41,753;110
Harmonic Tension Timeline;41,753;152
Harmonic Tension Timeline;41,765;152
Harmonic Tension Timeline;41,765;178
Harmonic Tension Timeline;41,789;178
Harmonic Tension Timeline;41,789;127
Harmonic Tension Timeline;41,881;127
Harmonic Tension Timeline;41,881;103
Harmonic Tension Timeline;41,881;127
Harmonic Tension Timeline;41,904;127
Harmonic Tension Timeline;41,904;74
Harmonic Tension Timeline;42,043;74
Harmonic Tension Timeline;42,043;54
Harmonic Tension Timeline;42,044;54
Harmonic Tension Timeline;42,044;103
Harmonic Tension Timeline;42,055;103
Harmonic Tension Timeline;42,055;152
Harmonic Tension Timeline;42,218;152
Harmonic Tension Timeline;42,218;120
Harmonic Tension Timeline;42,218;152
Harmonic Tension Timeline;42,229;152
Harmonic Tension Timeline;42,229;193
Harmonic Tension Timeline;42,252;193
Harmonic Tension Timeline;42,252;154
Harmonic Tension Timeline;42,288;154
Harmonic Tension Timeline;42,288;110
Harmonic Tension Timeline;42,357;110
Harmonic Tension Timeline;42,357;73
Harmonic Tension Timeline;42,426;73
Harmonic Tension Timeline;42,426;41
Harmonic Tension Timeline;42,427;41
Harmonic Tension Timeline;42,427;9
Harmonic Tension Timeline;42,427;3
Harmonic Tension Timeline;42,566;3
Harmonic Tension Timeline;42,566;0
Harmonic Tension Timeline;42,612;0
Harmonic Tension Timeline;42,612;5
Harmonic Tension Timeline;42,671;5
Harmonic Tension Timeline;42,671;31
Harmonic Tension Timeline;42,740;31
Harmonic Tension Timeline;42,740;46
Harmonic Tension Timeline;42,764;46
Harmonic Tension Timeline;42,764;61
Harmonic Tension Timeline;42,821;61
Harmonic Tension Timeline;42,821;44
Harmonic Tension Timeline;42,821;61
Harmonic Tension Timeline;42,822;61
Harmonic Tension Timeline;42,822;44
Harmonic Tension Timeline;42,914;44
Harmonic Tension Timeline;42,914;29
Harmonic Tension Timeline;42,915;29
Harmonic Tension Timeline;42,915;41
Harmonic Tension Timeline;43,053;41
Harmonic Tension Timeline;43,053;66
Harmonic Tension Timeline;43,123;66
Harmonic Tension Timeline;43,123;83
Harmonic Tension Timeline;43,216;83
Harmonic Tension Timeline;43,216;66
Harmonic Tension Timeline;43,228;66
Harmonic Tension Timeline;43,228;46
Harmonic Tension Timeline;43,228;61
Harmonic Tension Timeline;43,228;83
Harmonic Tension Timeline;43,355;83
Harmonic Tension Timeline;43,355;66
Harmonic Tension Timeline;43,391;66
Harmonic Tension Timeline;43,391;110
Harmonic Tension Timeline;43,506;110
Harmonic Tension Timeline;43,506;81
Harmonic Tension Timeline;43,506;108
Harmonic Tension Timeline;43,553;108
Harmonic Tension Timeline;43,553;82
Harmonic Tension Timeline;43,565;82
Harmonic Tension Timeline;43,565;46
Harmonic Tension Timeline;43,576;46
Harmonic Tension Timeline;43,576;24
Harmonic Tension Timeline;43,576;12
Harmonic Tension Timeline;43,576;29
Harmonic Tension Timeline;43,576;46
Harmonic Tension Timeline;43,599;46
Harmonic Tension Timeline;43,599;66
Harmonic Tension Timeline;43,646;66
Harmonic Tension Timeline;43,646;83
Harmonic Tension Timeline;43,680;83
Harmonic Tension Timeline;43,680;137
Harmonic Tension Timeline;43,740;137
Harmonic Tension Timeline;43,740;109
Harmonic Tension Timeline;43,868;109
Harmonic Tension Timeline;43,868;84
Harmonic Tension Timeline;43,868;120
Harmonic Tension Timeline;43,891;120
Harmonic Tension Timeline;43,891;79
Harmonic Tension Timeline;43,891;120
Harmonic Tension Timeline;43,902;120
Harmonic Tension Timeline;43,902;152
Harmonic Tension Timeline;43,972;152
Harmonic Tension Timeline;43,972;103
Harmonic Tension Timeline;43,972;79
Harmonic Tension Timeline;43,972;120
Harmonic Tension Timeline;44,042;120
Harmonic Tension Timeline;44,042;70
Harmonic Tension Timeline;44,042;120
Harmonic Tension Timeline;44,042;168
Harmonic Tension Timeline;44,077;168
Harmonic Tension Timeline;44,077;116
Harmonic Tension Timeline;44,087;116
Harmonic Tension Timeline;44,087;64
Harmonic Tension Timeline;44,111;64
Harmonic Tension Timeline;44,111;44
Harmonic Tension Timeline;44,111;64
Harmonic Tension Timeline;44,181;64
Harmonic Tension Timeline;44,181;14
Harmonic Tension Timeline;44,227;14
Harmonic Tension Timeline;44,227;8
Harmonic Tension Timeline;44,239;8
Harmonic Tension Timeline;44,239;30
Harmonic Tension Timeline;44,239;41
Harmonic Tension Timeline;44,239;57
Harmonic Tension Timeline;44,251;57
Harmonic Tension Timeline;44,251;67
Harmonic Tension Timeline;44,332;67
Harmonic Tension Timeline;44,332;42
Harmonic Tension Timeline;44,354;42
Harmonic Tension Timeline;44,354;30
Harmonic Tension Timeline;44,401;30
Harmonic Tension Timeline;44,401;20
Harmonic Tension Timeline;44,448;20
Harmonic Tension Timeline;44,448;4
Harmonic Tension Timeline;44,483;4
Harmonic Tension Timeline;44,483;0
Harmonic Tension Timeline;44,483;4
Harmonic Tension Timeline;44,541;4
Harmonic Tension Timeline;44,541;22
Harmonic Tension Timeline;44,552;22
Harmonic Tension Timeline;44,552;49
Harmonic Tension Timeline;44,553;49
Harmonic Tension Timeline;44,553;41
Harmonic Tension Timeline;44,564;41
Harmonic Tension Timeline;44,564;27
Harmonic Tension Timeline;44,565;27
Harmonic Tension Timeline;44,565;41
Harmonic Tension Timeline;44,622;41
Harmonic Tension Timeline;44,622;60
Harmonic Tension Timeline;44,820;60
Harmonic Tension Timeline;44,820;72
Harmonic Tension Timeline;44,866;72
Harmonic Tension Timeline;44,866;49
Harmonic Tension Timeline;44,901;49
Harmonic Tension Timeline;44,901;72
Harmonic Tension Timeline;44,913;72
Harmonic Tension Timeline;44,913;110
Harmonic Tension Timeline;44,925;110
Harmonic Tension Timeline;44,925;62
Harmonic Tension Timeline;44,935;62
Harmonic Tension Timeline;44,935;44
Harmonic Tension Timeline;44,935;28
Harmonic Tension Timeline;44,935;44
Harmonic Tension Timeline;45,028;44
Harmonic Tension Timeline;45,028;26
Harmonic Tension Timeline;45,028;44
Harmonic Tension Timeline;45,051;44
Harmonic Tension Timeline;45,051;28
Harmonic Tension Timeline;45,052;28
Harmonic Tension Timeline;45,052;17
Harmonic Tension Timeline;45,052;30
Harmonic Tension Timeline;45,075;30
Harmonic Tension Timeline;45,075;44
Harmonic Tension Timeline;45,122;44
Harmonic Tension Timeline;45,122;24
Harmonic Tension Timeline;45,122;44
Harmonic Tension Timeline;45,215;44
Harmonic Tension Timeline;45,215;24
Harmonic Tension Timeline;45,215;44
Harmonic Tension Timeline;45,226;44
Harmonic Tension Timeline;45,226;29
Harmonic Tension Timeline;45,226;44
Harmonic Tension Timeline;45,260;44
Harmonic Tension Timeline;45,260;62
Harmonic Tension Timeline;45,330;62
Harmonic Tension Timeline;45,330;44
Harmonic Tension Timeline;45,389;44
Harmonic Tension Timeline;45,389;23
Harmonic Tension Timeline;45,389;8
Harmonic Tension Timeline;45,389;23
Harmonic Tension Timeline;45,389;44
Harmonic Tension Timeline;45,400;44
Harmonic Tension Timeline;45,400;30
Harmonic Tension Timeline;45,551;30
Harmonic Tension Timeline;45,551;17
Harmonic Tension Timeline;45,551;30
Harmonic Tension Timeline;45,563;30
Harmonic Tension Timeline;45,563;17
Harmonic Tension Timeline;45,563;26
Harmonic Tension Timeline;45,563;44
Harmonic Tension Timeline;45,574;44
Harmonic Tension Timeline;45,574;20
Harmonic Tension Timeline;45,574;44
Harmonic Tension Timeline;45,575;44
Harmonic Tension Timeline;45,575;20
Harmonic Tension Timeline;45,621;20
Harmonic Tension Timeline;45,621;30
Harmonic Tension Timeline;45,703;30
Harmonic Tension Timeline;45,703;15
Harmonic Tension Timeline;45,703;30
Harmonic Tension Timeline;45,877;30
Harmonic Tension Timeline;45,877;20
Harmonic Tension Timeline;45,877;30
Harmonic Tension Timeline;45,877;58
Harmonic Tension Timeline;45,877;72
Harmonic Tension Timeline;45,877;98
Harmonic Tension Timeline;45,935;98
Harmonic Tension Timeline;45,935;62
Harmonic Tension Timeline;45,935;98
Harmonic Tension Timeline;45,981;98
Harmonic Tension Timeline;45,981;80
Harmonic Tension Timeline;46,051;80
Harmonic Tension Timeline;46,051;55
Harmonic Tension Timeline;46,051;24
Harmonic Tension Timeline;46,051;49
Harmonic Tension Timeline;46,051;80
Harmonic Tension Timeline;46,052;80
Harmonic Tension Timeline;46,052;62
Harmonic Tension Timeline;46,063;62
Harmonic Tension Timeline;46,063;44
Harmonic Tension Timeline;46,098;44
Harmonic Tension Timeline;46,098;30
Harmonic Tension Timeline;46,098;44
Harmonic Tension Timeline;46,214;44
Harmonic Tension Timeline;46,214;23
Harmonic Tension Timeline;46,214;44
Harmonic Tension Timeline;46,226;44
Harmonic Tension Timeline;46,226;62
Harmonic Tension Timeline;46,237;62
Harmonic Tension Timeline;46,237;36
Harmonic Tension Timeline;46,237;62
Harmonic Tension Timeline;46,272;62
Harmonic Tension Timeline;46,272;44
Harmonic Tension Timeline;46,306;44
Harmonic Tension Timeline;46,306;23
Harmonic Tension Timeline;46,307;23
Harmonic Tension Timeline;46,307;44
Harmonic Tension Timeline;46,376;44
Harmonic Tension Timeline;46,376;26
Harmonic Tension Timeline;46,376;44
Harmonic Tension Timeline;46,377;44
Harmonic Tension Timeline;46,377;26
Harmonic Tension Timeline;46,388;26
Harmonic Tension Timeline;46,388;16
Harmonic Tension Timeline;46,389;16
Harmonic Tension Timeline;46,389;29
Harmonic Tension Timeline;46,389;44
Harmonic Tension Timeline;46,423;44
Harmonic Tension Timeline;46,423;30
Harmonic Tension Timeline;46,504;30
Harmonic Tension Timeline;46,504;17
Harmonic Tension Timeline;46,504;30
Harmonic Tension Timeline;46,517;30
Harmonic Tension Timeline;46,517;16
Harmonic Tension Timeline;46,563;16
Harmonic Tension Timeline;46,563;0
Harmonic Tension Timeline;46,563;16
Harmonic Tension Timeline;46,574;16
Harmonic Tension Timeline;46,574;8
Harmonic Tension Timeline;46,574;16
Harmonic Tension Timeline;46,585;16
Harmonic Tension Timeline;46,585;30
Harmonic Tension Timeline;46,585;37
Harmonic Tension Timeline;46,667;37
Harmonic Tension Timeline;46,667;30
Harmonic Tension Timeline;46,701;30
Harmonic Tension Timeline;46,701;16
Harmonic Tension Timeline;46,714;16
Harmonic Tension Timeline;46,714;0
Harmonic Tension Timeline;46,714;0
Harmonic Tension Timeline;46,714;5
Harmonic Tension Timeline;46,714;17
Harmonic Tension Timeline;46,714;30
Harmonic Tension Timeline;46,852;30
Harmonic Tension Timeline;46,852;17
Harmonic Tension Timeline;46,888;17
Harmonic Tension Timeline;46,888;26
Harmonic Tension Timeline;46,969;26
Harmonic Tension Timeline;46,969;35
Harmonic Tension Timeline;47,050;35
Harmonic Tension Timeline;47,050;14
Harmonic Tension Timeline;47,050;35
Harmonic Tension Timeline;47,050;49
Harmonic Tension Timeline;47,050;80
Harmonic Tension Timeline;47,084;80
Harmonic Tension Timeline;47,084;62
Harmonic Tension Timeline;47,120;62
Harmonic Tension Timeline;47,120;36
Harmonic Tension Timeline;47,120;24
Harmonic Tension Timeline;47,120;10
Harmonic Tension Timeline;47,120;30
Harmonic Tension Timeline;47,120;44
Harmonic Tension Timeline;47,212;44
Harmonic Tension Timeline;47,212;24
Harmonic Tension Timeline;47,212;44
Harmonic Tension Timeline;47,212;62
Harmonic Tension Timeline;47,375;62
Harmonic Tension Timeline;47,375;44
Harmonic Tension Timeline;47,375;62
Harmonic Tension Timeline;47,410;62
Harmonic Tension Timeline;47,410;44
Harmonic Tension Timeline;47,491;44
Harmonic Tension Timeline;47,491;30
Harmonic Tension Timeline;47,560;30
Harmonic Tension Timeline;47,560;17
Harmonic Tension Timeline;47,560;30
Harmonic Tension Timeline;47,573;30
Harmonic Tension Timeline;47,573;17
Harmonic Tension Timeline;47,584;17
Harmonic Tension Timeline;47,584;26
Harmonic Tension Timeline;47,642;26
Harmonic Tension Timeline;47,642;35
Harmonic Tension Timeline;47,712;35
Harmonic Tension Timeline;47,712;15
Harmonic Tension Timeline;47,712;35
Harmonic Tension Timeline;47,735;35
Harmonic Tension Timeline;47,735;26
Harmonic Tension Timeline;47,829;26
Harmonic Tension Timeline;47,829;8
Harmonic Tension Timeline;47,829;26
Harmonic Tension Timeline;47,888;26
Harmonic Tension Timeline;47,888;17
Harmonic Tension Timeline;47,888;26
Harmonic Tension Timeline;47,980;26
Harmonic Tension Timeline;47,980;8
Harmonic Tension Timeline;47,980;26
Harmonic Tension Timeline;47,980;44
Harmonic Tension Timeline;47,992;44
Harmonic Tension Timeline;47,992;62
Harmonic Tension Timeline;48,027;62
Harmonic Tension Timeline;48,027;44
Harmonic Tension Timeline;48,050;44
Harmonic Tension Timeline;48,050;23
Harmonic Tension Timeline;48,050;44
Harmonic Tension Timeline;48,061;44
Harmonic Tension Timeline;48,061;29
Harmonic Tension Timeline;48,061;17
Harmonic Tension Timeline;48,061;30
Harmonic Tension Timeline;48,061;44
Harmonic Tension Timeline;48,073;44
Harmonic Tension Timeline;48,073;62
Harmonic Tension Timeline;48,131;62
Harmonic Tension Timeline;48,131;44
Harmonic Tension Timeline;48,131;62
Harmonic Tension Timeline;48,143;62
Harmonic Tension Timeline;48,143;44
Harmonic Tension Timeline;48,166;44
Harmonic Tension Timeline;48,166;24
Harmonic Tension Timeline;48,166;44
Harmonic Tension Timeline;48,212;44
Harmonic Tension Timeline;48,212;62
Harmonic Tension Timeline;48,235;62
Harmonic Tension Timeline;48,235;44
Harmonic Tension Timeline;48,235;23
Harmonic Tension Timeline;48,235;36
Harmonic Tension Timeline;48,270;36
Harmonic Tension Timeline;48,270;20
Harmonic Tension Timeline;48,270;36
Harmonic Tension Timeline;48,270;49
Harmonic Tension Timeline;48,364;49
Harmonic Tension Timeline;48,364;80
Harmonic Tension Timeline;48,375;80
Harmonic Tension Timeline;48,375;57
Harmonic Tension Timeline;48,375;80
Harmonic Tension Timeline;48,386;80
Harmonic Tension Timeline;48,386;62
Harmonic Tension Timeline;48,398;62
Harmonic Tension Timeline;48,398;44
Harmonic Tension Timeline;48,409;44
Harmonic Tension Timeline;48,409;86
Harmonic Tension Timeline;48,445;86
Harmonic Tension Timeline;48,445;61
Harmonic Tension Timeline;48,468;61
Harmonic Tension Timeline;48,468;40
Harmonic Tension Timeline;48,479;40
Harmonic Tension Timeline;48,479;26
Harmonic Tension Timeline;48,503;26
Harmonic Tension Timeline;48,503;12
Harmonic Tension Timeline;48,549;12
Harmonic Tension Timeline;48,549;31
Harmonic Tension Timeline;48,560;31
Harmonic Tension Timeline;48,560;15
Harmonic Tension Timeline;48,560;31
Harmonic Tension Timeline;48,583;31
Harmonic Tension Timeline;48,583;47
Harmonic Tension Timeline;48,630;47
Harmonic Tension Timeline;48,630;28
Harmonic Tension Timeline;48,630;42
Harmonic Tension Timeline;48,630;63
Harmonic Tension Timeline;48,630;88
Harmonic Tension Timeline;48,653;88
Harmonic Tension Timeline;48,653;19
Harmonic Tension Timeline;48,665;19
Harmonic Tension Timeline;48,665;88
Harmonic Tension Timeline;48,688;88
Harmonic Tension Timeline;48,688;69
Harmonic Tension Timeline;48,689;69
Harmonic Tension Timeline;48,689;88
Harmonic Tension Timeline;48,757;88
Harmonic Tension Timeline;48,757;19
Harmonic Tension Timeline;48,840;19
Harmonic Tension Timeline;48,840;34
Harmonic Tension Timeline;48,851;34
Harmonic Tension Timeline;48,851;48
Harmonic Tension Timeline;48,874;48
Harmonic Tension Timeline;48,874;36
Harmonic Tension Timeline;48,874;24
Harmonic Tension Timeline;48,874;34
Harmonic Tension Timeline;48,874;46
Harmonic Tension Timeline;48,908;46
Harmonic Tension Timeline;48,908;28
Harmonic Tension Timeline;48,909;28
Harmonic Tension Timeline;48,909;8
Harmonic Tension Timeline;48,944;8
Harmonic Tension Timeline;48,944;0
Harmonic Tension Timeline;48,944;8
Harmonic Tension Timeline;49,048;8
Harmonic Tension Timeline;49,048;24
Harmonic Tension Timeline;49,059;24
Harmonic Tension Timeline;49,059;44
Harmonic Tension Timeline;49,106;44
Harmonic Tension Timeline;49,106;32
Harmonic Tension Timeline;49,106;44
Harmonic Tension Timeline;49,129;44
Harmonic Tension Timeline;49,129;22
Harmonic Tension Timeline;49,129;44
Harmonic Tension Timeline;49,222;44
Harmonic Tension Timeline;49,222;66
Harmonic Tension Timeline;49,234;66
Harmonic Tension Timeline;49,234;48
Harmonic Tension Timeline;49,234;66
Harmonic Tension Timeline;49,384;66
Harmonic Tension Timeline;49,384;48
Harmonic Tension Timeline;49,384;66
Harmonic Tension Timeline;49,385;66
Harmonic Tension Timeline;49,385;48
Harmonic Tension Timeline;49,408;48
Harmonic Tension Timeline;49,408;38
Harmonic Tension Timeline;49,408;48
Harmonic Tension Timeline;49,420;48
Harmonic Tension Timeline;49,420;29
Harmonic Tension Timeline;49,443;29
Harmonic Tension Timeline;49,443;22
Harmonic Tension Timeline;49,466;22
Harmonic Tension Timeline;49,466;8
Harmonic Tension Timeline;49,489;8
Harmonic Tension Timeline;49,489;4
Harmonic Tension Timeline;49,490;4
Harmonic Tension Timeline;49,490;8
Harmonic Tension Timeline;49,559;8
Harmonic Tension Timeline;49,559;4
Harmonic Tension Timeline;49,559;8
Harmonic Tension Timeline;49,571;8
Harmonic Tension Timeline;49,571;4
Harmonic Tension Timeline;49,571;8
Harmonic Tension Timeline;49,571;12
Harmonic Tension Timeline;49,571;22
Harmonic Tension Timeline;49,582;22
Harmonic Tension Timeline;49,582;8
Harmonic Tension Timeline;49,582;22
Harmonic Tension Timeline;49,711;22
Harmonic Tension Timeline;49,711;44
Harmonic Tension Timeline;49,781;44
Harmonic Tension Timeline;49,781;32
Harmonic Tension Timeline;49,781;52
Harmonic Tension Timeline;49,781;68
Harmonic Tension Timeline;49,874;68
Harmonic Tension Timeline;49,874;56
Harmonic Tension Timeline;49,874;68
Harmonic Tension Timeline;49,885;68
Harmonic Tension Timeline;49,885;48
Harmonic Tension Timeline;49,885;68
Harmonic Tension Timeline;49,897;68
Harmonic Tension Timeline;49,897;52
Harmonic Tension Timeline;49,897;68
Harmonic Tension Timeline;49,908;68
Harmonic Tension Timeline;49,908;46
Harmonic Tension Timeline;49,909;46
Harmonic Tension Timeline;49,909;22
Harmonic Tension Timeline;50,025;22
Harmonic Tension Timeline;50,025;18
Harmonic Tension Timeline;50,036;18
Harmonic Tension Timeline;50,036;37
Harmonic Tension Timeline;50,048;37
Harmonic Tension Timeline;50,048;19
Harmonic Tension Timeline;50,048;9
Harmonic Tension Timeline;50,048;27
Harmonic Tension Timeline;50,048;37
Harmonic Tension Timeline;50,210;37
Harmonic Tension Timeline;50,210;18
Harmonic Tension Timeline;50,233;18
Harmonic Tension Timeline;50,233;8
Harmonic Tension Timeline;50,233;18
Harmonic Tension Timeline;50,292;18
Harmonic Tension Timeline;50,292;14
Harmonic Tension Timeline;50,292;10
Harmonic Tension Timeline;50,292;12
Harmonic Tension Timeline;50,292;18
Harmonic Tension Timeline;50,384;18
Harmonic Tension Timeline;50,384;37
Harmonic Tension Timeline;50,466;37
Harmonic Tension Timeline;50,466;21
Harmonic Tension Timeline;50,466;37
Harmonic Tension Timeline;50,477;37
Harmonic Tension Timeline;50,477;18
Harmonic Tension Timeline;50,489;18
Harmonic Tension Timeline;50,489;12
Harmonic Tension Timeline;50,490;12
Harmonic Tension Timeline;50,490;10
Harmonic Tension Timeline;50,500;10
Harmonic Tension Timeline;50,500;2
Harmonic Tension Timeline;50,501;2
Harmonic Tension Timeline;50,501;20
Harmonic Tension Timeline;50,513;20
Harmonic Tension Timeline;50,513;8
Harmonic Tension Timeline;50,535;8
Harmonic Tension Timeline;50,535;0
Harmonic Tension Timeline;50,535;0
Harmonic Tension Timeline;50,547;0
Harmonic Tension Timeline;50,547;0
Harmonic Tension Timeline;50,547;6
Harmonic Tension Timeline;50,558;6
Harmonic Tension Timeline;50,558;18
Harmonic Tension Timeline;50,628;18
Harmonic Tension Timeline;50,628;14
Harmonic Tension Timeline;50,628;18
Harmonic Tension Timeline;50,629;18
Harmonic Tension Timeline;50,629;14
Harmonic Tension Timeline;50,640;14
Harmonic Tension Timeline;50,640;30
Harmonic Tension Timeline;50,652;30
Harmonic Tension Timeline;50,652;48
Harmonic Tension Timeline;50,721;48
Harmonic Tension Timeline;50,721;34
Harmonic Tension Timeline;50,802;34
Harmonic Tension Timeline;50,802;12
Harmonic Tension Timeline;50,896;12
Harmonic Tension Timeline;50,896;26
Harmonic Tension Timeline;50,965;26
Harmonic Tension Timeline;50,965;44
Harmonic Tension Timeline;51,023;44
Harmonic Tension Timeline;51,023;29
Harmonic Tension Timeline;51,058;29
Harmonic Tension Timeline;51,058;11
Harmonic Tension Timeline;51,058;29
Harmonic Tension Timeline;51,058;40
Harmonic Tension Timeline;51,070;40
Harmonic Tension Timeline;51,070;20
Harmonic Tension Timeline;51,081;20
Harmonic Tension Timeline;51,081;40
Harmonic Tension Timeline;51,150;40
Harmonic Tension Timeline;51,150;27
Harmonic Tension Timeline;51,208;27
Harmonic Tension Timeline;51,208;22
Harmonic Tension Timeline;51,221;22
Harmonic Tension Timeline;51,221;44
Harmonic Tension Timeline;51,221;62
Harmonic Tension Timeline;51,232;62
Harmonic Tension Timeline;51,232;42
Harmonic Tension Timeline;51,232;62
Harmonic Tension Timeline;51,325;62
Harmonic Tension Timeline;51,325;44
Harmonic Tension Timeline;51,325;62
Harmonic Tension Timeline;51,336;62
Harmonic Tension Timeline;51,336;42
Harmonic Tension Timeline;51,383;42
Harmonic Tension Timeline;51,383;28
Harmonic Tension Timeline;51,395;28
Harmonic Tension Timeline;51,395;42
Harmonic Tension Timeline;51,395;62
Harmonic Tension Timeline;51,418;62
Harmonic Tension Timeline;51,418;78
Harmonic Tension Timeline;51,418;108
Harmonic Tension Timeline;51,429;108
Harmonic Tension Timeline;51,429;72
Harmonic Tension Timeline;51,429;108
Harmonic Tension Timeline;51,430;108
Harmonic Tension Timeline;51,430;72
Harmonic Tension Timeline;51,442;72
Harmonic Tension Timeline;51,442;48
Harmonic Tension Timeline;51,487;48
Harmonic Tension Timeline;51,487;30
Harmonic Tension Timeline;51,499;30
Harmonic Tension Timeline;51,499;14
Harmonic Tension Timeline;51,557;14
Harmonic Tension Timeline;51,557;6
Harmonic Tension Timeline;51,557;3
Harmonic Tension Timeline;51,557;17
Harmonic Tension Timeline;51,557;23
Harmonic Tension Timeline;51,557;38
Harmonic Tension Timeline;51,569;38
Harmonic Tension Timeline;51,569;48
Harmonic Tension Timeline;51,603;48
Harmonic Tension Timeline;51,603;32
Harmonic Tension Timeline;51,603;48
Harmonic Tension Timeline;51,604;48
Harmonic Tension Timeline;51,604;32
Harmonic Tension Timeline;51,664;32
Harmonic Tension Timeline;51,664;22
Harmonic Tension Timeline;51,779;22
Harmonic Tension Timeline;51,779;10
Harmonic Tension Timeline;51,814;10
Harmonic Tension Timeline;51,814;14
Harmonic Tension Timeline;51,860;14
Harmonic Tension Timeline;51,860;4
Harmonic Tension Timeline;51,883;4
Harmonic Tension Timeline;51,883;12
Harmonic Tension Timeline;52,034;12
Harmonic Tension Timeline;52,034;0
Harmonic Tension Timeline;52,046;0
Harmonic Tension Timeline;52,046;12
Harmonic Tension Timeline;52,070;12
Harmonic Tension Timeline;52,070;27
Harmonic Tension Timeline;52,093;27
Harmonic Tension Timeline;52,093;16
Harmonic Tension Timeline;52,093;27
Harmonic Tension Timeline;52,185;27
Harmonic Tension Timeline;52,185;32
Harmonic Tension Timeline;52,208;32
Harmonic Tension Timeline;52,208;50
Harmonic Tension Timeline;52,220;50
Harmonic Tension Timeline;52,220;82
Harmonic Tension Timeline;52,220;156
Harmonic Tension Timeline;52,279;156
Harmonic Tension Timeline;52,279;120
Harmonic Tension Timeline;52,302;120
Harmonic Tension Timeline;52,302;87
Harmonic Tension Timeline;52,336;87
Harmonic Tension Timeline;52,336;68
Harmonic Tension Timeline;52,336;87
Harmonic Tension Timeline;52,359;87
Harmonic Tension Timeline;52,359;75
Harmonic Tension Timeline;52,382;75
Harmonic Tension Timeline;52,382;50
Harmonic Tension Timeline;52,382;75
Harmonic Tension Timeline;52,394;75
Harmonic Tension Timeline;52,394;55
Harmonic Tension Timeline;52,406;55
Harmonic Tension Timeline;52,406;40
Harmonic Tension Timeline;52,429;40
Harmonic Tension Timeline;52,429;25
Harmonic Tension Timeline;52,510;25
Harmonic Tension Timeline;52,510;12
Harmonic Tension Timeline;52,545;12
Harmonic Tension Timeline;52,545;24
Harmonic Tension Timeline;52,545;44
Harmonic Tension Timeline;52,557;44
Harmonic Tension Timeline;52,557;59
Harmonic Tension Timeline;52,615;59
Harmonic Tension Timeline;52,615;74
Harmonic Tension Timeline;52,615;100
Harmonic Tension Timeline;52,627;100
Harmonic Tension Timeline;52,627;32
Harmonic Tension Timeline;52,639;32
Harmonic Tension Timeline;52,639;50
Harmonic Tension Timeline;52,649;50
Harmonic Tension Timeline;52,649;32
Harmonic Tension Timeline;52,650;32
Harmonic Tension Timeline;52,650;50
Harmonic Tension Timeline;52,673;50
Harmonic Tension Timeline;52,673;34
Harmonic Tension Timeline;52,673;26
Harmonic Tension Timeline;52,673;34
Harmonic Tension Timeline;52,673;50
Harmonic Tension Timeline;52,707;50
Harmonic Tension Timeline;52,707;26
Harmonic Tension Timeline;52,720;26
Harmonic Tension Timeline;52,720;20
Harmonic Tension Timeline;52,720;26
Harmonic Tension Timeline;52,731;26
Harmonic Tension Timeline;52,731;14
Harmonic Tension Timeline;52,731;26
Harmonic Tension Timeline;52,790;26
Harmonic Tension Timeline;52,790;38
Harmonic Tension Timeline;52,894;38
Harmonic Tension Timeline;52,894;68
Harmonic Tension Timeline;52,941;68
Harmonic Tension Timeline;52,941;50
Harmonic Tension Timeline;52,986;50
Harmonic Tension Timeline;52,986;42
Harmonic Tension Timeline;53,056;42
Harmonic Tension Timeline;53,056;27
Harmonic Tension Timeline;53,056;42
Harmonic Tension Timeline;53,137;42
Harmonic Tension Timeline;53,137;26
Harmonic Tension Timeline;53,137;42
Harmonic Tension Timeline;53,230;42
Harmonic Tension Timeline;53,230;27
Harmonic Tension Timeline;53,230;42
Harmonic Tension Timeline;53,334;42
Harmonic Tension Timeline;53,334;34
Harmonic Tension Timeline;53,334;46
Harmonic Tension Timeline;53,381;46
Harmonic Tension Timeline;53,381;20
Harmonic Tension Timeline;53,381;48
Harmonic Tension Timeline;53,404;48
Harmonic Tension Timeline;53,404;36
Harmonic Tension Timeline;53,427;36
Harmonic Tension Timeline;53,427;24
Harmonic Tension Timeline;53,428;24
Harmonic Tension Timeline;53,428;36
Harmonic Tension Timeline;53,451;36
Harmonic Tension Timeline;53,451;20
Harmonic Tension Timeline;53,544;20
Harmonic Tension Timeline;53,544;34
Harmonic Tension Timeline;53,544;50
Harmonic Tension Timeline;53,555;50
Harmonic Tension Timeline;53,555;58
Harmonic Tension Timeline;53,684;58
Harmonic Tension Timeline;53,684;26
Harmonic Tension Timeline;53,707;26
Harmonic Tension Timeline;53,707;14
Harmonic Tension Timeline;53,707;11
Harmonic Tension Timeline;53,707;6
Harmonic Tension Timeline;53,707;9
Harmonic Tension Timeline;53,707;18
Harmonic Tension Timeline;53,708;18
Harmonic Tension Timeline;53,708;9
Harmonic Tension Timeline;53,870;9
Harmonic Tension Timeline;53,870;19
Harmonic Tension Timeline;53,881;19
Harmonic Tension Timeline;53,881;14
Harmonic Tension Timeline;53,881;24
Harmonic Tension Timeline;53,881;37
Harmonic Tension Timeline;53,894;37
Harmonic Tension Timeline;53,894;58
Harmonic Tension Timeline;53,894;82
Harmonic Tension Timeline;54,044;82
Harmonic Tension Timeline;54,044;66
Harmonic Tension Timeline;54,045;66
Harmonic Tension Timeline;54,045;82
Harmonic Tension Timeline;54,068;82
Harmonic Tension Timeline;54,068;58
Harmonic Tension Timeline;54,068;82
Harmonic Tension Timeline;54,114;82
Harmonic Tension Timeline;54,114;50
Harmonic Tension Timeline;54,126;50
Harmonic Tension Timeline;54,126;88
Harmonic Tension Timeline;54,137;88
Harmonic Tension Timeline;54,137;64
Harmonic Tension Timeline;54,137;88
Harmonic Tension Timeline;54,149;88
Harmonic Tension Timeline;54,149;64
Harmonic Tension Timeline;54,149;88
Harmonic Tension Timeline;54,196;88
Harmonic Tension Timeline;54,196;50
Harmonic Tension Timeline;54,218;50
Harmonic Tension Timeline;54,218;26
Harmonic Tension Timeline;54,219;26
Harmonic Tension Timeline;54,219;50
Harmonic Tension Timeline;54,242;50
Harmonic Tension Timeline;54,242;32
Harmonic Tension Timeline;54,242;50
Harmonic Tension Timeline;54,323;50
Harmonic Tension Timeline;54,323;34
Harmonic Tension Timeline;54,323;50
Harmonic Tension Timeline;54,370;50
Harmonic Tension Timeline;54,370;82
Harmonic Tension Timeline;54,393;82
Harmonic Tension Timeline;54,393;58
Harmonic Tension Timeline;54,393;39
Harmonic Tension Timeline;54,393;58
Harmonic Tension Timeline;54,393;82
Harmonic Tension Timeline;54,416;82
Harmonic Tension Timeline;54,416;72
Harmonic Tension Timeline;54,427;72
Harmonic Tension Timeline;54,427;51
Harmonic Tension Timeline;54,532;51
Harmonic Tension Timeline;54,532;27
Harmonic Tension Timeline;54,532;14
Harmonic Tension Timeline;54,544;14
Harmonic Tension Timeline;54,544;9
Harmonic Tension Timeline;54,544;3
Harmonic Tension Timeline;54,544;6
Harmonic Tension Timeline;54,544;12
Harmonic Tension Timeline;54,555;12
Harmonic Tension Timeline;54,555;59
Harmonic Tension Timeline;54,567;59
Harmonic Tension Timeline;54,567;91
Harmonic Tension Timeline;54,601;91
Harmonic Tension Timeline;54,601;107
Harmonic Tension Timeline;54,602;107
Harmonic Tension Timeline;54,602;85
Harmonic Tension Timeline;54,614;85
Harmonic Tension Timeline;54,614;69
Harmonic Tension Timeline;54,614;85
Harmonic Tension Timeline;54,625;85
Harmonic Tension Timeline;54,625;57
Harmonic Tension Timeline;54,625;30
Harmonic Tension Timeline;54,625;46
Harmonic Tension Timeline;54,636;46
Harmonic Tension Timeline;54,636;12
Harmonic Tension Timeline;54,636;46
Harmonic Tension Timeline;54,682;46
Harmonic Tension Timeline;54,682;24
Harmonic Tension Timeline;54,706;24
Harmonic Tension Timeline;54,706;0
Harmonic Tension Timeline;54,706;24
Harmonic Tension Timeline;54,741;24
Harmonic Tension Timeline;54,741;16
Harmonic Tension Timeline;54,752;16
Harmonic Tension Timeline;54,752;32
Harmonic Tension Timeline;54,799;32
Harmonic Tension Timeline;54,799;16
Harmonic Tension Timeline;54,799;32
Harmonic Tension Timeline;54,833;32
Harmonic Tension Timeline;54,833;70
Harmonic Tension Timeline;54,880;70
Harmonic Tension Timeline;54,880;100
Harmonic Tension Timeline;54,915;100
Harmonic Tension Timeline;54,915;127
Harmonic Tension Timeline;54,926;127
Harmonic Tension Timeline;54,926;77
Harmonic Tension Timeline;54,984;77
Harmonic Tension Timeline;54,984;98
Harmonic Tension Timeline;55,020;98
Harmonic Tension Timeline;55,020;40
Harmonic Tension Timeline;55,020;14
Harmonic Tension Timeline;55,020;62
Harmonic Tension Timeline;55,030;62
Harmonic Tension Timeline;55,030;51
Harmonic Tension Timeline;55,112;51
Harmonic Tension Timeline;55,112;38
Harmonic Tension Timeline;55,124;38
Harmonic Tension Timeline;55,124;6
Harmonic Tension Timeline;55,124;11
Harmonic Tension Timeline;55,124;51
Harmonic Tension Timeline;55,205;51
Harmonic Tension Timeline;55,205;11
Harmonic Tension Timeline;55,205;51
Harmonic Tension Timeline;55,309;51
Harmonic Tension Timeline;55,309;62
Harmonic Tension Timeline;55,368;62
Harmonic Tension Timeline;55,368;98
Harmonic Tension Timeline;55,402;98
Harmonic Tension Timeline;55,402;77
Harmonic Tension Timeline;55,519;77
Harmonic Tension Timeline;55,519;46
Harmonic Tension Timeline;55,553;46
Harmonic Tension Timeline;55,553;30
Harmonic Tension Timeline;55,553;20
Harmonic Tension Timeline;55,566;20
Harmonic Tension Timeline;55,566;30
Harmonic Tension Timeline;55,566;46
Harmonic Tension Timeline;55,577;46
Harmonic Tension Timeline;55,577;12
Harmonic Tension Timeline;55,577;46
Harmonic Tension Timeline;55,623;46
Harmonic Tension Timeline;55,623;24
Harmonic Tension Timeline;55,659;24
Harmonic Tension Timeline;55,659;16
Harmonic Tension Timeline;55,659;24
Harmonic Tension Timeline;55,694;24
Harmonic Tension Timeline;55,694;49
Harmonic Tension Timeline;55,880;49
Harmonic Tension Timeline;55,880;77
Harmonic Tension Timeline;55,892;77
Harmonic Tension Timeline;55,892;58
Harmonic Tension Timeline;55,892;16
Harmonic Tension Timeline;55,892;27
Harmonic Tension Timeline;55,892;77
Harmonic Tension Timeline;55,927;77
Harmonic Tension Timeline;55,927;64
Harmonic Tension Timeline;55,949;64
Harmonic Tension Timeline;55,949;36
Harmonic Tension Timeline;55,984;36
Harmonic Tension Timeline;55,984;10
Harmonic Tension Timeline;55,984;36
Harmonic Tension Timeline;56,020;36
Harmonic Tension Timeline;56,020;20
Harmonic Tension Timeline;56,043;20
Harmonic Tension Timeline;56,043;8
Harmonic Tension Timeline;56,054;8
Harmonic Tension Timeline;56,054;0
Harmonic Tension Timeline;56,054;0
Harmonic Tension Timeline;56,054;0
Harmonic Tension Timeline;56,066;0
Harmonic Tension Timeline;56,066;0
Harmonic Tension Timeline;56,124;0
Harmonic Tension Timeline;56,124;26
Harmonic Tension Timeline;56,135;26
Harmonic Tension Timeline;56,135;18
Harmonic Tension Timeline;56,170;18
Harmonic Tension Timeline;56,170;46
Harmonic Tension Timeline;56,182;46
Harmonic Tension Timeline;56,182;36
Harmonic Tension Timeline;56,205;36
Harmonic Tension Timeline;56,205;66
Harmonic Tension Timeline;56,217;66
Harmonic Tension Timeline;56,217;94
Harmonic Tension Timeline;56,240;94
Harmonic Tension Timeline;56,240;64
Harmonic Tension Timeline;56,240;94
Harmonic Tension Timeline;56,321;94
Harmonic Tension Timeline;56,321;66
Harmonic Tension Timeline;56,345;66
Harmonic Tension Timeline;56,345;36
Harmonic Tension Timeline;56,356;36
Harmonic Tension Timeline;56,356;16
Harmonic Tension Timeline;56,379;16
Harmonic Tension Timeline;56,379;8
Harmonic Tension Timeline;56,391;8
Harmonic Tension Timeline;56,391;19
Harmonic Tension Timeline;56,402;19
Harmonic Tension Timeline;56,402;49
Harmonic Tension Timeline;56,449;49
Harmonic Tension Timeline;56,449;31
Harmonic Tension Timeline;56,472;31
Harmonic Tension Timeline;56,472;14
Harmonic Tension Timeline;56,506;14
Harmonic Tension Timeline;56,506;0
Harmonic Tension Timeline;56,507;0
Harmonic Tension Timeline;56,507;0
Harmonic Tension Timeline;56,518;0
Harmonic Tension Timeline;56,518;0
Harmonic Tension Timeline;56,565;0
Harmonic Tension Timeline;56,565;12
Harmonic Tension Timeline;56,576;12
Harmonic Tension Timeline;56,576;24
Harmonic Tension Timeline;56,576;34
Harmonic Tension Timeline;56,623;34
Harmonic Tension Timeline;56,623;4
Harmonic Tension Timeline;56,623;34
Harmonic Tension Timeline;56,623;64
Harmonic Tension Timeline;56,623;90
Harmonic Tension Timeline;56,657;90
Harmonic Tension Timeline;56,657;133
Harmonic Tension Timeline;56,762;133
Harmonic Tension Timeline;56,762;102
Harmonic Tension Timeline;56,774;102
Harmonic Tension Timeline;56,774;58
Harmonic Tension Timeline;56,902;58
Harmonic Tension Timeline;56,902;72
Harmonic Tension Timeline;57,052;72
Harmonic Tension Timeline;57,052;99
Harmonic Tension Timeline;57,133;99
Harmonic Tension Timeline;57,133;72
Harmonic Tension Timeline;57,133;99
Harmonic Tension Timeline;57,180;99
Harmonic Tension Timeline;57,180;80
Harmonic Tension Timeline;57,180;50
Harmonic Tension Timeline;57,226;50
Harmonic Tension Timeline;57,226;34
Harmonic Tension Timeline;57,227;34
Harmonic Tension Timeline;57,227;20
Harmonic Tension Timeline;57,227;34
Harmonic Tension Timeline;57,227;50
Harmonic Tension Timeline;57,261;50
Harmonic Tension Timeline;57,261;40
Harmonic Tension Timeline;57,320;40
Harmonic Tension Timeline;57,320;26
Harmonic Tension Timeline;57,320;34
Harmonic Tension Timeline;57,343;34
Harmonic Tension Timeline;57,343;61
Harmonic Tension Timeline;57,424;61
Harmonic Tension Timeline;57,424;49
Harmonic Tension Timeline;57,470;49
Harmonic Tension Timeline;57,470;24
Harmonic Tension Timeline;57,517;24
Harmonic Tension Timeline;57,517;6
Harmonic Tension Timeline;57,564;6
Harmonic Tension Timeline;57,564;12
Harmonic Tension Timeline;57,564;18
Harmonic Tension Timeline;57,586;18
Harmonic Tension Timeline;57,586;0
Harmonic Tension Timeline;57,586;18
Harmonic Tension Timeline;57,587;18
Harmonic Tension Timeline;57,587;0
Harmonic Tension Timeline;57,623;0
Harmonic Tension Timeline;57,623;34
Harmonic Tension Timeline;57,634;34
Harmonic Tension Timeline;57,634;54
Harmonic Tension Timeline;57,669;54
Harmonic Tension Timeline;57,669;88
Harmonic Tension Timeline;57,693;88
Harmonic Tension Timeline;57,693;62
Harmonic Tension Timeline;57,704;62
Harmonic Tension Timeline;57,704;46
Harmonic Tension Timeline;57,704;80
Harmonic Tension Timeline;57,716;80
Harmonic Tension Timeline;57,716;100
Harmonic Tension Timeline;57,716;120
Harmonic Tension Timeline;57,750;120
Harmonic Tension Timeline;57,750;91
Harmonic Tension Timeline;57,844;91
Harmonic Tension Timeline;57,844;127
Harmonic Tension Timeline;57,890;127
Harmonic Tension Timeline;57,890;103
Harmonic Tension Timeline;57,890;127
Harmonic Tension Timeline;57,925;127
Harmonic Tension Timeline;57,925;103
Harmonic Tension Timeline;57,925;127
Harmonic Tension Timeline;57,936;127
Harmonic Tension Timeline;57,936;178
Harmonic Tension Timeline;58,041;178
Harmonic Tension Timeline;58,041;120
Harmonic Tension Timeline;58,052;120
Harmonic Tension Timeline;58,052;74
Harmonic Tension Timeline;58,052;127
Harmonic Tension Timeline;58,052;178
Harmonic Tension Timeline;58,087;178
Harmonic Tension Timeline;58,087;130
Harmonic Tension Timeline;58,087;161
Harmonic Tension Timeline;58,146;161
Harmonic Tension Timeline;58,146;130
Harmonic Tension Timeline;58,180;130
Harmonic Tension Timeline;58,180;110
Harmonic Tension Timeline;58,216;110
Harmonic Tension Timeline;58,216;81
Harmonic Tension Timeline;58,226;81
Harmonic Tension Timeline;58,226;57
Harmonic Tension Timeline;58,226;84
Harmonic Tension Timeline;58,226;110
Harmonic Tension Timeline;58,237;110
Harmonic Tension Timeline;58,237;73
Harmonic Tension Timeline;58,320;73
Harmonic Tension Timeline;58,320;91
Harmonic Tension Timeline;58,377;91
Harmonic Tension Timeline;58,377;52
Harmonic Tension Timeline;58,377;91
Harmonic Tension Timeline;58,413;91
Harmonic Tension Timeline;58,413;53
Harmonic Tension Timeline;58,423;53
Harmonic Tension Timeline;58,423;41
Harmonic Tension Timeline;58,424;41
Harmonic Tension Timeline;58,424;9
Harmonic Tension Timeline;58,482;9
Harmonic Tension Timeline;58,482;3
Harmonic Tension Timeline;58,551;3
Harmonic Tension Timeline;58,551;0
Harmonic Tension Timeline;58,563;0
Harmonic Tension Timeline;58,563;0
Harmonic Tension Timeline;58,564;0
Harmonic Tension Timeline;58,564;0
Harmonic Tension Timeline;58,575;0
Harmonic Tension Timeline;58,575;12
Harmonic Tension Timeline;58,609;12
Harmonic Tension Timeline;58,609;24
Harmonic Tension Timeline;58,668;24
Harmonic Tension Timeline;58,668;12
Harmonic Tension Timeline;58,668;0
Harmonic Tension Timeline;58,679;0
Harmonic Tension Timeline;58,679;12
Harmonic Tension Timeline;58,714;12
Harmonic Tension Timeline;58,714;0
Harmonic Tension Timeline;58,714;14
Harmonic Tension Timeline;58,726;14
Harmonic Tension Timeline;58,726;29
Harmonic Tension Timeline;58,726;44
Harmonic Tension Timeline;58,726;58
Harmonic Tension Timeline;58,866;58
Harmonic Tension Timeline;58,866;44
Harmonic Tension Timeline;58,889;44
Harmonic Tension Timeline;58,889;80
Harmonic Tension Timeline;58,900;80
Harmonic Tension Timeline;58,900;53
Harmonic Tension Timeline;58,900;71
Harmonic Tension Timeline;59,063;71
Harmonic Tension Timeline;59,063;108
Harmonic Tension Timeline;59,121;108
Harmonic Tension Timeline;59,121;66
Harmonic Tension Timeline;59,132;66
Harmonic Tension Timeline;59,132;41
Harmonic Tension Timeline;59,132;58
Harmonic Tension Timeline;59,132;83
Harmonic Tension Timeline;59,214;83
Harmonic Tension Timeline;59,214;99
Harmonic Tension Timeline;59,225;99
Harmonic Tension Timeline;59,225;77
Harmonic Tension Timeline;59,225;60
Harmonic Tension Timeline;59,225;77
Harmonic Tension Timeline;59,225;99
Harmonic Tension Timeline;59,353;99
Harmonic Tension Timeline;59,353;80
Harmonic Tension Timeline;59,365;80
Harmonic Tension Timeline;59,365;125
Harmonic Tension Timeline;59,386;125
Harmonic Tension Timeline;59,386;80
Harmonic Tension Timeline;59,387;80
Harmonic Tension Timeline;59,387;124
Harmonic Tension Timeline;59,399;124
Harmonic Tension Timeline;59,399;183
Harmonic Tension Timeline;59,422;183
Harmonic Tension Timeline;59,422;145
Harmonic Tension Timeline;59,422;183
Harmonic Tension Timeline;59,423;183
Harmonic Tension Timeline;59,423;142
Harmonic Tension Timeline;59,434;142
Harmonic Tension Timeline;59,434;91
Harmonic Tension Timeline;59,492;91
Harmonic Tension Timeline;59,492;120
Harmonic Tension Timeline;59,539;120
Harmonic Tension Timeline;59,539;100
Harmonic Tension Timeline;59,539;71
Harmonic Tension Timeline;59,539;41
Harmonic Tension Timeline;59,573;41
Harmonic Tension Timeline;59,573;20
Harmonic Tension Timeline;59,573;41
Harmonic Tension Timeline;59,609;41
Harmonic Tension Timeline;59,609;66
Harmonic Tension Timeline;59,632;66
Harmonic Tension Timeline;59,632;83
Harmonic Tension Timeline;59,702;83
Harmonic Tension Timeline;59,702;108
Harmonic Tension Timeline;59,725;108
Harmonic Tension Timeline;59,725;174
Harmonic Tension Timeline;59,749;174
Harmonic Tension Timeline;59,749;137
Harmonic Tension Timeline;59,759;137
Harmonic Tension Timeline;59,759;109
Harmonic Tension Timeline;59,783;109
Harmonic Tension Timeline;59,783;136
Harmonic Tension Timeline;59,795;136
Harmonic Tension Timeline;59,795;166
Harmonic Tension Timeline;59,842;166
Harmonic Tension Timeline;59,842;129
Harmonic Tension Timeline;59,842;166
Harmonic Tension Timeline;59,876;166
Harmonic Tension Timeline;59,876;137
Harmonic Tension Timeline;59,887;137
Harmonic Tension Timeline;59,887;110
Harmonic Tension Timeline;59,887;84
Harmonic Tension Timeline;59,900;84
Harmonic Tension Timeline;59,900;120
Harmonic Tension Timeline;59,923;120
Harmonic Tension Timeline;59,923;146
Harmonic Tension Timeline;59,946;146
Harmonic Tension Timeline;59,946;103
Harmonic Tension Timeline;59,946;146
Harmonic Tension Timeline;59,981;146
Harmonic Tension Timeline;59,981;104
Harmonic Tension Timeline;59,992;104
Harmonic Tension Timeline;59,992;64
Harmonic Tension Timeline;60,016;64
Harmonic Tension Timeline;60,016;48
Harmonic Tension Timeline;60,074;48
Harmonic Tension Timeline;60,074;24
Harmonic Tension Timeline;60,097;24
Harmonic Tension Timeline;60,097;36
Harmonic Tension Timeline;60,131;36
Harmonic Tension Timeline;60,131;24
Harmonic Tension Timeline;60,190;24
Harmonic Tension Timeline;60,190;30
Harmonic Tension Timeline;60,190;64
Harmonic Tension Timeline;60,201;64
Harmonic Tension Timeline;60,201;32
Harmonic Tension Timeline;60,201;58
Harmonic Tension Timeline;60,214;58
Harmonic Tension Timeline;60,214;94
Harmonic Tension Timeline;60,225;94
Harmonic Tension Timeline;60,225;124
Harmonic Tension Timeline;60,271;124
Harmonic Tension Timeline;60,271;88
Harmonic Tension Timeline;60,282;88
Harmonic Tension Timeline;60,282;66
Harmonic Tension Timeline;60,364;66
Harmonic Tension Timeline;60,364;44
Harmonic Tension Timeline;60,387;44
Harmonic Tension Timeline;60,387;16
Harmonic Tension Timeline;60,433;16
Harmonic Tension Timeline;60,433;0
Harmonic Tension Timeline;60,573;0
Harmonic Tension Timeline;60,573;0
Harmonic Tension Timeline;60,573;4
Harmonic Tension Timeline;60,573;11
Harmonic Tension Timeline;60,584;11
Harmonic Tension Timeline;60,584;24
Harmonic Tension Timeline;60,584;37
Harmonic Tension Timeline;60,608;37
Harmonic Tension Timeline;60,608;15
Harmonic Tension Timeline;60,643;15
Harmonic Tension Timeline;60,643;30
Harmonic Tension Timeline;60,654;30
Harmonic Tension Timeline;60,654;20
Harmonic Tension Timeline;60,724;20
Harmonic Tension Timeline;60,724;10
Harmonic Tension Timeline;60,724;0
Harmonic Tension Timeline;60,724;10
Harmonic Tension Timeline;60,724;20
Harmonic Tension Timeline;60,747;20
Harmonic Tension Timeline;60,747;30
Harmonic Tension Timeline;60,817;30
Harmonic Tension Timeline;60,817;20
Harmonic Tension Timeline;60,864;20
Harmonic Tension Timeline;60,864;32
Harmonic Tension Timeline;60,898;32
Harmonic Tension Timeline;60,898;18
Harmonic Tension Timeline;60,898;11
Harmonic Tension Timeline;60,898;18
Harmonic Tension Timeline;60,921;18
Harmonic Tension Timeline;60,921;11
Harmonic Tension Timeline;60,921;18
Harmonic Tension Timeline;60,921;30
Harmonic Tension Timeline;60,933;30
Harmonic Tension Timeline;60,933;18
Harmonic Tension Timeline;60,956;18
Harmonic Tension Timeline;60,956;44
Harmonic Tension Timeline;61,049;44
Harmonic Tension Timeline;61,049;26
Harmonic Tension Timeline;61,049;44
Harmonic Tension Timeline;61,060;44
Harmonic Tension Timeline;61,060;62
Harmonic Tension Timeline;61,072;62
Harmonic Tension Timeline;61,072;44
Harmonic Tension Timeline;61,072;62
Harmonic Tension Timeline;61,200;62
Harmonic Tension Timeline;61,200;36
Harmonic Tension Timeline;61,211;36
Harmonic Tension Timeline;61,211;62
Harmonic Tension Timeline;61,234;62
Harmonic Tension Timeline;61,234;44
Harmonic Tension Timeline;61,234;62
Harmonic Tension Timeline;61,327;62
Harmonic Tension Timeline;61,327;36
Harmonic Tension Timeline;61,327;62
Harmonic Tension Timeline;61,385;62
Harmonic Tension Timeline;61,385;44
Harmonic Tension Timeline;61,385;62
Harmonic Tension Timeline;61,443;62
Harmonic Tension Timeline;61,443;36
Harmonic Tension Timeline;61,455;36
Harmonic Tension Timeline;61,455;23
Harmonic Tension Timeline;61,502;23
Harmonic Tension Timeline;61,502;17
Harmonic Tension Timeline;61,559;17
Harmonic Tension Timeline;61,559;5
Harmonic Tension Timeline;61,559;0
Harmonic Tension Timeline;61,559;4
Harmonic Tension Timeline;61,559;17
Harmonic Tension Timeline;61,596;17
Harmonic Tension Timeline;61,596;26
Harmonic Tension Timeline;61,596;35
Harmonic Tension Timeline;61,734;35
Harmonic Tension Timeline;61,734;12
Harmonic Tension Timeline;61,735;12
Harmonic Tension Timeline;61,735;35
Harmonic Tension Timeline;61,735;58
Harmonic Tension Timeline;61,921;58
Harmonic Tension Timeline;61,921;35
Harmonic Tension Timeline;61,921;58
Harmonic Tension Timeline;62,049;58
Harmonic Tension Timeline;62,049;70
Harmonic Tension Timeline;62,060;70
Harmonic Tension Timeline;62,060;44
Harmonic Tension Timeline;62,060;70
Harmonic Tension Timeline;62,083;70
Harmonic Tension Timeline;62,083;56
Harmonic Tension Timeline;62,083;80
Harmonic Tension Timeline;62,095;80
Harmonic Tension Timeline;62,095;98
Harmonic Tension Timeline;62,130;98
Harmonic Tension Timeline;62,130;80
Harmonic Tension Timeline;62,153;80
Harmonic Tension Timeline;62,153;62
Harmonic Tension Timeline;62,165;62
Harmonic Tension Timeline;62,165;36
Harmonic Tension Timeline;62,165;62
Harmonic Tension Timeline;62,211;62
Harmonic Tension Timeline;62,211;44
Harmonic Tension Timeline;62,223;44
Harmonic Tension Timeline;62,223;18
Harmonic Tension Timeline;62,223;44
Harmonic Tension Timeline;62,234;44
Harmonic Tension Timeline;62,234;26
Harmonic Tension Timeline;62,234;44
Harmonic Tension Timeline;62,293;44
Harmonic Tension Timeline;62,293;30
Harmonic Tension Timeline;62,339;30
Harmonic Tension Timeline;62,339;16
Harmonic Tension Timeline;62,397;16
Harmonic Tension Timeline;62,397;8
Harmonic Tension Timeline;62,397;17
Harmonic Tension Timeline;62,397;30
Harmonic Tension Timeline;62,501;30
Harmonic Tension Timeline;62,501;16
Harmonic Tension Timeline;62,536;16
Harmonic Tension Timeline;62,536;8
Harmonic Tension Timeline;62,559;8
Harmonic Tension Timeline;62,559;0
Harmonic Tension Timeline;62,559;8
Harmonic Tension Timeline;62,559;17
Harmonic Tension Timeline;62,559;26
Harmonic Tension Timeline;62,606;26
Harmonic Tension Timeline;62,606;12
Harmonic Tension Timeline;62,606;20
Harmonic Tension Timeline;62,606;34
Harmonic Tension Timeline;62,618;34
Harmonic Tension Timeline;62,618;48
Harmonic Tension Timeline;62,629;48
Harmonic Tension Timeline;62,629;36
Harmonic Tension Timeline;62,675;36
Harmonic Tension Timeline;62,675;24
Harmonic Tension Timeline;62,676;24
Harmonic Tension Timeline;62,676;17
Harmonic Tension Timeline;62,722;17
Harmonic Tension Timeline;62,722;5
Harmonic Tension Timeline;62,722;17
Harmonic Tension Timeline;62,722;30
Harmonic Tension Timeline;62,803;30
Harmonic Tension Timeline;62,803;17
Harmonic Tension Timeline;62,803;30
Harmonic Tension Timeline;62,896;30
Harmonic Tension Timeline;62,896;44
Harmonic Tension Timeline;62,966;44
Harmonic Tension Timeline;62,966;62
Harmonic Tension Timeline;62,990;62
Harmonic Tension Timeline;62,990;80
Harmonic Tension Timeline;63,024;80
Harmonic Tension Timeline;63,024;49
Harmonic Tension Timeline;63,047;49
Harmonic Tension Timeline;63,047;35
Harmonic Tension Timeline;63,058;35
Harmonic Tension Timeline;63,058;14
Harmonic Tension Timeline;63,058;8
Harmonic Tension Timeline;63,058;26
Harmonic Tension Timeline;63,058;35
Harmonic Tension Timeline;63,058;49
Harmonic Tension Timeline;63,058;64
Harmonic Tension Timeline;63,059;64
Harmonic Tension Timeline;63,059;51
Harmonic Tension Timeline;63,151;51
Harmonic Tension Timeline;63,151;36
Harmonic Tension Timeline;63,221;36
Harmonic Tension Timeline;63,221;18
Harmonic Tension Timeline;63,221;36
Harmonic Tension Timeline;63,221;62
Harmonic Tension Timeline;63,383;62
Harmonic Tension Timeline;63,383;44
Harmonic Tension Timeline;63,383;28
Harmonic Tension Timeline;63,383;10
Harmonic Tension Timeline;63,383;26
Harmonic Tension Timeline;63,383;36
Harmonic Tension Timeline;63,383;62
Harmonic Tension Timeline;63,406;62
Harmonic Tension Timeline;63,406;44
Harmonic Tension Timeline;63,476;44
Harmonic Tension Timeline;63,476;30
Harmonic Tension Timeline;63,476;17
Harmonic Tension Timeline;63,535;17
Harmonic Tension Timeline;63,535;8
Harmonic Tension Timeline;63,557;8
Harmonic Tension Timeline;63,557;0
Harmonic Tension Timeline;63,558;0
Harmonic Tension Timeline;63,558;8
Harmonic Tension Timeline;63,558;17
Harmonic Tension Timeline;63,570;17
Harmonic Tension Timeline;63,570;26
Harmonic Tension Timeline;63,618;26
Harmonic Tension Timeline;63,618;17
Harmonic Tension Timeline;63,688;17
Harmonic Tension Timeline;63,688;26
Harmonic Tension Timeline;63,709;26
Harmonic Tension Timeline;63,709;10
Harmonic Tension Timeline;63,710;10
Harmonic Tension Timeline;63,710;26
Harmonic Tension Timeline;63,733;26
Harmonic Tension Timeline;63,733;35
Harmonic Tension Timeline;63,745;35
Harmonic Tension Timeline;63,745;26
Harmonic Tension Timeline;63,850;26
Harmonic Tension Timeline;63,850;36
Harmonic Tension Timeline;63,873;36
Harmonic Tension Timeline;63,873;49
Harmonic Tension Timeline;63,907;49
Harmonic Tension Timeline;63,907;63
Harmonic Tension Timeline;63,943;63
Harmonic Tension Timeline;63,943;80
Harmonic Tension Timeline;64,011;80
Harmonic Tension Timeline;64,011;63
Harmonic Tension Timeline;64,047;63
Harmonic Tension Timeline;64,047;49
Harmonic Tension Timeline;64,047;36
Harmonic Tension Timeline;64,059;36
Harmonic Tension Timeline;64,059;23
Harmonic Tension Timeline;64,070;23
Harmonic Tension Timeline;64,070;10
Harmonic Tension Timeline;64,070;23
Harmonic Tension Timeline;64,104;23
Harmonic Tension Timeline;64,104;17
Harmonic Tension Timeline;64,105;17
Harmonic Tension Timeline;64,105;6
Harmonic Tension Timeline;64,105;17
Harmonic Tension Timeline;64,105;23
Harmonic Tension Timeline;64,186;23
Harmonic Tension Timeline;64,186;36
Harmonic Tension Timeline;64,221;36
Harmonic Tension Timeline;64,221;18
Harmonic Tension Timeline;64,221;36
Harmonic Tension Timeline;64,221;62
Harmonic Tension Timeline;64,279;62
Harmonic Tension Timeline;64,279;80
Harmonic Tension Timeline;64,325;80
Harmonic Tension Timeline;64,325;49
Harmonic Tension Timeline;64,336;49
Harmonic Tension Timeline;64,336;36
Harmonic Tension Timeline;64,372;36
Harmonic Tension Timeline;64,372;23
Harmonic Tension Timeline;64,372;61
Harmonic Tension Timeline;64,395;61
Harmonic Tension Timeline;64,395;40
Harmonic Tension Timeline;64,395;61
Harmonic Tension Timeline;64,396;61
Harmonic Tension Timeline;64,396;40
Harmonic Tension Timeline;64,419;40
Harmonic Tension Timeline;64,419;24
Harmonic Tension Timeline;64,453;24
Harmonic Tension Timeline;64,453;0
Harmonic Tension Timeline;64,453;24
Harmonic Tension Timeline;64,523;24
Harmonic Tension Timeline;64,523;44
Harmonic Tension Timeline;64,523;64
Harmonic Tension Timeline;64,547;64
Harmonic Tension Timeline;64,547;46
Harmonic Tension Timeline;64,557;46
Harmonic Tension Timeline;64,557;28
Harmonic Tension Timeline;64,557;0
Harmonic Tension Timeline;64,557;4
Harmonic Tension Timeline;64,593;4
Harmonic Tension Timeline;64,593;2
Harmonic Tension Timeline;64,604;2
Harmonic Tension Timeline;64,604;4
Harmonic Tension Timeline;64,616;4
Harmonic Tension Timeline;64,616;6
Harmonic Tension Timeline;64,616;8
Harmonic Tension Timeline;64,627;8
Harmonic Tension Timeline;64,627;6
Harmonic Tension Timeline;64,627;8
Harmonic Tension Timeline;64,627;22
Harmonic Tension Timeline;64,685;22
Harmonic Tension Timeline;64,685;14
Harmonic Tension Timeline;64,685;22
Harmonic Tension Timeline;64,697;22
Harmonic Tension Timeline;64,697;18
Harmonic Tension Timeline;64,697;22
Harmonic Tension Timeline;64,720;22
Harmonic Tension Timeline;64,720;12
Harmonic Tension Timeline;64,720;29
Harmonic Tension Timeline;64,825;29
Harmonic Tension Timeline;64,825;19
Harmonic Tension Timeline;64,825;29
Harmonic Tension Timeline;64,882;29
Harmonic Tension Timeline;64,882;44
Harmonic Tension Timeline;64,894;44
Harmonic Tension Timeline;64,894;37
Harmonic Tension Timeline;64,895;37
Harmonic Tension Timeline;64,895;44
Harmonic Tension Timeline;64,929;44
Harmonic Tension Timeline;64,929;22
Harmonic Tension Timeline;64,941;22
Harmonic Tension Timeline;64,941;8
Harmonic Tension Timeline;64,941;22
Harmonic Tension Timeline;64,952;22
Harmonic Tension Timeline;64,952;14
Harmonic Tension Timeline;64,952;22
Harmonic Tension Timeline;64,953;22
Harmonic Tension Timeline;64,953;14
Harmonic Tension Timeline;64,975;14
Harmonic Tension Timeline;64,975;6
Harmonic Tension Timeline;65,057;6
Harmonic Tension Timeline;65,057;14
Harmonic Tension Timeline;65,057;22
Harmonic Tension Timeline;65,069;22
Harmonic Tension Timeline;65,069;0
Harmonic Tension Timeline;65,069;22
Harmonic Tension Timeline;65,103;22
Harmonic Tension Timeline;65,103;38
Harmonic Tension Timeline;65,115;38
Harmonic Tension Timeline;65,115;65
Harmonic Tension Timeline;65,127;65
Harmonic Tension Timeline;65,127;44
Harmonic Tension Timeline;65,196;44
Harmonic Tension Timeline;65,196;32
Harmonic Tension Timeline;65,196;44
Harmonic Tension Timeline;65,220;44
Harmonic Tension Timeline;65,220;66
Harmonic Tension Timeline;65,243;66
Harmonic Tension Timeline;65,243;48
Harmonic Tension Timeline;65,243;66
Harmonic Tension Timeline;65,300;66
Harmonic Tension Timeline;65,300;50
Harmonic Tension Timeline;65,301;50
Harmonic Tension Timeline;65,301;66
Harmonic Tension Timeline;65,381;66
Harmonic Tension Timeline;65,381;44
Harmonic Tension Timeline;65,382;44
Harmonic Tension Timeline;65,382;26
Harmonic Tension Timeline;65,382;14
Harmonic Tension Timeline;65,382;32
Harmonic Tension Timeline;65,382;50
Harmonic Tension Timeline;65,382;66
Harmonic Tension Timeline;65,394;66
Harmonic Tension Timeline;65,394;56
Harmonic Tension Timeline;65,394;66
Harmonic Tension Timeline;65,452;66
Harmonic Tension Timeline;65,452;44
Harmonic Tension Timeline;65,522;44
Harmonic Tension Timeline;65,522;24
Harmonic Tension Timeline;65,545;24
Harmonic Tension Timeline;65,545;19
Harmonic Tension Timeline;65,545;9
Harmonic Tension Timeline;65,545;12
Harmonic Tension Timeline;65,545;24
Harmonic Tension Timeline;65,556;24
Harmonic Tension Timeline;65,556;19
Harmonic Tension Timeline;65,556;6
Harmonic Tension Timeline;65,556;8
Harmonic Tension Timeline;65,557;8
Harmonic Tension Timeline;65,557;6
Harmonic Tension Timeline;65,557;8
Harmonic Tension Timeline;65,569;8
Harmonic Tension Timeline;65,569;22
Harmonic Tension Timeline;65,604;22
Harmonic Tension Timeline;65,604;18
Harmonic Tension Timeline;65,604;22
Harmonic Tension Timeline;65,674;22
Harmonic Tension Timeline;65,674;46
Harmonic Tension Timeline;65,697;46
Harmonic Tension Timeline;65,697;68
Harmonic Tension Timeline;65,720;68
Harmonic Tension Timeline;65,720;52
Harmonic Tension Timeline;65,824;52
Harmonic Tension Timeline;65,824;30
Harmonic Tension Timeline;65,825;30
Harmonic Tension Timeline;65,825;52
Harmonic Tension Timeline;65,848;52
Harmonic Tension Timeline;65,848;68
Harmonic Tension Timeline;65,882;68
Harmonic Tension Timeline;65,882;48
Harmonic Tension Timeline;65,882;68
Harmonic Tension Timeline;65,882;90
Harmonic Tension Timeline;65,918;90
Harmonic Tension Timeline;65,918;66
Harmonic Tension Timeline;65,965;66
Harmonic Tension Timeline;65,965;56
Harmonic Tension Timeline;66,010;56
Harmonic Tension Timeline;66,010;37
Harmonic Tension Timeline;66,033;37
Harmonic Tension Timeline;66,033;27
Harmonic Tension Timeline;66,045;27
Harmonic Tension Timeline;66,045;22
Harmonic Tension Timeline;66,045;10
Harmonic Tension Timeline;66,045;22
Harmonic Tension Timeline;66,056;22
Harmonic Tension Timeline;66,056;11
Harmonic Tension Timeline;66,056;22
Harmonic Tension Timeline;66,080;22
Harmonic Tension Timeline;66,080;30
Harmonic Tension Timeline;66,149;30
Harmonic Tension Timeline;66,149;23
Harmonic Tension Timeline;66,150;23
Harmonic Tension Timeline;66,150;30
Harmonic Tension Timeline;66,161;30
Harmonic Tension Timeline;66,161;14
Harmonic Tension Timeline;66,184;14
Harmonic Tension Timeline;66,184;9
Harmonic Tension Timeline;66,196;9
Harmonic Tension Timeline;66,196;14
Harmonic Tension Timeline;66,207;14
Harmonic Tension Timeline;66,207;6
Harmonic Tension Timeline;66,207;14
Harmonic Tension Timeline;66,208;14
Harmonic Tension Timeline;66,208;6
Harmonic Tension Timeline;66,242;6
Harmonic Tension Timeline;66,242;0
Harmonic Tension Timeline;66,311;0
Harmonic Tension Timeline;66,311;0
Harmonic Tension Timeline;66,313;0
Harmonic Tension Timeline;66,313;0
Harmonic Tension Timeline;66,313;0
Harmonic Tension Timeline;66,324;0
Harmonic Tension Timeline;66,324;0
Harmonic Tension Timeline;66,370;0
Harmonic Tension Timeline;66,370;6
Harmonic Tension Timeline;66,440;6
Harmonic Tension Timeline;66,440;0
Harmonic Tension Timeline;66,475;0
Harmonic Tension Timeline;66,475;20
Harmonic Tension Timeline;66,486;20
Harmonic Tension Timeline;66,486;10
Harmonic Tension Timeline;66,498;10
Harmonic Tension Timeline;66,498;0
Harmonic Tension Timeline;66,545;0
Harmonic Tension Timeline;66,545;0
Harmonic Tension Timeline;66,545;0
Harmonic Tension Timeline;66,568;0
Harmonic Tension Timeline;66,568;6
Harmonic Tension Timeline;66,579;6
Harmonic Tension Timeline;66,579;4
Harmonic Tension Timeline;66,579;6
Harmonic Tension Timeline;66,638;6
Harmonic Tension Timeline;66,638;4
Harmonic Tension Timeline;66,638;6
Harmonic Tension Timeline;66,649;6
Harmonic Tension Timeline;66,649;12
Harmonic Tension Timeline;66,719;12
Harmonic Tension Timeline;66,719;8
Harmonic Tension Timeline;66,719;12
Harmonic Tension Timeline;66,730;12
Harmonic Tension Timeline;66,730;6
Harmonic Tension Timeline;66,730;12
Harmonic Tension Timeline;66,742;12
Harmonic Tension Timeline;66,742;6
Harmonic Tension Timeline;66,765;6
Harmonic Tension Timeline;66,765;12
Harmonic Tension Timeline;66,834;12
Harmonic Tension Timeline;66,834;6
Harmonic Tension Timeline;66,834;12
Harmonic Tension Timeline;66,870;12
Harmonic Tension Timeline;66,870;8
Harmonic Tension Timeline;66,870;4
Harmonic Tension Timeline;66,870;8
Harmonic Tension Timeline;66,893;8
Harmonic Tension Timeline;66,893;22
Harmonic Tension Timeline;66,939;22
Harmonic Tension Timeline;66,939;14
Harmonic Tension Timeline;66,974;14
Harmonic Tension Timeline;66,974;22
Harmonic Tension Timeline;67,044;22
Harmonic Tension Timeline;67,044;14
Harmonic Tension Timeline;67,044;6
Harmonic Tension Timeline;67,044;14
Harmonic Tension Timeline;67,055;14
Harmonic Tension Timeline;67,055;19
Harmonic Tension Timeline;67,055;29
Harmonic Tension Timeline;67,055;44
Harmonic Tension Timeline;67,067;44
Harmonic Tension Timeline;67,067;22
Harmonic Tension Timeline;67,090;22
Harmonic Tension Timeline;67,090;44
Harmonic Tension Timeline;67,114;44
Harmonic Tension Timeline;67,114;65
Harmonic Tension Timeline;67,171;65
Harmonic Tension Timeline;67,171;58
Harmonic Tension Timeline;67,205;58
Harmonic Tension Timeline;67,205;34
Harmonic Tension Timeline;67,206;34
Harmonic Tension Timeline;67,206;18
Harmonic Tension Timeline;67,206;37
Harmonic Tension Timeline;67,218;37
Harmonic Tension Timeline;67,218;30
Harmonic Tension Timeline;67,218;22
Harmonic Tension Timeline;67,218;6
Harmonic Tension Timeline;67,218;9
Harmonic Tension Timeline;67,218;27
Harmonic Tension Timeline;67,218;37
Harmonic Tension Timeline;67,252;37
Harmonic Tension Timeline;67,252;61
Harmonic Tension Timeline;67,252;85
Harmonic Tension Timeline;67,252;116
Harmonic Tension Timeline;67,368;116
Harmonic Tension Timeline;67,368;86
Harmonic Tension Timeline;67,369;86
Harmonic Tension Timeline;67,369;116
Harmonic Tension Timeline;67,392;116
Harmonic Tension Timeline;67,392;90
Harmonic Tension Timeline;67,392;62
Harmonic Tension Timeline;67,392;85
Harmonic Tension Timeline;67,403;85
Harmonic Tension Timeline;67,403;56
Harmonic Tension Timeline;67,403;46
Harmonic Tension Timeline;67,403;68
Harmonic Tension Timeline;67,403;82
Harmonic Tension Timeline;67,403;116
Harmonic Tension Timeline;67,439;116
Harmonic Tension Timeline;67,439;86
Harmonic Tension Timeline;67,439;116
Harmonic Tension Timeline;67,484;116
Harmonic Tension Timeline;67,484;136
Harmonic Tension Timeline;67,543;136
Harmonic Tension Timeline;67,543;120
Harmonic Tension Timeline;67,543;88
Harmonic Tension Timeline;67,544;88
Harmonic Tension Timeline;67,544;70
Harmonic Tension Timeline;67,555;70
Harmonic Tension Timeline;67,555;46
Harmonic Tension Timeline;67,555;64
Harmonic Tension Timeline;67,555;88
Harmonic Tension Timeline;67,568;88
Harmonic Tension Timeline;67,568;61
Harmonic Tension Timeline;67,591;61
Harmonic Tension Timeline;67,591;36
Harmonic Tension Timeline;67,591;61
Harmonic Tension Timeline;67,614;61
Harmonic Tension Timeline;67,614;43
Harmonic Tension Timeline;67,614;33
Harmonic Tension Timeline;67,614;51
Harmonic Tension Timeline;67,614;61
Harmonic Tension Timeline;67,625;61
Harmonic Tension Timeline;67,625;37
Harmonic Tension Timeline;67,625;61
Harmonic Tension Timeline;67,626;61
Harmonic Tension Timeline;67,626;37
Harmonic Tension Timeline;67,718;37
Harmonic Tension Timeline;67,718;47
Harmonic Tension Timeline;67,869;47
Harmonic Tension Timeline;67,869;29
Harmonic Tension Timeline;67,984;29
Harmonic Tension Timeline;67,984;19
Harmonic Tension Timeline;68,008;19
Harmonic Tension Timeline;68,008;69
Harmonic Tension Timeline;68,031;69
Harmonic Tension Timeline;68,031;56
Harmonic Tension Timeline;68,032;56
Harmonic Tension Timeline;68,032;30
Harmonic Tension Timeline;68,055;30
Harmonic Tension Timeline;68,055;16
Harmonic Tension Timeline;68,055;30
Harmonic Tension Timeline;68,066;30
Harmonic Tension Timeline;68,066;20
Harmonic Tension Timeline;68,067;20
Harmonic Tension Timeline;68,067;30
Harmonic Tension Timeline;68,101;30
Harmonic Tension Timeline;68,101;20
Harmonic Tension Timeline;68,101;30
Harmonic Tension Timeline;68,136;30
Harmonic Tension Timeline;68,136;20
Harmonic Tension Timeline;68,136;30
Harmonic Tension Timeline;68,136;40
Harmonic Tension Timeline;68,136;56
Harmonic Tension Timeline;68,206;56
Harmonic Tension Timeline;68,206;32
Harmonic Tension Timeline;68,206;24
Harmonic Tension Timeline;68,206;40
Harmonic Tension Timeline;68,206;56
Harmonic Tension Timeline;68,217;56
Harmonic Tension Timeline;68,217;46
Harmonic Tension Timeline;68,218;46
Harmonic Tension Timeline;68,218;56
Harmonic Tension Timeline;68,229;56
Harmonic Tension Timeline;68,229;14
Harmonic Tension Timeline;68,229;12
Harmonic Tension Timeline;68,229;14
Harmonic Tension Timeline;68,229;32
Harmonic Tension Timeline;68,264;32
Harmonic Tension Timeline;68,264;27
Harmonic Tension Timeline;68,264;32
Harmonic Tension Timeline;68,264;50
Harmonic Tension Timeline;68,265;50
Harmonic Tension Timeline;68,265;42
Harmonic Tension Timeline;68,299;42
Harmonic Tension Timeline;68,299;27
Harmonic Tension Timeline;68,310;27
Harmonic Tension Timeline;68,310;42
Harmonic Tension Timeline;68,345;42
Harmonic Tension Timeline;68,345;34
Harmonic Tension Timeline;68,345;42
Harmonic Tension Timeline;68,346;42
Harmonic Tension Timeline;68,346;20
Harmonic Tension Timeline;68,346;14
Harmonic Tension Timeline;68,379;14
Harmonic Tension Timeline;68,379;6
Harmonic Tension Timeline;68,380;6
Harmonic Tension Timeline;68,380;3
Harmonic Tension Timeline;68,380;0
Harmonic Tension Timeline;68,380;3
Harmonic Tension Timeline;68,380;6
Harmonic Tension Timeline;68,473;6
Harmonic Tension Timeline;68,473;40
Harmonic Tension Timeline;68,484;40
Harmonic Tension Timeline;68,484;76
Harmonic Tension Timeline;68,496;76
Harmonic Tension Timeline;68,496;46
Harmonic Tension Timeline;68,496;24
Harmonic Tension Timeline;68,543;24
Harmonic Tension Timeline;68,543;42
Harmonic Tension Timeline;68,543;57
Harmonic Tension Timeline;68,566;57
Harmonic Tension Timeline;68,566;40
Harmonic Tension Timeline;68,566;57
Harmonic Tension Timeline;68,577;57
Harmonic Tension Timeline;68,577;13
Harmonic Tension Timeline;68,577;16
Harmonic Tension Timeline;68,589;16
Harmonic Tension Timeline;68,589;34
Harmonic Tension Timeline;68,589;68
Harmonic Tension Timeline;68,612;68
Harmonic Tension Timeline;68,612;96
Harmonic Tension Timeline;68,624;96
Harmonic Tension Timeline;68,624;83
Harmonic Tension Timeline;68,635;83
Harmonic Tension Timeline;68,635;62
Harmonic Tension Timeline;68,647;62
Harmonic Tension Timeline;68,647;46
Harmonic Tension Timeline;68,647;62
Harmonic Tension Timeline;68,693;62
Harmonic Tension Timeline;68,693;40
Harmonic Tension Timeline;68,704;40
Harmonic Tension Timeline;68,704;12
Harmonic Tension Timeline;68,705;12
Harmonic Tension Timeline;68,705;40
Harmonic Tension Timeline;68,717;40
Harmonic Tension Timeline;68,717;46
Harmonic Tension Timeline;68,751;46
Harmonic Tension Timeline;68,751;34
Harmonic Tension Timeline;68,751;46
Harmonic Tension Timeline;68,798;46
Harmonic Tension Timeline;68,798;20
Harmonic Tension Timeline;68,821;20
Harmonic Tension Timeline;68,821;18
Harmonic Tension Timeline;68,891;18
Harmonic Tension Timeline;68,891;16
Harmonic Tension Timeline;68,891;34
Harmonic Tension Timeline;68,891;40
Harmonic Tension Timeline;68,902;40
Harmonic Tension Timeline;68,902;66
Harmonic Tension Timeline;68,926;66
Harmonic Tension Timeline;68,926;93
Harmonic Tension Timeline;68,949;93
Harmonic Tension Timeline;68,949;72
Harmonic Tension Timeline;68,949;93
Harmonic Tension Timeline;69,029;93
Harmonic Tension Timeline;69,029;72
Harmonic Tension Timeline;69,030;72
Harmonic Tension Timeline;69,030;93
Harmonic Tension Timeline;69,053;93
Harmonic Tension Timeline;69,053;153
Harmonic Tension Timeline;69,065;153
Harmonic Tension Timeline;69,065;114
Harmonic Tension Timeline;69,065;159
Harmonic Tension Timeline;69,065;201
Harmonic Tension Timeline;69,066;201
Harmonic Tension Timeline;69,066;142
Harmonic Tension Timeline;69,100;142
Harmonic Tension Timeline;69,100;116
Harmonic Tension Timeline;69,100;90
Harmonic Tension Timeline;69,100;116
Harmonic Tension Timeline;69,134;116
Harmonic Tension Timeline;69,134;86
Harmonic Tension Timeline;69,193;86
Harmonic Tension Timeline;69,193;64
Harmonic Tension Timeline;69,204;64
Harmonic Tension Timeline;69,204;24
Harmonic Tension Timeline;69,204;17
Harmonic Tension Timeline;69,204;45
Harmonic Tension Timeline;69,239;45
Harmonic Tension Timeline;69,239;22
Harmonic Tension Timeline;69,240;22
Harmonic Tension Timeline;69,240;28
Harmonic Tension Timeline;69,378;28
Harmonic Tension Timeline;69,378;55
Harmonic Tension Timeline;69,414;55
Harmonic Tension Timeline;69,414;32
Harmonic Tension Timeline;69,459;32
Harmonic Tension Timeline;69,459;10
Harmonic Tension Timeline;69,506;10
Harmonic Tension Timeline;69,506;28
Harmonic Tension Timeline;69,554;28
Harmonic Tension Timeline;69,554;16
Harmonic Tension Timeline;69,554;4
Harmonic Tension Timeline;69,554;16
Harmonic Tension Timeline;69,554;28
Harmonic Tension Timeline;69,589;28
Harmonic Tension Timeline;69,589;22
Harmonic Tension Timeline;69,589;8
Harmonic Tension Timeline;69,589;22
Harmonic Tension Timeline;69,589;28
Harmonic Tension Timeline;69,590;28
Harmonic Tension Timeline;69,590;22
Harmonic Tension Timeline;69,600;22
Harmonic Tension Timeline;69,600;33
Harmonic Tension Timeline;69,705;33
Harmonic Tension Timeline;69,705;11
Harmonic Tension Timeline;69,705;33
Harmonic Tension Timeline;69,728;33
Harmonic Tension Timeline;69,728;22
Harmonic Tension Timeline;69,728;33
Harmonic Tension Timeline;69,879;33
Harmonic Tension Timeline;69,879;49
Harmonic Tension Timeline;69,902;49
Harmonic Tension Timeline;69,902;70
Harmonic Tension Timeline;69,960;70
Harmonic Tension Timeline;69,960;50
Harmonic Tension Timeline;70,042;50
Harmonic Tension Timeline;70,042;34
Harmonic Tension Timeline;70,042;52
Harmonic Tension Timeline;70,042;62
Harmonic Tension Timeline;70,042;83
Harmonic Tension Timeline;70,053;83
Harmonic Tension Timeline;70,053;41
Harmonic Tension Timeline;70,088;41
Harmonic Tension Timeline;70,088;28
Harmonic Tension Timeline;70,111;28
Harmonic Tension Timeline;70,111;15
Harmonic Tension Timeline;70,111;28
Harmonic Tension Timeline;70,146;28
Harmonic Tension Timeline;70,146;18
Harmonic Tension Timeline;70,146;28
Harmonic Tension Timeline;70,216;28
Harmonic Tension Timeline;70,216;46
Harmonic Tension Timeline;70,239;46
Harmonic Tension Timeline;70,239;29
Harmonic Tension Timeline;70,239;12
Harmonic Tension Timeline;70,239;26
Harmonic Tension Timeline;70,239;46
Harmonic Tension Timeline;70,297;46
Harmonic Tension Timeline;70,297;28
Harmonic Tension Timeline;70,297;62
Harmonic Tension Timeline;70,331;62
Harmonic Tension Timeline;70,331;41
Harmonic Tension Timeline;70,331;62
Harmonic Tension Timeline;70,332;62
Harmonic Tension Timeline;70,332;41
Harmonic Tension Timeline;70,378;41
Harmonic Tension Timeline;70,378;30
Harmonic Tension Timeline;70,378;8
Harmonic Tension Timeline;70,390;8
Harmonic Tension Timeline;70,390;26
Harmonic Tension Timeline;70,412;26
Harmonic Tension Timeline;70,412;17
Harmonic Tension Timeline;70,412;26
Harmonic Tension Timeline;70,471;26
Harmonic Tension Timeline;70,471;8
Harmonic Tension Timeline;70,482;8
Harmonic Tension Timeline;70,482;0
Harmonic Tension Timeline;70,517;0
Harmonic Tension Timeline;70,517;0
Harmonic Tension Timeline;70,518;0
Harmonic Tension Timeline;70,518;0
Harmonic Tension Timeline;70,518;0
Harmonic Tension Timeline;70,576;0
Harmonic Tension Timeline;70,576;2
Harmonic Tension Timeline;70,588;2
Harmonic Tension Timeline;70,588;0
Harmonic Tension Timeline;70,588;2
Harmonic Tension Timeline;70,588;4
Harmonic Tension Timeline;70,588;30
Harmonic Tension Timeline;70,599;30
Harmonic Tension Timeline;70,599;49
Harmonic Tension Timeline;70,669;49
Harmonic Tension Timeline;70,669;33
Harmonic Tension Timeline;70,669;49
Harmonic Tension Timeline;70,692;49
Harmonic Tension Timeline;70,692;33
Harmonic Tension Timeline;70,726;33
Harmonic Tension Timeline;70,726;42
Harmonic Tension Timeline;70,727;42
Harmonic Tension Timeline;70,727;27
Harmonic Tension Timeline;70,739;27
Harmonic Tension Timeline;70,739;16
Harmonic Tension Timeline;70,739;27
Harmonic Tension Timeline;70,750;27
Harmonic Tension Timeline;70,750;11
Harmonic Tension Timeline;70,750;27
Harmonic Tension Timeline;70,877;27
Harmonic Tension Timeline;70,877;18
Harmonic Tension Timeline;70,877;10
Harmonic Tension Timeline;70,877;0
Harmonic Tension Timeline;70,877;10
Harmonic Tension Timeline;70,877;22
Harmonic Tension Timeline;70,877;32
Harmonic Tension Timeline;70,878;32
Harmonic Tension Timeline;70,878;4
Harmonic Tension Timeline;70,878;2
Harmonic Tension Timeline;70,878;0
Harmonic Tension Timeline;70,889;0
Harmonic Tension Timeline;70,889;6
Harmonic Tension Timeline;70,901;6
Harmonic Tension Timeline;70,901;10
Harmonic Tension Timeline;71,063;10
Harmonic Tension Timeline;71,063;0
Harmonic Tension Timeline;71,064;0
Harmonic Tension Timeline;71,064;10
Harmonic Tension Timeline;71,064;18
Harmonic Tension Timeline;71,192;18
Harmonic Tension Timeline;71,192;10
Harmonic Tension Timeline;71,226;10
Harmonic Tension Timeline;71,226;26
Harmonic Tension Timeline;71,226;63
Harmonic Tension Timeline;71,319;63
Harmonic Tension Timeline;71,319;26
Harmonic Tension Timeline;71,377;26
Harmonic Tension Timeline;71,377;35
Harmonic Tension Timeline;71,399;35
Harmonic Tension Timeline;71,399;26
Harmonic Tension Timeline;71,400;26
Harmonic Tension Timeline;71,400;35
Harmonic Tension Timeline;71,400;63
Harmonic Tension Timeline;71,434;63
Harmonic Tension Timeline;71,434;46
Harmonic Tension Timeline;71,434;63
Harmonic Tension Timeline;71,435;63
Harmonic Tension Timeline;71,435;46
Harmonic Tension Timeline;71,493;46
Harmonic Tension Timeline;71,493;35
Harmonic Tension Timeline;71,516;35
Harmonic Tension Timeline;71,516;17
Harmonic Tension Timeline;71,541;17
Harmonic Tension Timeline;71,541;8
Harmonic Tension Timeline;71,552;8
Harmonic Tension Timeline;71,552;0
Harmonic Tension Timeline;71,552;2
Harmonic Tension Timeline;71,552;10
Harmonic Tension Timeline;71,564;10
Harmonic Tension Timeline;71,564;25
Harmonic Tension Timeline;71,564;38
Harmonic Tension Timeline;71,575;38
Harmonic Tension Timeline;71,575;48
Harmonic Tension Timeline;71,586;48
Harmonic Tension Timeline;71,586;28
Harmonic Tension Timeline;71,586;48
Harmonic Tension Timeline;71,586;60
Harmonic Tension Timeline;71,588;60
Harmonic Tension Timeline;71,588;40
Harmonic Tension Timeline;71,633;40
Harmonic Tension Timeline;71,633;28
Harmonic Tension Timeline;71,633;40
Harmonic Tension Timeline;71,645;40
Harmonic Tension Timeline;71,645;25
Harmonic Tension Timeline;71,656;25
Harmonic Tension Timeline;71,656;16
Harmonic Tension Timeline;71,715;16
Harmonic Tension Timeline;71,715;0
Harmonic Tension Timeline;71,715;12
Harmonic Tension Timeline;71,726;12
Harmonic Tension Timeline;71,726;26
Harmonic Tension Timeline;71,726;46
Harmonic Tension Timeline;71,866;46
Harmonic Tension Timeline;71,866;28
Harmonic Tension Timeline;71,877;28
Harmonic Tension Timeline;71,877;17
Harmonic Tension Timeline;71,877;28
Harmonic Tension Timeline;71,947;28
Harmonic Tension Timeline;71,947;15
Harmonic Tension Timeline;72,063;15
Harmonic Tension Timeline;72,063;9
Harmonic Tension Timeline;72,063;15
Harmonic Tension Timeline;72,086;15
Harmonic Tension Timeline;72,086;8
Harmonic Tension Timeline;72,121;8
Harmonic Tension Timeline;72,121;0
Harmonic Tension Timeline;72,156;0
Harmonic Tension Timeline;72,156;0
Harmonic Tension Timeline;72,225;0
Harmonic Tension Timeline;72,225;12
Harmonic Tension Timeline;72,319;12
Harmonic Tension Timeline;72,319;29
Harmonic Tension Timeline;72,366;29
Harmonic Tension Timeline;72,366;17
Harmonic Tension Timeline;72,411;17
Harmonic Tension Timeline;72,411;4
Harmonic Tension Timeline;72,457;4
Harmonic Tension Timeline;72,457;0
Harmonic Tension Timeline;72,480;0
Harmonic Tension Timeline;72,480;0
Harmonic Tension Timeline;72,492;0
Harmonic Tension Timeline;72,492;0
Harmonic Tension Timeline;72,539;0
Harmonic Tension Timeline;72,539;0
Harmonic Tension Timeline;72,551;0
Harmonic Tension Timeline;72,551;0
Harmonic Tension Timeline;72,620;0
Harmonic Tension Timeline;72,620;0
Harmonic Tension Timeline;72,620;0
Harmonic Tension Timeline;72,691;0
Harmonic Tension Timeline;72,691;0
Harmonic Tension Timeline;72,714;0
Harmonic Tension Timeline;72,714;2
Harmonic Tension Timeline;72,714;4
Harmonic Tension Timeline;72,724;4
Harmonic Tension Timeline;72,724;0
Harmonic Tension Timeline;72,725;0
Harmonic Tension Timeline;72,725;4
Harmonic Tension Timeline;72,795;4
Harmonic Tension Timeline;72,795;14
Harmonic Tension Timeline;72,876;14
Harmonic Tension Timeline;72,876;4
Harmonic Tension Timeline;72,910;4
Harmonic Tension Timeline;72,910;0
Harmonic Tension Timeline;72,910;4
Harmonic Tension Timeline;72,922;4
Harmonic Tension Timeline;72,922;6
Harmonic Tension Timeline;72,933;6
Harmonic Tension Timeline;72,933;36
Harmonic Tension Timeline;73,003;36
Harmonic Tension Timeline;73,003;26
Harmonic Tension Timeline;73,026;26
Harmonic Tension Timeline;73,026;4
Harmonic Tension Timeline;73,050;4
Harmonic Tension Timeline;73,050;14
Harmonic Tension Timeline;73,108;14
Harmonic Tension Timeline;73,108;4
Harmonic Tension Timeline;73,190;4
Harmonic Tension Timeline;73,190;2
Harmonic Tension Timeline;73,224;2
Harmonic Tension Timeline;73,224;22
Harmonic Tension Timeline;73,258;22
Harmonic Tension Timeline;73,258;36
Harmonic Tension Timeline;73,328;36
Harmonic Tension Timeline;73,328;4
Harmonic Tension Timeline;73,364;4
Harmonic Tension Timeline;73,364;8
Harmonic Tension Timeline;73,375;8
Harmonic Tension Timeline;73,375;18
Harmonic Tension Timeline;73,445;18
Harmonic Tension Timeline;73,445;36
Harmonic Tension Timeline;73,456;36
Harmonic Tension Timeline;73,456;24
Harmonic Tension Timeline;73,516;24
Harmonic Tension Timeline;73,516;6
Harmonic Tension Timeline;73,527;6
Harmonic Tension Timeline;73,527;4
Harmonic Tension Timeline;73,550;4
Harmonic Tension Timeline;73,550;2
Harmonic Tension Timeline;73,550;4
Harmonic Tension Timeline;73,550;8
Harmonic Tension Timeline;73,550;18
Harmonic Tension Timeline;73,574;18
Harmonic Tension Timeline;73,574;37
Harmonic Tension Timeline;73,690;37
Harmonic Tension Timeline;73,690;18
Harmonic Tension Timeline;73,748;18
Harmonic Tension Timeline;73,748;12
Harmonic Tension Timeline;73,875;12
Harmonic Tension Timeline;73,875;4
Harmonic Tension Timeline;73,875;12
Harmonic Tension Timeline;73,886;12
Harmonic Tension Timeline;73,886;50
Harmonic Tension Timeline;73,956;50
Harmonic Tension Timeline;73,956;12
Harmonic Tension Timeline;73,979;12
Harmonic Tension Timeline;73,979;10
Harmonic Tension Timeline;73,979;0
Harmonic Tension Timeline;74,049;0
Harmonic Tension Timeline;74,049;0
Harmonic Tension Timeline;74,050;0
Harmonic Tension Timeline;74,050;0
Harmonic Tension Timeline;74,050;0
Harmonic Tension Timeline;74,050;6
Harmonic Tension Timeline;74,061;6
Harmonic Tension Timeline;74,061;18
Harmonic Tension Timeline;74,119;18
Harmonic Tension Timeline;74,119;14
Harmonic Tension Timeline;74,119;18
Harmonic Tension Timeline;74,120;18
Harmonic Tension Timeline;74,120;14
Harmonic Tension Timeline;74,224;14
Harmonic Tension Timeline;74,224;4
Harmonic Tension Timeline;74,224;14
Harmonic Tension Timeline;74,328;14
Harmonic Tension Timeline;74,328;10
Harmonic Tension Timeline;74,328;14
Harmonic Tension Timeline;74,352;14
Harmonic Tension Timeline;74,352;4
Harmonic Tension Timeline;74,375;4
Harmonic Tension Timeline;74,375;0
Harmonic Tension Timeline;74,375;6
Harmonic Tension Timeline;74,456;6
Harmonic Tension Timeline;74,456;0
Harmonic Tension Timeline;74,515;0
Harmonic Tension Timeline;74,515;0
Harmonic Tension Timeline;74,525;0
Harmonic Tension Timeline;74,525;8
Harmonic Tension Timeline;74,583;8
Harmonic Tension Timeline;74,583;10
Harmonic Tension Timeline;74,607;10
Harmonic Tension Timeline;74,607;26
Harmonic Tension Timeline;74,607;53
Harmonic Tension Timeline;74,619;53
Harmonic Tension Timeline;74,619;78
Harmonic Tension Timeline;74,619;96
Harmonic Tension Timeline;74,641;96
Harmonic Tension Timeline;74,641;80
Harmonic Tension Timeline;74,642;80
Harmonic Tension Timeline;74,642;96
Harmonic Tension Timeline;74,711;96
Harmonic Tension Timeline;74,711;162
Harmonic Tension Timeline;74,723;162
Harmonic Tension Timeline;74,723;138
Harmonic Tension Timeline;74,723;162
Harmonic Tension Timeline;74,734;162
Harmonic Tension Timeline;74,734;180
Harmonic Tension Timeline;74,770;180
Harmonic Tension Timeline;74,770;154
Harmonic Tension Timeline;74,781;154
Harmonic Tension Timeline;74,781;88
Harmonic Tension Timeline;74,781;118
Harmonic Tension Timeline;74,793;118
Harmonic Tension Timeline;74,793;99
Harmonic Tension Timeline;74,793;118
Harmonic Tension Timeline;74,804;118
Harmonic Tension Timeline;74,804;84
Harmonic Tension Timeline;74,862;84
Harmonic Tension Timeline;74,862;73
Harmonic Tension Timeline;74,885;73
Harmonic Tension Timeline;74,885;18
Harmonic Tension Timeline;74,932;18
Harmonic Tension Timeline;74,932;12
Harmonic Tension Timeline;74,944;12
Harmonic Tension Timeline;74,944;26
Harmonic Tension Timeline;74,955;26
Harmonic Tension Timeline;74,955;18
Harmonic Tension Timeline;74,955;9
Harmonic Tension Timeline;74,955;14
Harmonic Tension Timeline;74,955;26
Harmonic Tension Timeline;75,048;26
Harmonic Tension Timeline;75,048;16
Harmonic Tension Timeline;75,048;26
Harmonic Tension Timeline;75,048;44
Harmonic Tension Timeline;75,106;44
Harmonic Tension Timeline;75,106;60
Harmonic Tension Timeline;75,210;60
Harmonic Tension Timeline;75,210;30
Harmonic Tension Timeline;75,222;30
Harmonic Tension Timeline;75,222;68
Harmonic Tension Timeline;75,222;82
Harmonic Tension Timeline;75,222;114
Harmonic Tension Timeline;75,292;114
Harmonic Tension Timeline;75,292;88
Harmonic Tension Timeline;75,373;88
Harmonic Tension Timeline;75,373;50
Harmonic Tension Timeline;75,384;50
Harmonic Tension Timeline;75,384;42
Harmonic Tension Timeline;75,384;72
Harmonic Tension Timeline;75,384;102
Harmonic Tension Timeline;75,408;102
Harmonic Tension Timeline;75,408;70
Harmonic Tension Timeline;75,454;70
Harmonic Tension Timeline;75,454;48
Harmonic Tension Timeline;75,454;38
Harmonic Tension Timeline;75,454;56
Harmonic Tension Timeline;75,454;70
Harmonic Tension Timeline;75,489;70
Harmonic Tension Timeline;75,489;46
Harmonic Tension Timeline;75,502;46
Harmonic Tension Timeline;75,502;32
Harmonic Tension Timeline;75,514;32
Harmonic Tension Timeline;75,514;18
Harmonic Tension Timeline;75,549;18
Harmonic Tension Timeline;75,549;9
Harmonic Tension Timeline;75,549;22
Harmonic Tension Timeline;75,560;22
Harmonic Tension Timeline;75,560;17
Harmonic Tension Timeline;75,560;8
Harmonic Tension Timeline;75,560;10
Harmonic Tension Timeline;75,560;22
Harmonic Tension Timeline;75,560;35
Harmonic Tension Timeline;75,572;35
Harmonic Tension Timeline;75,572;13
Harmonic Tension Timeline;75,572;16
Harmonic Tension Timeline;75,572;40
Harmonic Tension Timeline;75,642;40
Harmonic Tension Timeline;75,642;72
Harmonic Tension Timeline;75,653;72
Harmonic Tension Timeline;75,653;51
Harmonic Tension Timeline;75,711;51
Harmonic Tension Timeline;75,711;44
Harmonic Tension Timeline;75,711;23
Harmonic Tension Timeline;75,711;30
Harmonic Tension Timeline;75,723;30
Harmonic Tension Timeline;75,723;17
Harmonic Tension Timeline;75,723;11
Harmonic Tension Timeline;75,723;22
Harmonic Tension Timeline;75,723;33
Harmonic Tension Timeline;75,723;43
Harmonic Tension Timeline;75,723;64
Harmonic Tension Timeline;75,885;64
Harmonic Tension Timeline;75,885;78
Harmonic Tension Timeline;75,908;78
Harmonic Tension Timeline;75,908;66
Harmonic Tension Timeline;75,908;48
Harmonic Tension Timeline;75,908;36
Harmonic Tension Timeline;75,908;46
Harmonic Tension Timeline;75,908;60
Harmonic Tension Timeline;75,978;60
Harmonic Tension Timeline;75,978;40
Harmonic Tension Timeline;75,978;25
Harmonic Tension Timeline;75,990;25
Harmonic Tension Timeline;75,990;6
Harmonic Tension Timeline;76,036;6
Harmonic Tension Timeline;76,036;4
Harmonic Tension Timeline;76,036;2
Harmonic Tension Timeline;76,048;2
Harmonic Tension Timeline;76,048;4
Harmonic Tension Timeline;76,082;4
Harmonic Tension Timeline;76,082;27
Harmonic Tension Timeline;76,082;48
Harmonic Tension Timeline;76,105;48
Harmonic Tension Timeline;76,105;38
Harmonic Tension Timeline;76,106;38
Harmonic Tension Timeline;76,106;56
Harmonic Tension Timeline;76,106;84
Harmonic Tension Timeline;76,106;107
Harmonic Tension Timeline;76,175;107
Harmonic Tension Timeline;76,175;80
Harmonic Tension Timeline;76,175;107
Harmonic Tension Timeline;76,188;107
Harmonic Tension Timeline;76,188;80
Harmonic Tension Timeline;76,188;107
Harmonic Tension Timeline;76,233;107
Harmonic Tension Timeline;76,233;80
Harmonic Tension Timeline;76,233;107
Harmonic Tension Timeline;76,256;107
Harmonic Tension Timeline;76,256;80
Harmonic Tension Timeline;76,256;107
Harmonic Tension Timeline;76,257;107
Harmonic Tension Timeline;76,257;80
Harmonic Tension Timeline;76,303;80
Harmonic Tension Timeline;76,303;70
Harmonic Tension Timeline;76,315;70
Harmonic Tension Timeline;76,315;46
Harmonic Tension Timeline;76,373;46
Harmonic Tension Timeline;76,373;17
Harmonic Tension Timeline;76,373;4
Harmonic Tension Timeline;76,373;31
Harmonic Tension Timeline;76,373;38
Harmonic Tension Timeline;76,373;53
Harmonic Tension Timeline;76,384;53
Harmonic Tension Timeline;76,384;60
Harmonic Tension Timeline;76,477;60
Harmonic Tension Timeline;76,477;30
Harmonic Tension Timeline;76,477;60
Harmonic Tension Timeline;76,489;60
Harmonic Tension Timeline;76,489;53
Harmonic Tension Timeline;76,513;53
Harmonic Tension Timeline;76,513;27
Harmonic Tension Timeline;76,513;22
Harmonic Tension Timeline;76,547;22
Harmonic Tension Timeline;76,547;2
Harmonic Tension Timeline;76,547;10
Harmonic Tension Timeline;76,558;10
Harmonic Tension Timeline;76,558;0
Harmonic Tension Timeline;76,558;0
Harmonic Tension Timeline;76,570;0
Harmonic Tension Timeline;76,570;14
Harmonic Tension Timeline;76,581;14
Harmonic Tension Timeline;76,581;28
Harmonic Tension Timeline;76,605;28
Harmonic Tension Timeline;76,605;40
Harmonic Tension Timeline;76,617;40
Harmonic Tension Timeline;76,617;90
Harmonic Tension Timeline;76,628;90
Harmonic Tension Timeline;76,628;70
Harmonic Tension Timeline;76,628;90
Harmonic Tension Timeline;76,651;90
Harmonic Tension Timeline;76,651;64
Harmonic Tension Timeline;76,664;64
Harmonic Tension Timeline;76,664;52
Harmonic Tension Timeline;76,675;52
Harmonic Tension Timeline;76,675;72
Harmonic Tension Timeline;76,685;72
Harmonic Tension Timeline;76,685;54
Harmonic Tension Timeline;76,709;54
Harmonic Tension Timeline;76,709;16
Harmonic Tension Timeline;76,709;8
Harmonic Tension Timeline;76,709;38
Harmonic Tension Timeline;76,709;54
Harmonic Tension Timeline;76,732;54
Harmonic Tension Timeline;76,732;38
Harmonic Tension Timeline;76,756;38
Harmonic Tension Timeline;76,756;22
Harmonic Tension Timeline;76,756;28
Harmonic Tension Timeline;76,814;28
Harmonic Tension Timeline;76,814;40
Harmonic Tension Timeline;76,883;40
Harmonic Tension Timeline;76,883;62
Harmonic Tension Timeline;76,883;83
Harmonic Tension Timeline;76,919;83
Harmonic Tension Timeline;76,919;41
Harmonic Tension Timeline;76,919;83
Harmonic Tension Timeline;76,929;83
Harmonic Tension Timeline;76,929;62
Harmonic Tension Timeline;76,930;62
Harmonic Tension Timeline;76,930;83
Harmonic Tension Timeline;77,034;83
Harmonic Tension Timeline;77,034;62
Harmonic Tension Timeline;77,034;41
Harmonic Tension Timeline;77,034;62
Harmonic Tension Timeline;77,046;62
Harmonic Tension Timeline;77,046;110
Harmonic Tension Timeline;77,047;110
Harmonic Tension Timeline;77,047;64
Harmonic Tension Timeline;77,057;64
Harmonic Tension Timeline;77,057;45
Harmonic Tension Timeline;77,057;64
Harmonic Tension Timeline;77,057;85
Harmonic Tension Timeline;77,058;85
Harmonic Tension Timeline;77,058;60
Harmonic Tension Timeline;77,139;60
Harmonic Tension Timeline;77,139;29
Harmonic Tension Timeline;77,161;29
Harmonic Tension Timeline;77,161;17
Harmonic Tension Timeline;77,185;17
Harmonic Tension Timeline;77,185;8
Harmonic Tension Timeline;77,220;8
Harmonic Tension Timeline;77,220;0
Harmonic Tension Timeline;77,220;8
Harmonic Tension Timeline;77,220;30
Harmonic Tension Timeline;77,220;46
Harmonic Tension Timeline;77,301;46
Harmonic Tension Timeline;77,301;28
Harmonic Tension Timeline;77,335;28
Harmonic Tension Timeline;77,335;22
Harmonic Tension Timeline;77,348;22
Harmonic Tension Timeline;77,348;4
Harmonic Tension Timeline;77,382;4
Harmonic Tension Timeline;77,382;0
Harmonic Tension Timeline;77,383;0
Harmonic Tension Timeline;77,383;4
Harmonic Tension Timeline;77,395;4
Harmonic Tension Timeline;77,395;8
Harmonic Tension Timeline;77,418;8
Harmonic Tension Timeline;77,418;4
Harmonic Tension Timeline;77,477;4
Harmonic Tension Timeline;77,477;0
Harmonic Tension Timeline;77,477;4
Harmonic Tension Timeline;77,547;4
Harmonic Tension Timeline;77,547;8
Harmonic Tension Timeline;77,605;8
Harmonic Tension Timeline;77,605;0
Harmonic Tension Timeline;77,605;0
Harmonic Tension Timeline;77,605;0
Harmonic Tension Timeline;77,605;10
Harmonic Tension Timeline;77,605;34
Harmonic Tension Timeline;77,605;50
Harmonic Tension Timeline;77,617;50
Harmonic Tension Timeline;77,617;72
Harmonic Tension Timeline;77,709;72
Harmonic Tension Timeline;77,709;36
Harmonic Tension Timeline;77,709;72
Harmonic Tension Timeline;77,721;72
Harmonic Tension Timeline;77,721;50
Harmonic Tension Timeline;77,732;50
Harmonic Tension Timeline;77,732;28
Harmonic Tension Timeline;77,918;28
Harmonic Tension Timeline;77,918;40
Harmonic Tension Timeline;78,034;40
Harmonic Tension Timeline;78,034;18
Harmonic Tension Timeline;78,034;0
Harmonic Tension Timeline;78,092;0
Harmonic Tension Timeline;78,092;0
Harmonic Tension Timeline;78,093;0
Harmonic Tension Timeline;78,093;0
Harmonic Tension Timeline;78,093;4
Harmonic Tension Timeline;78,093;8
Harmonic Tension Timeline;78,220;8
Harmonic Tension Timeline;78,220;16
Harmonic Tension Timeline;78,231;16
Harmonic Tension Timeline;78,231;8
Harmonic Tension Timeline;78,231;16
Harmonic Tension Timeline;78,232;16
Harmonic Tension Timeline;78,232;8
Harmonic Tension Timeline;78,359;8
Harmonic Tension Timeline;78,359;4
Harmonic Tension Timeline;78,382;4
Harmonic Tension Timeline;78,382;11
Harmonic Tension Timeline;78,383;11
Harmonic Tension Timeline;78,383;5
Harmonic Tension Timeline;78,475;5
Harmonic Tension Timeline;78,475;0
Harmonic Tension Timeline;78,522;0
Harmonic Tension Timeline;78,522;0
Harmonic Tension Timeline;78,556;0
Harmonic Tension Timeline;78,556;0
Harmonic Tension Timeline;78,569;0
Harmonic Tension Timeline;78,569;2
Harmonic Tension Timeline;78,580;2
Harmonic Tension Timeline;78,580;4
Harmonic Tension Timeline;78,580;15
Harmonic Tension Timeline;78,684;15
Harmonic Tension Timeline;78,684;9
Harmonic Tension Timeline;78,684;15
Harmonic Tension Timeline;78,708;15
Harmonic Tension Timeline;78,708;4
Harmonic Tension Timeline;78,743;4
Harmonic Tension Timeline;78,743;8
Harmonic Tension Timeline;78,778;8
Harmonic Tension Timeline;78,778;4
Harmonic Tension Timeline;78,824;4
Harmonic Tension Timeline;78,824;24
Harmonic Tension Timeline;78,858;24
Harmonic Tension Timeline;78,858;16
Harmonic Tension Timeline;78,858;33
Harmonic Tension Timeline;78,858;44
Harmonic Tension Timeline;78,882;44
Harmonic Tension Timeline;78,882;33
Harmonic Tension Timeline;78,894;33
Harmonic Tension Timeline;78,894;51
Harmonic Tension Timeline;78,905;51
Harmonic Tension Timeline;78,905;15
Harmonic Tension Timeline;79,021;15
Harmonic Tension Timeline;79,021;4
Harmonic Tension Timeline;79,045;4
Harmonic Tension Timeline;79,045;2
Harmonic Tension Timeline;79,055;2
Harmonic Tension Timeline;79,055;0
Harmonic Tension Timeline;79,056;0
Harmonic Tension Timeline;79,056;0
Harmonic Tension Timeline;79,056;4
Harmonic Tension Timeline;79,172;4
Harmonic Tension Timeline;79,172;0
Harmonic Tension Timeline;79,172;4
Harmonic Tension Timeline;79,219;4
Harmonic Tension Timeline;79,219;14
Harmonic Tension Timeline;79,219;30
Harmonic Tension Timeline;79,219;80
Harmonic Tension Timeline;79,323;80
Harmonic Tension Timeline;79,323;30
Harmonic Tension Timeline;79,381;30
Harmonic Tension Timeline;79,381;23
Harmonic Tension Timeline;79,381;36
Harmonic Tension Timeline;79,381;72
Harmonic Tension Timeline;79,463;72
Harmonic Tension Timeline;79,463;96
Harmonic Tension Timeline;79,487;96
Harmonic Tension Timeline;79,487;58
Harmonic Tension Timeline;79,510;58
Harmonic Tension Timeline;79,510;30
Harmonic Tension Timeline;79,522;30
Harmonic Tension Timeline;79,522;18
Harmonic Tension Timeline;79,522;11
Harmonic Tension Timeline;79,545;11
Harmonic Tension Timeline;79,545;17
Harmonic Tension Timeline;79,545;24
Harmonic Tension Timeline;79,568;24
Harmonic Tension Timeline;79,568;62
Harmonic Tension Timeline;79,580;62
Harmonic Tension Timeline;79,580;80
Harmonic Tension Timeline;79,603;80
Harmonic Tension Timeline;79,603;64
Harmonic Tension Timeline;79,615;64
Harmonic Tension Timeline;79,615;45
Harmonic Tension Timeline;79,615;32
Harmonic Tension Timeline;79,615;43
Harmonic Tension Timeline;79,661;43
Harmonic Tension Timeline;79,661;69
Harmonic Tension Timeline;79,696;69
Harmonic Tension Timeline;79,696;31
Harmonic Tension Timeline;79,707;31
Harmonic Tension Timeline;79,707;48
Harmonic Tension Timeline;79,719;48
Harmonic Tension Timeline;79,719;65
Harmonic Tension Timeline;79,743;65
Harmonic Tension Timeline;79,743;41
Harmonic Tension Timeline;79,766;41
Harmonic Tension Timeline;79,766;28
Harmonic Tension Timeline;79,835;28
Harmonic Tension Timeline;79,835;38
Harmonic Tension Timeline;79,940;38
Harmonic Tension Timeline;79,940;28
Harmonic Tension Timeline;79,963;28
Harmonic Tension Timeline;79,963;16
Harmonic Tension Timeline;80,021;16
Harmonic Tension Timeline;80,021;8
Harmonic Tension Timeline;80,044;8
Harmonic Tension Timeline;80,044;15
Harmonic Tension Timeline;80,055;15
Harmonic Tension Timeline;80,055;9
Harmonic Tension Timeline;80,055;15
Harmonic Tension Timeline;80,125;15
Harmonic Tension Timeline;80,125;8
Harmonic Tension Timeline;80,125;4
Harmonic Tension Timeline;80,125;8
Harmonic Tension Timeline;80,148;8
Harmonic Tension Timeline;80,148;0
Harmonic Tension Timeline;80,172;0
Harmonic Tension Timeline;80,172;0
Harmonic Tension Timeline;80,206;0
Harmonic Tension Timeline;80,206;0
Harmonic Tension Timeline;80,206;0
Harmonic Tension Timeline;80,219;0
Harmonic Tension Timeline;80,219;2
Harmonic Tension Timeline;80,323;2
Harmonic Tension Timeline;80,323;0
Harmonic Tension Timeline;80,520;0
Harmonic Tension Timeline;80,520;0
Harmonic Tension Timeline;80,555;0
Harmonic Tension Timeline;80,555;0
Harmonic Tension Timeline;80,555;2
Harmonic Tension Timeline;80,567;2
Harmonic Tension Timeline;80,567;4
Harmonic Tension Timeline;80,578;4
Harmonic Tension Timeline;80,578;6
Harmonic Tension Timeline;80,612;6
Harmonic Tension Timeline;80,612;12
Harmonic Tension Timeline;80,648;12
Harmonic Tension Timeline;80,648;8
Harmonic Tension Timeline;80,717;8
Harmonic Tension Timeline;80,717;4
Harmonic Tension Timeline;80,718;4
Harmonic Tension Timeline;80,718;0
Harmonic Tension Timeline;80,718;4
Harmonic Tension Timeline;80,741;4
Harmonic Tension Timeline;80,741;2
Harmonic Tension Timeline;80,741;0
Harmonic Tension Timeline;80,741;2
Harmonic Tension Timeline;80,822;2
Harmonic Tension Timeline;80,822;4
Harmonic Tension Timeline;80,822;14
Harmonic Tension Timeline;80,903;14
Harmonic Tension Timeline;80,903;10
Harmonic Tension Timeline;80,903;14
Harmonic Tension Timeline;80,939;14
Harmonic Tension Timeline;80,939;18
Harmonic Tension Timeline;81,008;18
Harmonic Tension Timeline;81,008;14
Harmonic Tension Timeline;81,054;14
Harmonic Tension Timeline;81,054;4
Harmonic Tension Timeline;81,054;2
Harmonic Tension Timeline;81,054;4
Harmonic Tension Timeline;81,217;4
Harmonic Tension Timeline;81,217;14
Harmonic Tension Timeline;81,217;48
Harmonic Tension Timeline;81,251;48
Harmonic Tension Timeline;81,251;64
Harmonic Tension Timeline;81,321;64
Harmonic Tension Timeline;81,321;18
Harmonic Tension Timeline;81,379;18
Harmonic Tension Timeline;81,379;12
Harmonic Tension Timeline;81,379;18
Harmonic Tension Timeline;81,391;18
Harmonic Tension Timeline;81,391;8
Harmonic Tension Timeline;81,391;18
Harmonic Tension Timeline;81,391;34
Harmonic Tension Timeline;81,461;34
Harmonic Tension Timeline;81,461;18
Harmonic Tension Timeline;81,508;18
Harmonic Tension Timeline;81,508;6
Harmonic Tension Timeline;81,543;6
Harmonic Tension Timeline;81,543;4
Harmonic Tension Timeline;81,543;2
Harmonic Tension Timeline;81,543;4
Harmonic Tension Timeline;81,554;4
Harmonic Tension Timeline;81,554;6
Harmonic Tension Timeline;81,554;18
Harmonic Tension Timeline;81,567;18
Harmonic Tension Timeline;81,567;12
Harmonic Tension Timeline;81,567;27
Harmonic Tension Timeline;81,567;37
Harmonic Tension Timeline;81,636;37
Harmonic Tension Timeline;81,636;18
Harmonic Tension Timeline;81,658;18
Harmonic Tension Timeline;81,658;14
Harmonic Tension Timeline;81,706;14
Harmonic Tension Timeline;81,706;10
Harmonic Tension Timeline;81,821;10
Harmonic Tension Timeline;81,821;2
Harmonic Tension Timeline;81,822;2
Harmonic Tension Timeline;81,822;10
Harmonic Tension Timeline;82,053;10
Harmonic Tension Timeline;82,053;0
Harmonic Tension Timeline;82,054;0
Harmonic Tension Timeline;82,054;0
Harmonic Tension Timeline;82,054;2
Harmonic Tension Timeline;82,054;10
Harmonic Tension Timeline;82,111;10
Harmonic Tension Timeline;82,111;12
Harmonic Tension Timeline;82,170;12
Harmonic Tension Timeline;82,170;4
Harmonic Tension Timeline;82,217;4
Harmonic Tension Timeline;82,217;0
Harmonic Tension Timeline;82,217;4
Harmonic Tension Timeline;82,217;16
Harmonic Tension Timeline;82,344;16
Harmonic Tension Timeline;82,344;4
Harmonic Tension Timeline;82,344;16
Harmonic Tension Timeline;82,345;16
Harmonic Tension Timeline;82,345;4
Harmonic Tension Timeline;82,438;4
Harmonic Tension Timeline;82,438;12
Harmonic Tension Timeline;82,483;12
Harmonic Tension Timeline;82,483;0
Harmonic Tension Timeline;82,507;0
Harmonic Tension Timeline;82,507;0
Harmonic Tension Timeline;82,542;0
Harmonic Tension Timeline;82,542;24
Harmonic Tension Timeline;82,553;24
Harmonic Tension Timeline;82,553;46
Harmonic Tension Timeline;82,553;66
Harmonic Tension Timeline;82,553;88
Harmonic Tension Timeline;82,610;88
Harmonic Tension Timeline;82,610;64
Harmonic Tension Timeline;82,634;64
Harmonic Tension Timeline;82,634;34
Harmonic Tension Timeline;82,634;64
Harmonic Tension Timeline;82,727;64
Harmonic Tension Timeline;82,727;44
Harmonic Tension Timeline;82,727;58
Harmonic Tension Timeline;82,763;58
Harmonic Tension Timeline;82,763;34
Harmonic Tension Timeline;82,763;58
Harmonic Tension Timeline;82,763;90
Harmonic Tension Timeline;82,808;90
Harmonic Tension Timeline;82,808;63
Harmonic Tension Timeline;82,855;63
Harmonic Tension Timeline;82,855;37
Harmonic Tension Timeline;82,901;37
Harmonic Tension Timeline;82,901;54
Harmonic Tension Timeline;82,914;54
Harmonic Tension Timeline;82,914;18
Harmonic Tension Timeline;82,914;54
Harmonic Tension Timeline;82,982;54
Harmonic Tension Timeline;82,982;33
Harmonic Tension Timeline;82,982;67
Harmonic Tension Timeline;82,982;91
Harmonic Tension Timeline;83,052;91
Harmonic Tension Timeline;83,052;61
Harmonic Tension Timeline;83,052;38
Harmonic Tension Timeline;83,052;26
Harmonic Tension Timeline;83,052;42
Harmonic Tension Timeline;83,052;67
Harmonic Tension Timeline;83,052;91
Harmonic Tension Timeline;83,076;91
Harmonic Tension Timeline;83,076;64
Harmonic Tension Timeline;83,110;64
Harmonic Tension Timeline;83,110;36
Harmonic Tension Timeline;83,215;36
Harmonic Tension Timeline;83,215;16
Harmonic Tension Timeline;83,215;44
Harmonic Tension Timeline;83,307;44
Harmonic Tension Timeline;83,307;16
Harmonic Tension Timeline;83,307;44
Harmonic Tension Timeline;83,389;44
Harmonic Tension Timeline;83,389;26
Harmonic Tension Timeline;83,389;8
Harmonic Tension Timeline;83,389;22
Harmonic Tension Timeline;83,389;44
Harmonic Tension Timeline;83,412;44
Harmonic Tension Timeline;83,412;66
Harmonic Tension Timeline;83,448;66
Harmonic Tension Timeline;83,448;36
Harmonic Tension Timeline;83,472;36
Harmonic Tension Timeline;83,472;16
Harmonic Tension Timeline;83,506;16
Harmonic Tension Timeline;83,506;2
Harmonic Tension Timeline;83,541;2
Harmonic Tension Timeline;83,541;0
Harmonic Tension Timeline;83,542;0
Harmonic Tension Timeline;83,542;0
Harmonic Tension Timeline;83,542;4
Harmonic Tension Timeline;83,542;12
Harmonic Tension Timeline;83,553;12
Harmonic Tension Timeline;83,553;50
Harmonic Tension Timeline;83,553;88
Harmonic Tension Timeline;83,565;88
Harmonic Tension Timeline;83,565;129
Harmonic Tension Timeline;83,646;129
Harmonic Tension Timeline;83,646;97
Harmonic Tension Timeline;83,646;129
Harmonic Tension Timeline;83,670;129
Harmonic Tension Timeline;83,670;101
Harmonic Tension Timeline;83,693;101
Harmonic Tension Timeline;83,693;58
Harmonic Tension Timeline;83,704;58
Harmonic Tension Timeline;83,704;24
Harmonic Tension Timeline;83,704;58
Harmonic Tension Timeline;83,716;58
Harmonic Tension Timeline;83,716;38
Harmonic Tension Timeline;83,727;38
Harmonic Tension Timeline;83,727;20
Harmonic Tension Timeline;83,808;20
Harmonic Tension Timeline;83,808;28
Harmonic Tension Timeline;83,878;28
Harmonic Tension Timeline;83,878;20
Harmonic Tension Timeline;83,878;38
Harmonic Tension Timeline;83,878;56
Harmonic Tension Timeline;83,890;56
Harmonic Tension Timeline;83,890;84
Harmonic Tension Timeline;83,982;84
Harmonic Tension Timeline;83,982;56
Harmonic Tension Timeline;84,052;56
Harmonic Tension Timeline;84,052;36
Harmonic Tension Timeline;84,052;16
Harmonic Tension Timeline;84,052;28
Harmonic Tension Timeline;84,099;28
Harmonic Tension Timeline;84,099;48
Harmonic Tension Timeline;84,215;48
Harmonic Tension Timeline;84,215;12
Harmonic Tension Timeline;84,226;12
Harmonic Tension Timeline;84,226;0
Harmonic Tension Timeline;84,226;12
Harmonic Tension Timeline;84,226;18
Harmonic Tension Timeline;84,273;18
Harmonic Tension Timeline;84,273;8
Harmonic Tension Timeline;84,273;18
Harmonic Tension Timeline;84,377;18
Harmonic Tension Timeline;84,377;8
Harmonic Tension Timeline;84,377;18
Harmonic Tension Timeline;84,447;18
Harmonic Tension Timeline;84,447;6
Harmonic Tension Timeline;84,458;6
Harmonic Tension Timeline;84,458;4
Harmonic Tension Timeline;84,504;4
Harmonic Tension Timeline;84,504;0
Harmonic Tension Timeline;84,517;0
Harmonic Tension Timeline;84,517;0
Harmonic Tension Timeline;84,551;0
Harmonic Tension Timeline;84,551;8
Harmonic Tension Timeline;84,551;16
Harmonic Tension Timeline;84,551;28
Harmonic Tension Timeline;84,551;40
Harmonic Tension Timeline;84,563;40
Harmonic Tension Timeline;84,563;48
Harmonic Tension Timeline;84,563;62
Harmonic Tension Timeline;84,655;62
Harmonic Tension Timeline;84,655;48
Harmonic Tension Timeline;84,656;48
Harmonic Tension Timeline;84,656;62
Harmonic Tension Timeline;84,667;62
Harmonic Tension Timeline;84,667;54
Harmonic Tension Timeline;84,668;54
Harmonic Tension Timeline;84,668;62
Harmonic Tension Timeline;84,702;62
Harmonic Tension Timeline;84,702;82
Harmonic Tension Timeline;84,760;82
Harmonic Tension Timeline;84,760;64
Harmonic Tension Timeline;84,772;64
Harmonic Tension Timeline;84,772;56
Harmonic Tension Timeline;84,772;64
Harmonic Tension Timeline;84,783;64
Harmonic Tension Timeline;84,783;50
Harmonic Tension Timeline;84,795;50
Harmonic Tension Timeline;84,795;33
Harmonic Tension Timeline;84,842;33
Harmonic Tension Timeline;84,842;18
Harmonic Tension Timeline;84,876;18
Harmonic Tension Timeline;84,876;52
Harmonic Tension Timeline;84,876;86
Harmonic Tension Timeline;84,899;86
Harmonic Tension Timeline;84,899;62
Harmonic Tension Timeline;84,900;62
Harmonic Tension Timeline;84,900;38
Harmonic Tension Timeline;84,900;62
Harmonic Tension Timeline;84,900;86
Harmonic Tension Timeline;84,900;118
Harmonic Tension Timeline;85,004;118
Harmonic Tension Timeline;85,004;74
Harmonic Tension Timeline;85,039;74
Harmonic Tension Timeline;85,039;96
Harmonic Tension Timeline;85,063;96
Harmonic Tension Timeline;85,063;139
Harmonic Tension Timeline;85,085;139
Harmonic Tension Timeline;85,085;69
Harmonic Tension Timeline;85,085;96
Harmonic Tension Timeline;85,097;96
Harmonic Tension Timeline;85,097;72
Harmonic Tension Timeline;85,108;72
Harmonic Tension Timeline;85,108;48
Harmonic Tension Timeline;85,108;72
Harmonic Tension Timeline;85,109;72
Harmonic Tension Timeline;85,109;48
Harmonic Tension Timeline;85,120;48
Harmonic Tension Timeline;85,120;26
Harmonic Tension Timeline;85,155;26
Harmonic Tension Timeline;85,155;14
Harmonic Tension Timeline;85,213;14
Harmonic Tension Timeline;85,213;6
Harmonic Tension Timeline;85,214;6
Harmonic Tension Timeline;85,214;14
Harmonic Tension Timeline;85,225;14
Harmonic Tension Timeline;85,225;22
Harmonic Tension Timeline;85,399;22
Harmonic Tension Timeline;85,399;32
Harmonic Tension Timeline;85,410;32
Harmonic Tension Timeline;85,410;24
Harmonic Tension Timeline;85,410;16
Harmonic Tension Timeline;85,505;16
Harmonic Tension Timeline;85,505;4
Harmonic Tension Timeline;85,551;4
Harmonic Tension Timeline;85,551;2
Harmonic Tension Timeline;85,551;0
Harmonic Tension Timeline;85,551;2
Harmonic Tension Timeline;85,551;4
Harmonic Tension Timeline;85,551;12
Harmonic Tension Timeline;85,551;18
Harmonic Tension Timeline;85,551;24
Harmonic Tension Timeline;85,563;24
Harmonic Tension Timeline;85,563;12
Harmonic Tension Timeline;85,563;29
Harmonic Tension Timeline;85,563;44
Harmonic Tension Timeline;85,621;44
Harmonic Tension Timeline;85,621;32
Harmonic Tension Timeline;85,714;32
Harmonic Tension Timeline;85,714;27
Harmonic Tension Timeline;85,714;32
Harmonic Tension Timeline;85,783;32
Harmonic Tension Timeline;85,783;14
Harmonic Tension Timeline;85,795;14
Harmonic Tension Timeline;85,795;0
Harmonic Tension Timeline;85,841;0
Harmonic Tension Timeline;85,841;0
Harmonic Tension Timeline;85,876;0
Harmonic Tension Timeline;85,876;24
Harmonic Tension Timeline;85,876;48
Harmonic Tension Timeline;85,888;48
Harmonic Tension Timeline;85,888;80
Harmonic Tension Timeline;85,888;106
Harmonic Tension Timeline;85,910;106
Harmonic Tension Timeline;85,910;80
Harmonic Tension Timeline;85,957;80
Harmonic Tension Timeline;85,957;128
Harmonic Tension Timeline;86,027;128
Harmonic Tension Timeline;86,027;76
Harmonic Tension Timeline;86,027;44
Harmonic Tension Timeline;86,050;44
Harmonic Tension Timeline;86,050;62
Harmonic Tension Timeline;86,108;62
Harmonic Tension Timeline;86,108;18
Harmonic Tension Timeline;86,108;34
Harmonic Tension Timeline;86,178;34
Harmonic Tension Timeline;86,178;14
Harmonic Tension Timeline;86,213;14
Harmonic Tension Timeline;86,213;12
Harmonic Tension Timeline;86,213;14
Harmonic Tension Timeline;86,213;32
Harmonic Tension Timeline;86,213;50
Harmonic Tension Timeline;86,213;68
Harmonic Tension Timeline;86,224;68
Harmonic Tension Timeline;86,224;38
Harmonic Tension Timeline;86,224;68
Harmonic Tension Timeline;86,305;68
Harmonic Tension Timeline;86,305;50
Harmonic Tension Timeline;86,375;50
Harmonic Tension Timeline;86,375;82
Harmonic Tension Timeline;86,386;82
Harmonic Tension Timeline;86,386;58
Harmonic Tension Timeline;86,388;58
Harmonic Tension Timeline;86,388;82
Harmonic Tension Timeline;86,398;82
Harmonic Tension Timeline;86,398;58
Harmonic Tension Timeline;86,491;58
Harmonic Tension Timeline;86,491;32
Harmonic Tension Timeline;86,492;32
Harmonic Tension Timeline;86,492;19
Harmonic Tension Timeline;86,537;19
Harmonic Tension Timeline;86,537;14
Harmonic Tension Timeline;86,537;19
Harmonic Tension Timeline;86,549;19
Harmonic Tension Timeline;86,549;14
Harmonic Tension Timeline;86,550;14
Harmonic Tension Timeline;86,550;19
Harmonic Tension Timeline;86,550;32
Harmonic Tension Timeline;86,550;45
Harmonic Tension Timeline;86,607;45
Harmonic Tension Timeline;86,607;40
Harmonic Tension Timeline;86,607;35
Harmonic Tension Timeline;86,607;40
Harmonic Tension Timeline;86,607;45
Harmonic Tension Timeline;86,619;45
Harmonic Tension Timeline;86,619;32
Harmonic Tension Timeline;86,619;45
Harmonic Tension Timeline;86,620;45
Harmonic Tension Timeline;86,620;32
Harmonic Tension Timeline;86,666;32
Harmonic Tension Timeline;86,666;14
Harmonic Tension Timeline;86,689;14
Harmonic Tension Timeline;86,689;11
Harmonic Tension Timeline;86,689;14
Harmonic Tension Timeline;86,713;14
Harmonic Tension Timeline;86,713;0
Harmonic Tension Timeline;86,782;0
Harmonic Tension Timeline;86,782;0
Harmonic Tension Timeline;86,851;0
Harmonic Tension Timeline;86,851;9
Harmonic Tension Timeline;86,875;9
Harmonic Tension Timeline;86,875;27
Harmonic Tension Timeline;86,886;27
Harmonic Tension Timeline;86,886;37
Harmonic Tension Timeline;86,909;37
Harmonic Tension Timeline;86,909;58
Harmonic Tension Timeline;87,049;58
Harmonic Tension Timeline;87,049;37
Harmonic Tension Timeline;87,049;58
Harmonic Tension Timeline;87,072;58
Harmonic Tension Timeline;87,072;79
Harmonic Tension Timeline;87,083;79
Harmonic Tension Timeline;87,083;53
Harmonic Tension Timeline;87,165;53
Harmonic Tension Timeline;87,165;40
Harmonic Tension Timeline;87,200;40
Harmonic Tension Timeline;87,200;14
Harmonic Tension Timeline;87,223;14
Harmonic Tension Timeline;87,223;0
Harmonic Tension Timeline;87,234;0
Harmonic Tension Timeline;87,234;14
Harmonic Tension Timeline;87,246;14
Harmonic Tension Timeline;87,246;32
Harmonic Tension Timeline;87,257;32
Harmonic Tension Timeline;87,257;19
Harmonic Tension Timeline;87,257;32
Harmonic Tension Timeline;87,258;32
Harmonic Tension Timeline;87,258;19
Harmonic Tension Timeline;87,385;19
Harmonic Tension Timeline;87,385;6
Harmonic Tension Timeline;87,385;18
Harmonic Tension Timeline;87,385;37
Harmonic Tension Timeline;87,397;37
Harmonic Tension Timeline;87,397;58
Harmonic Tension Timeline;87,491;58
Harmonic Tension Timeline;87,491;40
Harmonic Tension Timeline;87,492;40
Harmonic Tension Timeline;87,492;14
Harmonic Tension Timeline;87,549;14
Harmonic Tension Timeline;87,549;11
Harmonic Tension Timeline;87,549;14
Harmonic Tension Timeline;87,549;32
Harmonic Tension Timeline;87,560;32
Harmonic Tension Timeline;87,560;27
Harmonic Tension Timeline;87,560;12
Harmonic Tension Timeline;87,560;14
Harmonic Tension Timeline;87,560;32
Harmonic Tension Timeline;87,596;32
Harmonic Tension Timeline;87,596;27
Harmonic Tension Timeline;87,596;32
Harmonic Tension Timeline;87,607;32
Harmonic Tension Timeline;87,607;19
Harmonic Tension Timeline;87,607;32
Harmonic Tension Timeline;87,758;32
Harmonic Tension Timeline;87,758;14
Harmonic Tension Timeline;87,793;14
Harmonic Tension Timeline;87,793;0
Harmonic Tension Timeline;87,862;0
Harmonic Tension Timeline;87,862;0
Harmonic Tension Timeline;87,886;0
Harmonic Tension Timeline;87,886;0
Harmonic Tension Timeline;87,886;4
Harmonic Tension Timeline;87,886;12
Harmonic Tension Timeline;87,886;27
Harmonic Tension Timeline;87,897;27
Harmonic Tension Timeline;87,897;22
Harmonic Tension Timeline;87,898;22
Harmonic Tension Timeline;87,898;27
Harmonic Tension Timeline;87,909;27
Harmonic Tension Timeline;87,909;40
Harmonic Tension Timeline;88,015;40
Harmonic Tension Timeline;88,015;14
Harmonic Tension Timeline;88,060;14
Harmonic Tension Timeline;88,060;0
Harmonic Tension Timeline;88,060;14
Harmonic Tension Timeline;88,095;14
Harmonic Tension Timeline;88,095;11
Harmonic Tension Timeline;88,095;6
Harmonic Tension Timeline;88,095;9
Harmonic Tension Timeline;88,095;14
Harmonic Tension Timeline;88,096;14
Harmonic Tension Timeline;88,096;11
Harmonic Tension Timeline;88,118;11
Harmonic Tension Timeline;88,118;8
Harmonic Tension Timeline;88,118;11
Harmonic Tension Timeline;88,119;11
Harmonic Tension Timeline;88,119;8
Harmonic Tension Timeline;88,153;8
Harmonic Tension Timeline;88,153;0
Harmonic Tension Timeline;88,211;0
Harmonic Tension Timeline;88,211;10
Harmonic Tension Timeline;88,211;22
Harmonic Tension Timeline;88,223;22
Harmonic Tension Timeline;88,223;56
Harmonic Tension Timeline;88,234;56
Harmonic Tension Timeline;88,234;90
Harmonic Tension Timeline;88,280;90
Harmonic Tension Timeline;88,280;74
Harmonic Tension Timeline;88,304;74
Harmonic Tension Timeline;88,304;42
Harmonic Tension Timeline;88,316;42
Harmonic Tension Timeline;88,316;74
Harmonic Tension Timeline;88,327;74
Harmonic Tension Timeline;88,327;48
Harmonic Tension Timeline;88,327;74
Harmonic Tension Timeline;88,339;74
Harmonic Tension Timeline;88,339;42
Harmonic Tension Timeline;88,339;74
Harmonic Tension Timeline;88,408;74
Harmonic Tension Timeline;88,408;42
Harmonic Tension Timeline;88,421;42
Harmonic Tension Timeline;88,421;24
Harmonic Tension Timeline;88,455;24
Harmonic Tension Timeline;88,455;4
Harmonic Tension Timeline;88,467;4
Harmonic Tension Timeline;88,467;0
Harmonic Tension Timeline;88,525;0
Harmonic Tension Timeline;88,525;0
Harmonic Tension Timeline;88,548;0
Harmonic Tension Timeline;88,548;0
Harmonic Tension Timeline;88,559;0
Harmonic Tension Timeline;88,559;10
Harmonic Tension Timeline;88,559;16
Harmonic Tension Timeline;88,618;16
Harmonic Tension Timeline;88,618;34
Harmonic Tension Timeline;88,641;34
Harmonic Tension Timeline;88,641;58
Harmonic Tension Timeline;88,675;58
Harmonic Tension Timeline;88,675;44
Harmonic Tension Timeline;88,688;44
Harmonic Tension Timeline;88,688;22
Harmonic Tension Timeline;88,699;22
Harmonic Tension Timeline;88,699;12
Harmonic Tension Timeline;88,907;12
Harmonic Tension Timeline;88,907;0
Harmonic Tension Timeline;88,907;6
Harmonic Tension Timeline;89,024;6
Harmonic Tension Timeline;89,024;24
Harmonic Tension Timeline;89,058;24
Harmonic Tension Timeline;89,058;49
Harmonic Tension Timeline;89,070;49
Harmonic Tension Timeline;89,070;31
Harmonic Tension Timeline;89,221;31
Harmonic Tension Timeline;89,221;12
Harmonic Tension Timeline;89,221;0
Harmonic Tension Timeline;89,221;15
Harmonic Tension Timeline;89,221;31
Harmonic Tension Timeline;89,221;52
Harmonic Tension Timeline;89,232;52
Harmonic Tension Timeline;89,232;87
Harmonic Tension Timeline;89,232;129
Harmonic Tension Timeline;89,360;129
Harmonic Tension Timeline;89,360;166
Harmonic Tension Timeline;89,408;166
Harmonic Tension Timeline;89,408;129
Harmonic Tension Timeline;89,477;129
Harmonic Tension Timeline;89,477;91
Harmonic Tension Timeline;89,478;91
Harmonic Tension Timeline;89,478;59
Harmonic Tension Timeline;89,547;59
Harmonic Tension Timeline;89,547;37
Harmonic Tension Timeline;89,548;37
Harmonic Tension Timeline;89,548;66
Harmonic Tension Timeline;89,548;94
Harmonic Tension Timeline;89,558;94
Harmonic Tension Timeline;89,558;54
Harmonic Tension Timeline;89,559;54
Harmonic Tension Timeline;89,559;94
Harmonic Tension Timeline;89,873;94
Harmonic Tension Timeline;89,873;66
Harmonic Tension Timeline;89,873;94
Harmonic Tension Timeline;89,966;94
Harmonic Tension Timeline;89,966;127
Harmonic Tension Timeline;90,001;127
Harmonic Tension Timeline;90,001;82
Harmonic Tension Timeline;90,047;82
Harmonic Tension Timeline;90,047;53
Harmonic Tension Timeline;90,047;82
Harmonic Tension Timeline;90,047;111
Harmonic Tension Timeline;90,117;111
Harmonic Tension Timeline;90,117;88
Harmonic Tension Timeline;90,151;88
Harmonic Tension Timeline;90,151;49
Harmonic Tension Timeline;90,186;49
Harmonic Tension Timeline;90,186;17
Harmonic Tension Timeline;90,198;17
Harmonic Tension Timeline;90,198;8
Harmonic Tension Timeline;90,221;8
Harmonic Tension Timeline;90,221;0
Harmonic Tension Timeline;90,221;0
Harmonic Tension Timeline;90,221;0
Harmonic Tension Timeline;90,221;2
Harmonic Tension Timeline;90,221;10
Harmonic Tension Timeline;90,221;18
Harmonic Tension Timeline;90,349;18
Harmonic Tension Timeline;90,349;10
Harmonic Tension Timeline;90,360;10
Harmonic Tension Timeline;90,360;22
Harmonic Tension Timeline;90,487;22
Harmonic Tension Timeline;90,487;8
Harmonic Tension Timeline;90,511;8
Harmonic Tension Timeline;90,511;3
Harmonic Tension Timeline;90,546;3
Harmonic Tension Timeline;90,546;0
Harmonic Tension Timeline;90,546;12
Harmonic Tension Timeline;90,546;29
Harmonic Tension Timeline;90,557;29
Harmonic Tension Timeline;90,557;46
Harmonic Tension Timeline;90,557;63
Harmonic Tension Timeline;90,569;63
Harmonic Tension Timeline;90,569;42
Harmonic Tension Timeline;90,569;63
Harmonic Tension Timeline;90,581;63
Harmonic Tension Timeline;90,581;85
Harmonic Tension Timeline;90,604;85
Harmonic Tension Timeline;90,604;108
Harmonic Tension Timeline;90,627;108
Harmonic Tension Timeline;90,627;84
Harmonic Tension Timeline;90,627;108
Harmonic Tension Timeline;90,661;108
Harmonic Tension Timeline;90,661;36
Harmonic Tension Timeline;90,674;36
Harmonic Tension Timeline;90,674;108
Harmonic Tension Timeline;90,720;108
Harmonic Tension Timeline;90,720;85
Harmonic Tension Timeline;90,720;62
Harmonic Tension Timeline;90,720;85
Harmonic Tension Timeline;90,731;85
Harmonic Tension Timeline;90,731;108
Harmonic Tension Timeline;90,732;108
Harmonic Tension Timeline;90,732;84
Harmonic Tension Timeline;90,778;84
Harmonic Tension Timeline;90,778;64
Harmonic Tension Timeline;90,835;64
Harmonic Tension Timeline;90,835;46
Harmonic Tension Timeline;90,894;46
Harmonic Tension Timeline;90,894;64
Harmonic Tension Timeline;90,929;64
Harmonic Tension Timeline;90,929;41
Harmonic Tension Timeline;90,998;41
Harmonic Tension Timeline;90,998;29
Harmonic Tension Timeline;91,057;29
Harmonic Tension Timeline;91,057;46
Harmonic Tension Timeline;91,139;46
Harmonic Tension Timeline;91,139;29
Harmonic Tension Timeline;91,139;46
Harmonic Tension Timeline;91,184;46
Harmonic Tension Timeline;91,184;31
Harmonic Tension Timeline;91,220;31
Harmonic Tension Timeline;91,220;14
Harmonic Tension Timeline;91,220;29
Harmonic Tension Timeline;91,220;46
Harmonic Tension Timeline;91,220;63
Harmonic Tension Timeline;91,231;63
Harmonic Tension Timeline;91,231;91
Harmonic Tension Timeline;91,395;91
Harmonic Tension Timeline;91,395;66
Harmonic Tension Timeline;91,395;86
Harmonic Tension Timeline;91,465;86
Harmonic Tension Timeline;91,465;66
Harmonic Tension Timeline;91,500;66
Harmonic Tension Timeline;91,500;41
Harmonic Tension Timeline;91,546;41
Harmonic Tension Timeline;91,546;20
Harmonic Tension Timeline;91,546;41
Harmonic Tension Timeline;91,557;41
Harmonic Tension Timeline;91,557;29
Harmonic Tension Timeline;91,557;41
Harmonic Tension Timeline;91,569;41
Harmonic Tension Timeline;91,569;73
Harmonic Tension Timeline;91,662;73
Harmonic Tension Timeline;91,662;44
Harmonic Tension Timeline;91,720;44
Harmonic Tension Timeline;91,720;64
Harmonic Tension Timeline;91,720;103
Harmonic Tension Timeline;91,743;103
Harmonic Tension Timeline;91,743;154
Harmonic Tension Timeline;91,766;154
Harmonic Tension Timeline;91,766;110
Harmonic Tension Timeline;91,813;110
Harmonic Tension Timeline;91,813;86
Harmonic Tension Timeline;91,848;86
Harmonic Tension Timeline;91,848;55
Harmonic Tension Timeline;91,871;55
Harmonic Tension Timeline;91,871;28
Harmonic Tension Timeline;91,882;28
Harmonic Tension Timeline;91,882;0
Harmonic Tension Timeline;91,882;28
Harmonic Tension Timeline;91,882;56
Harmonic Tension Timeline;91,929;56
Harmonic Tension Timeline;91,929;86
Harmonic Tension Timeline;91,986;86
Harmonic Tension Timeline;91,986;55
Harmonic Tension Timeline;92,010;55
Harmonic Tension Timeline;92,010;86
Harmonic Tension Timeline;92,045;86
Harmonic Tension Timeline;92,045;56
Harmonic Tension Timeline;92,056;56
Harmonic Tension Timeline;92,056;86
Harmonic Tension Timeline;92,056;118
Harmonic Tension Timeline;92,080;118
Harmonic Tension Timeline;92,080;66
Harmonic Tension Timeline;92,139;66
Harmonic Tension Timeline;92,139;44
Harmonic Tension Timeline;92,149;44
Harmonic Tension Timeline;92,149;6
Harmonic Tension Timeline;92,149;3
Harmonic Tension Timeline;92,173;3
Harmonic Tension Timeline;92,173;0
Harmonic Tension Timeline;92,219;0
Harmonic Tension Timeline;92,219;12
Harmonic Tension Timeline;92,219;22
Harmonic Tension Timeline;92,230;22
Harmonic Tension Timeline;92,230;40
Harmonic Tension Timeline;92,243;40
Harmonic Tension Timeline;92,243;62
Harmonic Tension Timeline;92,300;62
Harmonic Tension Timeline;92,300;32
Harmonic Tension Timeline;92,323;32
Harmonic Tension Timeline;92,323;20
Harmonic Tension Timeline;92,324;20
Harmonic Tension Timeline;92,324;32
Harmonic Tension Timeline;92,334;32
Harmonic Tension Timeline;92,334;10
Harmonic Tension Timeline;92,381;10
Harmonic Tension Timeline;92,381;4
Harmonic Tension Timeline;92,417;4
Harmonic Tension Timeline;92,417;0
Harmonic Tension Timeline;92,428;0
Harmonic Tension Timeline;92,428;6
Harmonic Tension Timeline;92,452;6
Harmonic Tension Timeline;92,452;0
Harmonic Tension Timeline;92,532;0
Harmonic Tension Timeline;92,532;0
Harmonic Tension Timeline;92,544;0
Harmonic Tension Timeline;92,544;0
Harmonic Tension Timeline;92,544;2
Harmonic Tension Timeline;92,556;2
Harmonic Tension Timeline;92,556;11
Harmonic Tension Timeline;92,579;11
Harmonic Tension Timeline;92,579;37
Harmonic Tension Timeline;92,614;37
Harmonic Tension Timeline;92,614;48
Harmonic Tension Timeline;92,672;48
Harmonic Tension Timeline;92,672;37
Harmonic Tension Timeline;92,672;48
Harmonic Tension Timeline;92,706;48
Harmonic Tension Timeline;92,706;26
Harmonic Tension Timeline;92,706;48
Harmonic Tension Timeline;92,719;48
Harmonic Tension Timeline;92,719;59
Harmonic Tension Timeline;92,787;59
Harmonic Tension Timeline;92,787;48
Harmonic Tension Timeline;92,810;48
Harmonic Tension Timeline;92,810;26
Harmonic Tension Timeline;92,834;26
Harmonic Tension Timeline;92,834;10
Harmonic Tension Timeline;92,858;10
Harmonic Tension Timeline;92,858;5
Harmonic Tension Timeline;92,881;5
Harmonic Tension Timeline;92,881;17
Harmonic Tension Timeline;92,904;17
Harmonic Tension Timeline;92,904;26
Harmonic Tension Timeline;93,044;26
Harmonic Tension Timeline;93,044;10
Harmonic Tension Timeline;93,044;18
Harmonic Tension Timeline;93,055;18
Harmonic Tension Timeline;93,055;8
Harmonic Tension Timeline;93,055;23
Harmonic Tension Timeline;93,055;36
Harmonic Tension Timeline;93,136;36
Harmonic Tension Timeline;93,136;26
Harmonic Tension Timeline;93,218;26
Harmonic Tension Timeline;93,218;8
Harmonic Tension Timeline;93,218;26
Harmonic Tension Timeline;93,241;26
Harmonic Tension Timeline;93,241;10
Harmonic Tension Timeline;93,241;26
Harmonic Tension Timeline;93,264;26
Harmonic Tension Timeline;93,264;17
Harmonic Tension Timeline;93,264;26
Harmonic Tension Timeline;93,265;26
Harmonic Tension Timeline;93,265;17
Harmonic Tension Timeline;93,370;17
Harmonic Tension Timeline;93,370;4
Harmonic Tension Timeline;93,370;17
Harmonic Tension Timeline;93,428;17
Harmonic Tension Timeline;93,428;5
Harmonic Tension Timeline;93,474;5
Harmonic Tension Timeline;93,474;0
Harmonic Tension Timeline;93,544;0
Harmonic Tension Timeline;93,544;8
Harmonic Tension Timeline;93,544;22
Harmonic Tension Timeline;93,555;22
Harmonic Tension Timeline;93,555;41
Harmonic Tension Timeline;93,555;60
Harmonic Tension Timeline;93,555;81
Harmonic Tension Timeline;93,683;81
Harmonic Tension Timeline;93,683;100
Harmonic Tension Timeline;93,695;100
Harmonic Tension Timeline;93,695;62
Harmonic Tension Timeline;93,695;100
Harmonic Tension Timeline;93,822;100
Harmonic Tension Timeline;93,822;44
Harmonic Tension Timeline;93,880;44
Harmonic Tension Timeline;93,880;18
Harmonic Tension Timeline;93,880;44
Harmonic Tension Timeline;93,880;72
Harmonic Tension Timeline;94,020;72
Harmonic Tension Timeline;94,020;44
Harmonic Tension Timeline;94,043;44
Harmonic Tension Timeline;94,043;18
Harmonic Tension Timeline;94,043;44
Harmonic Tension Timeline;94,055;44
Harmonic Tension Timeline;94,055;53
Harmonic Tension Timeline;94,101;53
Harmonic Tension Timeline;94,101;77
Harmonic Tension Timeline;94,124;77
Harmonic Tension Timeline;94,124;64
Harmonic Tension Timeline;94,124;51
Harmonic Tension Timeline;94,136;51
Harmonic Tension Timeline;94,136;36
Harmonic Tension Timeline;94,171;36
Harmonic Tension Timeline;94,171;26
Harmonic Tension Timeline;94,194;26
Harmonic Tension Timeline;94,194;17
Harmonic Tension Timeline;94,228;17
Harmonic Tension Timeline;94,228;8
Harmonic Tension Timeline;94,229;8
Harmonic Tension Timeline;94,229;0
Harmonic Tension Timeline;94,229;8
Harmonic Tension Timeline;94,229;17
Harmonic Tension Timeline;94,240;17
Harmonic Tension Timeline;94,240;6
Harmonic Tension Timeline;94,241;6
Harmonic Tension Timeline;94,241;17
Harmonic Tension Timeline;94,275;17
Harmonic Tension Timeline;94,275;26
Harmonic Tension Timeline;94,415;26
Harmonic Tension Timeline;94,415;17
Harmonic Tension Timeline;94,439;17
Harmonic Tension Timeline;94,439;8
Harmonic Tension Timeline;94,554;8
Harmonic Tension Timeline;94,554;0
Harmonic Tension Timeline;94,554;8
Harmonic Tension Timeline;94,554;10
Harmonic Tension Timeline;94,577;10
Harmonic Tension Timeline;94,577;23
Harmonic Tension Timeline;94,600;23
Harmonic Tension Timeline;94,600;32
Harmonic Tension Timeline;94,612;32
Harmonic Tension Timeline;94,612;17
Harmonic Tension Timeline;94,612;32
Harmonic Tension Timeline;94,635;32
Harmonic Tension Timeline;94,635;24
Harmonic Tension Timeline;94,635;32
Harmonic Tension Timeline;94,670;32
Harmonic Tension Timeline;94,670;23
Harmonic Tension Timeline;94,728;23
Harmonic Tension Timeline;94,728;8
Harmonic Tension Timeline;94,728;23
Harmonic Tension Timeline;94,891;23
Harmonic Tension Timeline;94,891;36
Harmonic Tension Timeline;95,053;36
Harmonic Tension Timeline;95,053;18
Harmonic Tension Timeline;95,053;8
Harmonic Tension Timeline;95,053;23
Harmonic Tension Timeline;95,053;36
Harmonic Tension Timeline;95,157;36
Harmonic Tension Timeline;95,157;23
Harmonic Tension Timeline;95,227;23
Harmonic Tension Timeline;95,227;11
Harmonic Tension Timeline;95,227;5
Harmonic Tension Timeline;95,227;0
Harmonic Tension Timeline;95,227;4
Harmonic Tension Timeline;95,227;17
Harmonic Tension Timeline;95,227;41
Harmonic Tension Timeline;95,227;55
Harmonic Tension Timeline;95,227;86
Harmonic Tension Timeline;95,331;86
Harmonic Tension Timeline;95,331;44
Harmonic Tension Timeline;95,368;44
Harmonic Tension Timeline;95,368;23
Harmonic Tension Timeline;95,391;23
Harmonic Tension Timeline;95,391;8
Harmonic Tension Timeline;95,392;8
Harmonic Tension Timeline;95,392;23
Harmonic Tension Timeline;95,402;23
Harmonic Tension Timeline;95,402;17
Harmonic Tension Timeline;95,554;17
Harmonic Tension Timeline;95,554;4
Harmonic Tension Timeline;95,554;17
Harmonic Tension Timeline;95,577;17
Harmonic Tension Timeline;95,577;26
Harmonic Tension Timeline;95,577;36
Harmonic Tension Timeline;95,589;36
Harmonic Tension Timeline;95,589;20
Harmonic Tension Timeline;95,589;36
Harmonic Tension Timeline;95,635;36
Harmonic Tension Timeline;95,635;62
Harmonic Tension Timeline;95,717;62
Harmonic Tension Timeline;95,717;42
Harmonic Tension Timeline;95,717;26
Harmonic Tension Timeline;95,717;42
Harmonic Tension Timeline;95,717;62
Harmonic Tension Timeline;95,832;62
Harmonic Tension Timeline;95,832;36
Harmonic Tension Timeline;95,879;36
Harmonic Tension Timeline;95,879;26
Harmonic Tension Timeline;95,879;10
Harmonic Tension Timeline;95,879;26
Harmonic Tension Timeline;95,879;36
Harmonic Tension Timeline;95,879;46
Harmonic Tension Timeline;95,891;46
Harmonic Tension Timeline;95,891;24
Harmonic Tension Timeline;95,891;46
Harmonic Tension Timeline;96,042;46
Harmonic Tension Timeline;96,042;36
Harmonic Tension Timeline;96,053;36
Harmonic Tension Timeline;96,053;23
Harmonic Tension Timeline;96,053;8
Harmonic Tension Timeline;96,053;16
Harmonic Tension Timeline;96,053;36
Harmonic Tension Timeline;96,053;49
Harmonic Tension Timeline;96,065;49
Harmonic Tension Timeline;96,065;27
Harmonic Tension Timeline;96,099;27
Harmonic Tension Timeline;96,099;13
Harmonic Tension Timeline;96,099;27
Harmonic Tension Timeline;96,100;27
Harmonic Tension Timeline;96,100;13
Harmonic Tension Timeline;96,169;13
Harmonic Tension Timeline;96,169;8
Harmonic Tension Timeline;96,169;13
Harmonic Tension Timeline;96,216;13
Harmonic Tension Timeline;96,216;57
Harmonic Tension Timeline;96,216;89
Harmonic Tension Timeline;96,239;89
Harmonic Tension Timeline;96,239;66
Harmonic Tension Timeline;96,274;66
Harmonic Tension Timeline;96,274;98
Harmonic Tension Timeline;96,285;98
Harmonic Tension Timeline;96,285;71
Harmonic Tension Timeline;96,285;97
Harmonic Tension Timeline;96,297;97
Harmonic Tension Timeline;96,297;128
Harmonic Tension Timeline;96,355;128
Harmonic Tension Timeline;96,355;82
Harmonic Tension Timeline;96,412;82
Harmonic Tension Timeline;96,412;58
Harmonic Tension Timeline;96,412;82
Harmonic Tension Timeline;96,414;82
Harmonic Tension Timeline;96,414;58
Harmonic Tension Timeline;96,436;58
Harmonic Tension Timeline;96,436;40
Harmonic Tension Timeline;96,482;40
Harmonic Tension Timeline;96,482;8
Harmonic Tension Timeline;96,482;0
Harmonic Tension Timeline;96,506;0
Harmonic Tension Timeline;96,506;0
Harmonic Tension Timeline;96,541;0
Harmonic Tension Timeline;96,541;3
Harmonic Tension Timeline;96,552;3
Harmonic Tension Timeline;96,552;17
Harmonic Tension Timeline;96,552;23
Harmonic Tension Timeline;96,564;23
Harmonic Tension Timeline;96,564;30
Harmonic Tension Timeline;96,564;37
Harmonic Tension Timeline;96,610;37
Harmonic Tension Timeline;96,610;18
Harmonic Tension Timeline;96,610;22
Harmonic Tension Timeline;96,610;44
Harmonic Tension Timeline;96,622;44
Harmonic Tension Timeline;96,622;31
Harmonic Tension Timeline;96,622;44
Harmonic Tension Timeline;96,645;44
Harmonic Tension Timeline;96,645;32
Harmonic Tension Timeline;96,679;32
Harmonic Tension Timeline;96,679;27
Harmonic Tension Timeline;96,692;27
Harmonic Tension Timeline;96,692;12
Harmonic Tension Timeline;96,692;14
Harmonic Tension Timeline;96,692;32
Harmonic Tension Timeline;96,737;32
Harmonic Tension Timeline;96,737;19
Harmonic Tension Timeline;96,773;19
Harmonic Tension Timeline;96,773;29
Harmonic Tension Timeline;96,854;29
Harmonic Tension Timeline;96,854;19
Harmonic Tension Timeline;96,854;6
Harmonic Tension Timeline;96,877;6
Harmonic Tension Timeline;96,877;0
Harmonic Tension Timeline;96,889;0
Harmonic Tension Timeline;96,889;42
Harmonic Tension Timeline;96,900;42
Harmonic Tension Timeline;96,900;28
Harmonic Tension Timeline;96,900;42
Harmonic Tension Timeline;96,912;42
Harmonic Tension Timeline;96,912;63
Harmonic Tension Timeline;97,063;63
Harmonic Tension Timeline;97,063;90
Harmonic Tension Timeline;97,063;117
Harmonic Tension Timeline;97,132;117
Harmonic Tension Timeline;97,132;34
Harmonic Tension Timeline;97,132;21
Harmonic Tension Timeline;97,144;21
Harmonic Tension Timeline;97,144;6
Harmonic Tension Timeline;97,144;21
Harmonic Tension Timeline;97,145;21
Harmonic Tension Timeline;97,145;6
Harmonic Tension Timeline;97,214;6
Harmonic Tension Timeline;97,214;21
Harmonic Tension Timeline;97,226;21
Harmonic Tension Timeline;97,226;34
Harmonic Tension Timeline;97,226;49
Harmonic Tension Timeline;97,226;69
Harmonic Tension Timeline;97,295;69
Harmonic Tension Timeline;97,295;49
Harmonic Tension Timeline;97,295;69
Harmonic Tension Timeline;97,296;69
Harmonic Tension Timeline;97,296;49
Harmonic Tension Timeline;97,306;49
Harmonic Tension Timeline;97,306;27
Harmonic Tension Timeline;97,307;27
Harmonic Tension Timeline;97,307;49
Harmonic Tension Timeline;97,355;49
Harmonic Tension Timeline;97,355;36
Harmonic Tension Timeline;97,366;36
Harmonic Tension Timeline;97,366;21
Harmonic Tension Timeline;97,366;36
Harmonic Tension Timeline;97,367;36
Harmonic Tension Timeline;97,367;21
Harmonic Tension Timeline;97,377;21
Harmonic Tension Timeline;97,377;16
Harmonic Tension Timeline;97,378;16
Harmonic Tension Timeline;97,378;11
Harmonic Tension Timeline;97,378;16
Harmonic Tension Timeline;97,378;21
Harmonic Tension Timeline;97,378;32
Harmonic Tension Timeline;97,378;46
Harmonic Tension Timeline;97,448;46
Harmonic Tension Timeline;97,448;32
Harmonic Tension Timeline;97,458;32
Harmonic Tension Timeline;97,458;14
Harmonic Tension Timeline;97,482;14
Harmonic Tension Timeline;97,482;6
Harmonic Tension Timeline;97,541;6
Harmonic Tension Timeline;97,541;0
Harmonic Tension Timeline;97,541;6
Harmonic Tension Timeline;97,552;6
Harmonic Tension Timeline;97,552;4
Harmonic Tension Timeline;97,552;6
Harmonic Tension Timeline;97,552;54
Harmonic Tension Timeline;97,564;54
Harmonic Tension Timeline;97,564;37
Harmonic Tension Timeline;97,564;54
Harmonic Tension Timeline;97,564;69
Harmonic Tension Timeline;97,564;92
Harmonic Tension Timeline;97,645;92
Harmonic Tension Timeline;97,645;73
Harmonic Tension Timeline;97,760;73
Harmonic Tension Timeline;97,760;52
Harmonic Tension Timeline;97,760;73
Harmonic Tension Timeline;97,784;73
Harmonic Tension Timeline;97,784;92
Harmonic Tension Timeline;97,807;92
Harmonic Tension Timeline;97,807;34
Harmonic Tension Timeline;97,843;34
Harmonic Tension Timeline;97,843;26
Harmonic Tension Timeline;97,854;26
Harmonic Tension Timeline;97,854;12
Harmonic Tension Timeline;97,877;12
Harmonic Tension Timeline;97,877;20
Harmonic Tension Timeline;97,877;54
Harmonic Tension Timeline;97,877;88
Harmonic Tension Timeline;97,912;88
Harmonic Tension Timeline;97,912;70
Harmonic Tension Timeline;97,981;70
Harmonic Tension Timeline;97,981;46
Harmonic Tension Timeline;97,993;46
Harmonic Tension Timeline;97,993;26
Harmonic Tension Timeline;98,040;26
Harmonic Tension Timeline;98,040;12
Harmonic Tension Timeline;98,040;26
Harmonic Tension Timeline;98,051;26
Harmonic Tension Timeline;98,051;35
Harmonic Tension Timeline;98,109;35
Harmonic Tension Timeline;98,109;26
Harmonic Tension Timeline;98,121;26
Harmonic Tension Timeline;98,121;8
Harmonic Tension Timeline;98,121;3
Harmonic Tension Timeline;98,214;3
Harmonic Tension Timeline;98,214;0
Harmonic Tension Timeline;98,214;0
Harmonic Tension Timeline;98,214;0
Harmonic Tension Timeline;98,214;0
Harmonic Tension Timeline;98,214;4
Harmonic Tension Timeline;98,214;8
Harmonic Tension Timeline;98,225;8
Harmonic Tension Timeline;98,225;18
Harmonic Tension Timeline;98,353;18
Harmonic Tension Timeline;98,353;37
Harmonic Tension Timeline;98,434;37
Harmonic Tension Timeline;98,434;22
Harmonic Tension Timeline;98,434;37
Harmonic Tension Timeline;98,469;37
Harmonic Tension Timeline;98,469;27
Harmonic Tension Timeline;98,480;27
Harmonic Tension Timeline;98,480;22
Harmonic Tension Timeline;98,481;22
Harmonic Tension Timeline;98,481;10
Harmonic Tension Timeline;98,492;10
Harmonic Tension Timeline;98,492;8
Harmonic Tension Timeline;98,492;0
Harmonic Tension Timeline;98,493;0
Harmonic Tension Timeline;98,493;8
Harmonic Tension Timeline;98,504;8
Harmonic Tension Timeline;98,504;0
Harmonic Tension Timeline;98,504;8
Harmonic Tension Timeline;98,527;8
Harmonic Tension Timeline;98,527;16
Harmonic Tension Timeline;98,550;16
Harmonic Tension Timeline;98,550;18
Harmonic Tension Timeline;98,561;18
Harmonic Tension Timeline;98,561;26
Harmonic Tension Timeline;98,561;53
Harmonic Tension Timeline;98,561;80
Harmonic Tension Timeline;98,563;80
Harmonic Tension Timeline;98,563;24
Harmonic Tension Timeline;98,608;24
Harmonic Tension Timeline;98,608;18
Harmonic Tension Timeline;98,608;12
Harmonic Tension Timeline;98,608;18
Harmonic Tension Timeline;98,620;18
Harmonic Tension Timeline;98,620;24
Harmonic Tension Timeline;98,643;24
Harmonic Tension Timeline;98,643;18
Harmonic Tension Timeline;98,701;18
Harmonic Tension Timeline;98,701;9
Harmonic Tension Timeline;98,713;9
Harmonic Tension Timeline;98,713;18
Harmonic Tension Timeline;98,759;18
Harmonic Tension Timeline;98,759;12
Harmonic Tension Timeline;98,759;18
Harmonic Tension Timeline;98,805;18
Harmonic Tension Timeline;98,805;9
Harmonic Tension Timeline;98,818;9
Harmonic Tension Timeline;98,818;21
Harmonic Tension Timeline;98,886;21
Harmonic Tension Timeline;98,886;6
Harmonic Tension Timeline;98,899;6
Harmonic Tension Timeline;98,899;0
Harmonic Tension Timeline;98,922;0
Harmonic Tension Timeline;98,922;0
Harmonic Tension Timeline;98,922;0
Harmonic Tension Timeline;98,945;0
Harmonic Tension Timeline;98,945;0
Harmonic Tension Timeline;99,049;0
Harmonic Tension Timeline;99,049;0
Harmonic Tension Timeline;99,050;0
Harmonic Tension Timeline;99,050;0
Harmonic Tension Timeline;99,050;0
Harmonic Tension Timeline;99,061;0
Harmonic Tension Timeline;99,061;22
Harmonic Tension Timeline;99,084;22
Harmonic Tension Timeline;99,084;45
Harmonic Tension Timeline;99,096;45
Harmonic Tension Timeline;99,096;66
Harmonic Tension Timeline;99,143;66
Harmonic Tension Timeline;99,143;112
Harmonic Tension Timeline;99,190;112
Harmonic Tension Timeline;99,190;88
Harmonic Tension Timeline;99,201;88
Harmonic Tension Timeline;99,201;66
Harmonic Tension Timeline;99,213;66
Harmonic Tension Timeline;99,213;45
Harmonic Tension Timeline;99,213;66
Harmonic Tension Timeline;99,224;66
Harmonic Tension Timeline;99,224;90
Harmonic Tension Timeline;99,258;90
Harmonic Tension Timeline;99,258;63
Harmonic Tension Timeline;99,270;63
Harmonic Tension Timeline;99,270;51
Harmonic Tension Timeline;99,270;27
Harmonic Tension Timeline;99,270;51
Harmonic Tension Timeline;99,270;63
Harmonic Tension Timeline;99,271;63
Harmonic Tension Timeline;99,271;39
Harmonic Tension Timeline;99,271;27
Harmonic Tension Timeline;99,341;27
Harmonic Tension Timeline;99,341;51
Harmonic Tension Timeline;99,376;51
Harmonic Tension Timeline;99,376;72
Harmonic Tension Timeline;99,446;72
Harmonic Tension Timeline;99,446;50
Harmonic Tension Timeline;99,480;50
Harmonic Tension Timeline;99,480;34
Harmonic Tension Timeline;99,493;34
Harmonic Tension Timeline;99,493;22
Harmonic Tension Timeline;99,503;22
Harmonic Tension Timeline;99,503;17
Harmonic Tension Timeline;99,516;17
Harmonic Tension Timeline;99,516;8
Harmonic Tension Timeline;99,550;8
Harmonic Tension Timeline;99,550;16
Harmonic Tension Timeline;99,550;20
Harmonic Tension Timeline;99,550;36
Harmonic Tension Timeline;99,561;36
Harmonic Tension Timeline;99,561;26
Harmonic Tension Timeline;99,561;36
Harmonic Tension Timeline;99,561;80
Harmonic Tension Timeline;99,678;80
Harmonic Tension Timeline;99,678;56
Harmonic Tension Timeline;99,701;56
Harmonic Tension Timeline;99,701;88
Harmonic Tension Timeline;99,713;88
Harmonic Tension Timeline;99,713;70
Harmonic Tension Timeline;99,713;96
Harmonic Tension Timeline;99,713;114
Harmonic Tension Timeline;99,724;114
Harmonic Tension Timeline;99,724;52
Harmonic Tension Timeline;99,724;60
Harmonic Tension Timeline;99,817;60
Harmonic Tension Timeline;99,817;44
Harmonic Tension Timeline;99,875;44
Harmonic Tension Timeline;99,875;36
Harmonic Tension Timeline;99,875;44
Harmonic Tension Timeline;99,875;66
Harmonic Tension Timeline;99,886;66
Harmonic Tension Timeline;99,886;46
Harmonic Tension Timeline;99,886;38
Harmonic Tension Timeline;99,886;54
Harmonic Tension Timeline;99,968;54
Harmonic Tension Timeline;99,968;26
Harmonic Tension Timeline;100,003;26
Harmonic Tension Timeline;100,003;18
Harmonic Tension Timeline;100,049;18
Harmonic Tension Timeline;100,049;26
Harmonic Tension Timeline;100,060;26
Harmonic Tension Timeline;100,060;12
Harmonic Tension Timeline;100,060;18
Harmonic Tension Timeline;100,060;34
Harmonic Tension Timeline;100,060;50
Harmonic Tension Timeline;100,096;50
Harmonic Tension Timeline;100,096;32
Harmonic Tension Timeline;100,142;32
Harmonic Tension Timeline;100,142;21
Harmonic Tension Timeline;100,176;21
Harmonic Tension Timeline;100,176;16
Harmonic Tension Timeline;100,177;16
Harmonic Tension Timeline;100,177;11
Harmonic Tension Timeline;100,189;11
Harmonic Tension Timeline;100,189;16
Harmonic Tension Timeline;100,211;16
Harmonic Tension Timeline;100,211;6
Harmonic Tension Timeline;100,211;16
Harmonic Tension Timeline;100,235;16
Harmonic Tension Timeline;100,235;4
Harmonic Tension Timeline;100,247;4
Harmonic Tension Timeline;100,247;12
Harmonic Tension Timeline;100,258;12
Harmonic Tension Timeline;100,258;27
Harmonic Tension Timeline;100,304;27
Harmonic Tension Timeline;100,304;22
Harmonic Tension Timeline;100,305;22
Harmonic Tension Timeline;100,305;27
Harmonic Tension Timeline;100,328;27
Harmonic Tension Timeline;100,328;22
Harmonic Tension Timeline;100,328;27
Harmonic Tension Timeline;100,374;27
Harmonic Tension Timeline;100,374;11
Harmonic Tension Timeline;100,374;6
Harmonic Tension Timeline;100,374;11
Harmonic Tension Timeline;100,375;11
Harmonic Tension Timeline;100,375;6
Harmonic Tension Timeline;100,386;6
Harmonic Tension Timeline;100,386;0
Harmonic Tension Timeline;100,386;6
Harmonic Tension Timeline;100,456;6
Harmonic Tension Timeline;100,456;3
Harmonic Tension Timeline;100,456;0
Harmonic Tension Timeline;100,514;0
Harmonic Tension Timeline;100,514;12
Harmonic Tension Timeline;100,549;12
Harmonic Tension Timeline;100,549;24
Harmonic Tension Timeline;100,549;36
Harmonic Tension Timeline;100,572;36
Harmonic Tension Timeline;100,572;54
Harmonic Tension Timeline;100,595;54
Harmonic Tension Timeline;100,595;12
Harmonic Tension Timeline;100,595;14
Harmonic Tension Timeline;100,606;14
Harmonic Tension Timeline;100,606;12
Harmonic Tension Timeline;100,606;14
Harmonic Tension Timeline;100,606;22
Harmonic Tension Timeline;100,642;22
Harmonic Tension Timeline;100,642;20
Harmonic Tension Timeline;100,642;12
Harmonic Tension Timeline;100,642;0
Harmonic Tension Timeline;100,642;0
Harmonic Tension Timeline;100,746;0
Harmonic Tension Timeline;100,746;0
Harmonic Tension Timeline;100,746;0
Harmonic Tension Timeline;100,757;0
Harmonic Tension Timeline;100,757;0
Harmonic Tension Timeline;100,757;0
Harmonic Tension Timeline;100,757;0
Harmonic Tension Timeline;100,769;0
Harmonic Tension Timeline;100,769;0
Harmonic Tension Timeline;100,769;0
Harmonic Tension Timeline;100,861;0
Harmonic Tension Timeline;100,861;0
Harmonic Tension Timeline;100,862;0
Harmonic Tension Timeline;100,862;0
Harmonic Tension Timeline;100,874;0
Harmonic Tension Timeline;100,874;0
Harmonic Tension Timeline;100,908;0
Harmonic Tension Timeline;100,908;0
Harmonic Tension Timeline;100,955;0
Harmonic Tension Timeline;100,955;18
Harmonic Tension Timeline;100,967;18
Harmonic Tension Timeline;100,967;10
Harmonic Tension Timeline;100,967;18
Harmonic Tension Timeline;100,990;18
Harmonic Tension Timeline;100,990;35
Harmonic Tension Timeline;101,036;35
Harmonic Tension Timeline;101,036;22
Harmonic Tension Timeline;101,048;22
Harmonic Tension Timeline;101,048;35
Harmonic Tension Timeline;101,059;35
Harmonic Tension Timeline;101,059;51
Harmonic Tension Timeline;101,129;51
Harmonic Tension Timeline;101,129;58
Harmonic Tension Timeline;101,152;58
Harmonic Tension Timeline;101,152;32
Harmonic Tension Timeline;101,210;32
Harmonic Tension Timeline;101,210;14
Harmonic Tension Timeline;101,210;32
Harmonic Tension Timeline;101,222;32
Harmonic Tension Timeline;101,222;14
Harmonic Tension Timeline;101,233;14
Harmonic Tension Timeline;101,233;32
Harmonic Tension Timeline;101,280;32
Harmonic Tension Timeline;101,280;19
Harmonic Tension Timeline;101,280;32
Harmonic Tension Timeline;101,315;32
Harmonic Tension Timeline;101,315;27
Harmonic Tension Timeline;101,362;27
Harmonic Tension Timeline;101,362;11
Harmonic Tension Timeline;101,374;11
Harmonic Tension Timeline;101,374;35
Harmonic Tension Timeline;101,398;35
Harmonic Tension Timeline;101,398;22
Harmonic Tension Timeline;101,491;22
Harmonic Tension Timeline;101,491;11
Harmonic Tension Timeline;101,491;22
Harmonic Tension Timeline;101,548;22
Harmonic Tension Timeline;101,548;6
Harmonic Tension Timeline;101,548;9
Harmonic Tension Timeline;101,548;27
Harmonic Tension Timeline;101,559;27
Harmonic Tension Timeline;101,559;22
Harmonic Tension Timeline;101,559;10
Harmonic Tension Timeline;101,560;10
Harmonic Tension Timeline;101,560;12
Harmonic Tension Timeline;101,560;27
Harmonic Tension Timeline;101,595;27
Harmonic Tension Timeline;101,595;16
Harmonic Tension Timeline;101,595;27
Harmonic Tension Timeline;101,595;40
Harmonic Tension Timeline;101,676;40
Harmonic Tension Timeline;101,676;14
Harmonic Tension Timeline;101,699;14
Harmonic Tension Timeline;101,699;11
Harmonic Tension Timeline;101,699;14
Harmonic Tension Timeline;101,723;14
Harmonic Tension Timeline;101,723;26
Harmonic Tension Timeline;101,780;26
Harmonic Tension Timeline;101,780;18
Harmonic Tension Timeline;101,780;26
Harmonic Tension Timeline;101,780;36
Harmonic Tension Timeline;101,874;36
Harmonic Tension Timeline;101,874;19
Harmonic Tension Timeline;101,896;19
Harmonic Tension Timeline;101,896;14
Harmonic Tension Timeline;101,908;14
Harmonic Tension Timeline;101,908;40
Harmonic Tension Timeline;101,908;58
Harmonic Tension Timeline;101,920;58
Harmonic Tension Timeline;101,920;37
Harmonic Tension Timeline;102,059;37
Harmonic Tension Timeline;102,059;19
Harmonic Tension Timeline;102,059;37
Harmonic Tension Timeline;102,071;37
Harmonic Tension Timeline;102,071;27
Harmonic Tension Timeline;102,071;37
Harmonic Tension Timeline;102,071;58
Harmonic Tension Timeline;102,188;58
Harmonic Tension Timeline;102,188;32
Harmonic Tension Timeline;102,198;32
Harmonic Tension Timeline;102,198;27
Harmonic Tension Timeline;102,233;27
Harmonic Tension Timeline;102,233;11
Harmonic Tension Timeline;102,233;27
Harmonic Tension Timeline;102,315;27
Harmonic Tension Timeline;102,315;12
Harmonic Tension Timeline;102,396;12
Harmonic Tension Timeline;102,396;24
Harmonic Tension Timeline;102,419;24
Harmonic Tension Timeline;102,419;8
Harmonic Tension Timeline;102,524;8
Harmonic Tension Timeline;102,524;4
Harmonic Tension Timeline;102,535;4
Harmonic Tension Timeline;102,535;0
Harmonic Tension Timeline;102,547;0
Harmonic Tension Timeline;102,547;4
Harmonic Tension Timeline;102,581;4
Harmonic Tension Timeline;102,581;2
Harmonic Tension Timeline;102,581;4
Harmonic Tension Timeline;102,582;4
Harmonic Tension Timeline;102,582;2
Harmonic Tension Timeline;102,604;2
Harmonic Tension Timeline;102,604;0
Harmonic Tension Timeline;102,605;0
Harmonic Tension Timeline;102,605;2
Harmonic Tension Timeline;102,605;10
Harmonic Tension Timeline;102,605;18
Harmonic Tension Timeline;102,628;18
Harmonic Tension Timeline;102,628;0
Harmonic Tension Timeline;102,686;0
Harmonic Tension Timeline;102,686;0
Harmonic Tension Timeline;102,686;0
Harmonic Tension Timeline;102,779;0
Harmonic Tension Timeline;102,779;0
Harmonic Tension Timeline;102,779;0
Harmonic Tension Timeline;102,883;0
Harmonic Tension Timeline;102,883;18
Harmonic Tension Timeline;102,919;18
Harmonic Tension Timeline;102,919;26
Harmonic Tension Timeline;103,057;26
Harmonic Tension Timeline;103,057;24
Harmonic Tension Timeline;103,057;26
Harmonic Tension Timeline;103,081;26
Harmonic Tension Timeline;103,081;18
Harmonic Tension Timeline;103,081;10
Harmonic Tension Timeline;103,081;18
Harmonic Tension Timeline;103,255;18
Harmonic Tension Timeline;103,255;10
Harmonic Tension Timeline;103,255;18
Harmonic Tension Timeline;103,372;18
Harmonic Tension Timeline;103,372;10
Harmonic Tension Timeline;103,372;18
Harmonic Tension Timeline;103,373;18
Harmonic Tension Timeline;103,373;10
Harmonic Tension Timeline;103,384;10
Harmonic Tension Timeline;103,384;22
Harmonic Tension Timeline;103,523;22
Harmonic Tension Timeline;103,523;6
Harmonic Tension Timeline;103,524;6
Harmonic Tension Timeline;103,524;0
Harmonic Tension Timeline;103,558;0
Harmonic Tension Timeline;103,558;4
Harmonic Tension Timeline;103,570;4
Harmonic Tension Timeline;103,570;14
Harmonic Tension Timeline;103,581;14
Harmonic Tension Timeline;103,581;19
Harmonic Tension Timeline;103,604;19
Harmonic Tension Timeline;103,604;14
Harmonic Tension Timeline;103,604;19
Harmonic Tension Timeline;103,604;32
Harmonic Tension Timeline;103,605;32
Harmonic Tension Timeline;103,605;27
Harmonic Tension Timeline;103,616;27
Harmonic Tension Timeline;103,616;22
Harmonic Tension Timeline;103,617;22
Harmonic Tension Timeline;103,617;27
Harmonic Tension Timeline;103,721;27
Harmonic Tension Timeline;103,721;11
Harmonic Tension Timeline;103,791;11
Harmonic Tension Timeline;103,791;0
Harmonic Tension Timeline;103,882;0
Harmonic Tension Timeline;103,882;0
Harmonic Tension Timeline;103,895;0
Harmonic Tension Timeline;103,895;0
Harmonic Tension Timeline;104,046;0
Harmonic Tension Timeline;104,046;0
Harmonic Tension Timeline;104,046;0
Harmonic Tension Timeline;104,046;0
Harmonic Tension Timeline;104,092;0
Harmonic Tension Timeline;104,092;0
Harmonic Tension Timeline;104,092;0
Harmonic Tension Timeline;104,161;0
Harmonic Tension Timeline;104,161;0
Harmonic Tension Timeline;104,161;0
Harmonic Tension Timeline;104,220;0
Harmonic Tension Timeline;104,220;14
Harmonic Tension Timeline;104,243;14
Harmonic Tension Timeline;104,243;6
Harmonic Tension Timeline;104,243;24
Harmonic Tension Timeline;104,243;40
Harmonic Tension Timeline;104,277;40
Harmonic Tension Timeline;104,277;30
Harmonic Tension Timeline;104,313;30
Harmonic Tension Timeline;104,313;26
Harmonic Tension Timeline;104,324;26
Harmonic Tension Timeline;104,324;10
Harmonic Tension Timeline;104,324;26
Harmonic Tension Timeline;104,348;26
Harmonic Tension Timeline;104,348;42
Harmonic Tension Timeline;104,358;42
Harmonic Tension Timeline;104,358;26
Harmonic Tension Timeline;104,359;26
Harmonic Tension Timeline;104,359;42
Harmonic Tension Timeline;104,371;42
Harmonic Tension Timeline;104,371;24
Harmonic Tension Timeline;104,464;24
Harmonic Tension Timeline;104,464;0
Harmonic Tension Timeline;104,510;0
Harmonic Tension Timeline;104,510;36
Harmonic Tension Timeline;104,533;36
Harmonic Tension Timeline;104,533;24
Harmonic Tension Timeline;104,568;24
Harmonic Tension Timeline;104,568;36
Harmonic Tension Timeline;104,568;54
Harmonic Tension Timeline;104,615;54
Harmonic Tension Timeline;104,615;34
Harmonic Tension Timeline;104,615;54
Harmonic Tension Timeline;104,626;54
Harmonic Tension Timeline;104,626;96
Harmonic Tension Timeline;104,638;96
Harmonic Tension Timeline;104,638;70
Harmonic Tension Timeline;104,638;96
Harmonic Tension Timeline;104,684;96
Harmonic Tension Timeline;104,684;128
Harmonic Tension Timeline;104,696;128
Harmonic Tension Timeline;104,696;74
Harmonic Tension Timeline;104,696;20
Harmonic Tension Timeline;104,696;74
Harmonic Tension Timeline;104,707;74
Harmonic Tension Timeline;104,707;60
Harmonic Tension Timeline;104,754;60
Harmonic Tension Timeline;104,754;40
Harmonic Tension Timeline;104,754;66
Harmonic Tension Timeline;104,754;91
Harmonic Tension Timeline;104,847;91
Harmonic Tension Timeline;104,847;60
Harmonic Tension Timeline;104,870;60
Harmonic Tension Timeline;104,870;40
Harmonic Tension Timeline;104,870;60
Harmonic Tension Timeline;104,916;60
Harmonic Tension Timeline;104,916;36
Harmonic Tension Timeline;104,917;36
Harmonic Tension Timeline;104,917;60
Harmonic Tension Timeline;104,998;60
Harmonic Tension Timeline;104,998;91
Harmonic Tension Timeline;105,009;91
Harmonic Tension Timeline;105,009;66
Harmonic Tension Timeline;105,009;83
Harmonic Tension Timeline;105,091;83
Harmonic Tension Timeline;105,091;58
Harmonic Tension Timeline;105,091;83
Harmonic Tension Timeline;105,125;83
Harmonic Tension Timeline;105,125;66
Harmonic Tension Timeline;105,126;66
Harmonic Tension Timeline;105,126;40
Harmonic Tension Timeline;105,149;40
Harmonic Tension Timeline;105,149;64
Harmonic Tension Timeline;105,219;64
Harmonic Tension Timeline;105,219;40
Harmonic Tension Timeline;105,230;40
Harmonic Tension Timeline;105,230;22
Harmonic Tension Timeline;105,230;44
Harmonic Tension Timeline;105,230;64
Harmonic Tension Timeline;105,265;64
Harmonic Tension Timeline;105,265;104
Harmonic Tension Timeline;105,347;104
Harmonic Tension Timeline;105,347;69
Harmonic Tension Timeline;105,347;104
Harmonic Tension Timeline;105,371;104
Harmonic Tension Timeline;105,371;148
Harmonic Tension Timeline;105,371;188
Harmonic Tension Timeline;105,451;188
Harmonic Tension Timeline;105,451;129
Harmonic Tension Timeline;105,452;129
Harmonic Tension Timeline;105,452;101
Harmonic Tension Timeline;105,486;101
Harmonic Tension Timeline;105,486;52
Harmonic Tension Timeline;105,486;34
Harmonic Tension Timeline;105,556;34
Harmonic Tension Timeline;105,556;10
Harmonic Tension Timeline;105,556;0
Harmonic Tension Timeline;105,556;0
Harmonic Tension Timeline;105,556;34
Harmonic Tension Timeline;105,556;79
Harmonic Tension Timeline;105,556;101
Harmonic Tension Timeline;105,556;150
Harmonic Tension Timeline;105,615;150
Harmonic Tension Timeline;105,615;187
Harmonic Tension Timeline;105,684;187
Harmonic Tension Timeline;105,684;148
Harmonic Tension Timeline;105,684;99
Harmonic Tension Timeline;105,777;99
Harmonic Tension Timeline;105,777;148
Harmonic Tension Timeline;105,847;148
Harmonic Tension Timeline;105,847;99
Harmonic Tension Timeline;105,893;99
Harmonic Tension Timeline;105,893;71
Harmonic Tension Timeline;105,893;99
Harmonic Tension Timeline;105,894;99
Harmonic Tension Timeline;105,894;71
Harmonic Tension Timeline;106,079;71
Harmonic Tension Timeline;106,079;99
Harmonic Tension Timeline;106,114;99
Harmonic Tension Timeline;106,114;138
Harmonic Tension Timeline;106,136;138
Harmonic Tension Timeline;106,136;96
Harmonic Tension Timeline;106,172;96
Harmonic Tension Timeline;106,172;69
Harmonic Tension Timeline;106,195;69
Harmonic Tension Timeline;106,195;42
Harmonic Tension Timeline;106,206;42
Harmonic Tension Timeline;106,206;69
Harmonic Tension Timeline;106,207;69
Harmonic Tension Timeline;106,207;41
Harmonic Tension Timeline;106,229;41
Harmonic Tension Timeline;106,229;29
Harmonic Tension Timeline;106,229;41
Harmonic Tension Timeline;106,299;41
Harmonic Tension Timeline;106,299;73
Harmonic Tension Timeline;106,310;73
Harmonic Tension Timeline;106,310;41
Harmonic Tension Timeline;106,310;29
Harmonic Tension Timeline;106,311;29
Harmonic Tension Timeline;106,311;41
Harmonic Tension Timeline;106,380;41
Harmonic Tension Timeline;106,380;9
Harmonic Tension Timeline;106,531;9
Harmonic Tension Timeline;106,531;2
Harmonic Tension Timeline;106,544;2
Harmonic Tension Timeline;106,544;0
Harmonic Tension Timeline;106,578;0
Harmonic Tension Timeline;106,578;0
Harmonic Tension Timeline;106,578;0
Harmonic Tension Timeline;106,578;0
Harmonic Tension Timeline;106,590;0
Harmonic Tension Timeline;106,590;24
Harmonic Tension Timeline;106,601;24
Harmonic Tension Timeline;106,601;36
Harmonic Tension Timeline;106,636;36
Harmonic Tension Timeline;106,636;72
Harmonic Tension Timeline;106,659;72
Harmonic Tension Timeline;106,659;48
Harmonic Tension Timeline;106,671;48
Harmonic Tension Timeline;106,671;24
Harmonic Tension Timeline;106,671;51
Harmonic Tension Timeline;106,682;51
Harmonic Tension Timeline;106,682;78
Harmonic Tension Timeline;106,729;78
Harmonic Tension Timeline;106,729;42
Harmonic Tension Timeline;106,741;42
Harmonic Tension Timeline;106,741;78
Harmonic Tension Timeline;106,787;78
Harmonic Tension Timeline;106,787;42
Harmonic Tension Timeline;106,810;42
Harmonic Tension Timeline;106,810;24
Harmonic Tension Timeline;106,810;38
Harmonic Tension Timeline;106,822;38
Harmonic Tension Timeline;106,822;58
Harmonic Tension Timeline;106,880;58
Harmonic Tension Timeline;106,880;37
Harmonic Tension Timeline;106,880;27
Harmonic Tension Timeline;106,892;27
Harmonic Tension Timeline;106,892;37
Harmonic Tension Timeline;106,996;37
Harmonic Tension Timeline;106,996;20
Harmonic Tension Timeline;107,054;20
Harmonic Tension Timeline;107,054;6
Harmonic Tension Timeline;107,054;26
Harmonic Tension Timeline;107,217;26
Harmonic Tension Timeline;107,217;6
Harmonic Tension Timeline;107,228;6
Harmonic Tension Timeline;107,228;0
Harmonic Tension Timeline;107,228;12
Harmonic Tension Timeline;107,228;20
Harmonic Tension Timeline;107,240;20
Harmonic Tension Timeline;107,240;40
Harmonic Tension Timeline;107,322;40
Harmonic Tension Timeline;107,322;60
Harmonic Tension Timeline;107,438;60
Harmonic Tension Timeline;107,438;40
Harmonic Tension Timeline;107,508;40
Harmonic Tension Timeline;107,508;26
Harmonic Tension Timeline;107,520;26
Harmonic Tension Timeline;107,520;12
Harmonic Tension Timeline;107,578;12
Harmonic Tension Timeline;107,578;24
Harmonic Tension Timeline;107,647;24
Harmonic Tension Timeline;107,647;46
Harmonic Tension Timeline;107,682;46
Harmonic Tension Timeline;107,682;68
Harmonic Tension Timeline;107,949;68
Harmonic Tension Timeline;107,949;98
Harmonic Tension Timeline;107,984;98
Harmonic Tension Timeline;107,984;70
Harmonic Tension Timeline;108,007;70
Harmonic Tension Timeline;108,007;48
Harmonic Tension Timeline;108,019;48
Harmonic Tension Timeline;108,019;24
Harmonic Tension Timeline;108,042;24
Harmonic Tension Timeline;108,042;12
Harmonic Tension Timeline;108,054;12
Harmonic Tension Timeline;108,054;24
Harmonic Tension Timeline;108,089;24
Harmonic Tension Timeline;108,089;12
Harmonic Tension Timeline;108,134;12
Harmonic Tension Timeline;108,134;0
Harmonic Tension Timeline;108,204;0
Harmonic Tension Timeline;108,204;0
Harmonic Tension Timeline;108,228;0
Harmonic Tension Timeline;108,228;16
Harmonic Tension Timeline;108,228;26
Harmonic Tension Timeline;108,228;46
Harmonic Tension Timeline;108,297;46
Harmonic Tension Timeline;108,297;25
Harmonic Tension Timeline;108,332;25
Harmonic Tension Timeline;108,332;17
Harmonic Tension Timeline;108,332;25
Harmonic Tension Timeline;108,379;25
Harmonic Tension Timeline;108,379;10
Harmonic Tension Timeline;108,379;25
Harmonic Tension Timeline;108,402;25
Harmonic Tension Timeline;108,402;17
Harmonic Tension Timeline;108,438;17
Harmonic Tension Timeline;108,438;3
Harmonic Tension Timeline;108,553;3
Harmonic Tension Timeline;108,553;26
Harmonic Tension Timeline;108,553;37
Harmonic Tension Timeline;108,565;37
Harmonic Tension Timeline;108,565;20
Harmonic Tension Timeline;108,576;20
Harmonic Tension Timeline;108,576;27
Harmonic Tension Timeline;108,576;48
Harmonic Tension Timeline;108,600;48
Harmonic Tension Timeline;108,600;26
Harmonic Tension Timeline;108,646;26
Harmonic Tension Timeline;108,646;17
Harmonic Tension Timeline;108,646;26
Harmonic Tension Timeline;108,669;26
Harmonic Tension Timeline;108,669;10
Harmonic Tension Timeline;108,669;26
Harmonic Tension Timeline;108,716;26
Harmonic Tension Timeline;108,716;44
Harmonic Tension Timeline;108,727;44
Harmonic Tension Timeline;108,727;58
Harmonic Tension Timeline;108,739;58
Harmonic Tension Timeline;108,739;37
Harmonic Tension Timeline;108,739;58
Harmonic Tension Timeline;108,761;58
Harmonic Tension Timeline;108,761;44
Harmonic Tension Timeline;108,820;44
Harmonic Tension Timeline;108,820;26
Harmonic Tension Timeline;108,831;26
Harmonic Tension Timeline;108,831;17
Harmonic Tension Timeline;108,901;17
Harmonic Tension Timeline;108,901;5
Harmonic Tension Timeline;108,901;8
Harmonic Tension Timeline;108,912;8
Harmonic Tension Timeline;108,912;18
Harmonic Tension Timeline;109,017;18
Harmonic Tension Timeline;109,017;8
Harmonic Tension Timeline;109,052;8
Harmonic Tension Timeline;109,052;0
Harmonic Tension Timeline;109,052;0
Harmonic Tension Timeline;109,052;4
Harmonic Tension Timeline;109,052;17
Harmonic Tension Timeline;109,052;26
Harmonic Tension Timeline;109,052;36
Harmonic Tension Timeline;109,122;36
Harmonic Tension Timeline;109,122;23
Harmonic Tension Timeline;109,180;23
Harmonic Tension Timeline;109,180;17
Harmonic Tension Timeline;109,226;17
Harmonic Tension Timeline;109,226;26
Harmonic Tension Timeline;109,237;26
Harmonic Tension Timeline;109,237;8
Harmonic Tension Timeline;109,237;0
Harmonic Tension Timeline;109,237;10
Harmonic Tension Timeline;109,237;26
Harmonic Tension Timeline;109,250;26
Harmonic Tension Timeline;109,250;44
Harmonic Tension Timeline;109,309;44
Harmonic Tension Timeline;109,309;26
Harmonic Tension Timeline;109,320;26
Harmonic Tension Timeline;109,320;10
Harmonic Tension Timeline;109,321;10
Harmonic Tension Timeline;109,321;26
Harmonic Tension Timeline;109,355;26
Harmonic Tension Timeline;109,355;17
Harmonic Tension Timeline;109,390;17
Harmonic Tension Timeline;109,390;5
Harmonic Tension Timeline;109,448;5
Harmonic Tension Timeline;109,448;0
Harmonic Tension Timeline;109,448;5
Harmonic Tension Timeline;109,448;11
Harmonic Tension Timeline;109,449;11
Harmonic Tension Timeline;109,449;4
Harmonic Tension Timeline;109,483;4
Harmonic Tension Timeline;109,483;0
Harmonic Tension Timeline;109,529;0
Harmonic Tension Timeline;109,529;4
Harmonic Tension Timeline;109,541;4
Harmonic Tension Timeline;109,541;8
Harmonic Tension Timeline;109,553;8
Harmonic Tension Timeline;109,553;12
Harmonic Tension Timeline;109,553;26
Harmonic Tension Timeline;109,553;49
Harmonic Tension Timeline;109,565;49
Harmonic Tension Timeline;109,565;63
Harmonic Tension Timeline;109,587;63
Harmonic Tension Timeline;109,587;49
Harmonic Tension Timeline;109,669;49
Harmonic Tension Timeline;109,669;35
Harmonic Tension Timeline;109,669;49
Harmonic Tension Timeline;109,680;49
Harmonic Tension Timeline;109,680;26
Harmonic Tension Timeline;109,680;49
Harmonic Tension Timeline;109,681;49
Harmonic Tension Timeline;109,681;26
Harmonic Tension Timeline;109,703;26
Harmonic Tension Timeline;109,703;34
Harmonic Tension Timeline;109,715;34
Harmonic Tension Timeline;109,715;24
Harmonic Tension Timeline;109,797;24
Harmonic Tension Timeline;109,797;12
Harmonic Tension Timeline;109,831;12
Harmonic Tension Timeline;109,831;24
Harmonic Tension Timeline;109,843;24
Harmonic Tension Timeline;109,843;34
Harmonic Tension Timeline;109,924;34
Harmonic Tension Timeline;109,924;24
Harmonic Tension Timeline;109,971;24
Harmonic Tension Timeline;109,971;16
Harmonic Tension Timeline;109,982;16
Harmonic Tension Timeline;109,982;8
Harmonic Tension Timeline;110,064;8
Harmonic Tension Timeline;110,064;0
Harmonic Tension Timeline;110,064;10
Harmonic Tension Timeline;110,064;20
Harmonic Tension Timeline;110,098;20
Harmonic Tension Timeline;110,098;29
Harmonic Tension Timeline;110,145;29
Harmonic Tension Timeline;110,145;20
Harmonic Tension Timeline;110,191;20
Harmonic Tension Timeline;110,191;11
Harmonic Tension Timeline;110,226;11
Harmonic Tension Timeline;110,226;4
Harmonic Tension Timeline;110,226;11
Harmonic Tension Timeline;110,237;11
Harmonic Tension Timeline;110,237;23
Harmonic Tension Timeline;110,237;36
Harmonic Tension Timeline;110,319;36
Harmonic Tension Timeline;110,319;23
Harmonic Tension Timeline;110,319;17
Harmonic Tension Timeline;110,319;23
Harmonic Tension Timeline;110,389;23
Harmonic Tension Timeline;110,389;10
Harmonic Tension Timeline;110,389;23
Harmonic Tension Timeline;110,540;23
Harmonic Tension Timeline;110,540;17
Harmonic Tension Timeline;110,551;17
Harmonic Tension Timeline;110,551;3
Harmonic Tension Timeline;110,551;0
Harmonic Tension Timeline;110,551;8
Harmonic Tension Timeline;110,551;17
Harmonic Tension Timeline;110,574;17
Harmonic Tension Timeline;110,574;26
Harmonic Tension Timeline;110,621;26
Harmonic Tension Timeline;110,621;10
Harmonic Tension Timeline;110,621;26
Harmonic Tension Timeline;110,725;26
Harmonic Tension Timeline;110,725;8
Harmonic Tension Timeline;110,725;5
Harmonic Tension Timeline;110,725;17
Harmonic Tension Timeline;110,830;17
Harmonic Tension Timeline;110,830;4
Harmonic Tension Timeline;110,830;17
Harmonic Tension Timeline;110,888;17
Harmonic Tension Timeline;110,888;26
Harmonic Tension Timeline;111,063;26
Harmonic Tension Timeline;111,063;10
Harmonic Tension Timeline;111,063;26
Harmonic Tension Timeline;111,074;26
Harmonic Tension Timeline;111,074;36
Harmonic Tension Timeline;111,190;36
Harmonic Tension Timeline;111,190;23
Harmonic Tension Timeline;111,212;23
Harmonic Tension Timeline;111,212;11
Harmonic Tension Timeline;111,212;23
Harmonic Tension Timeline;111,225;23
Harmonic Tension Timeline;111,225;44
Harmonic Tension Timeline;111,343;44
Harmonic Tension Timeline;111,343;23
Harmonic Tension Timeline;111,366;23
Harmonic Tension Timeline;111,366;17
Harmonic Tension Timeline;111,366;23
Harmonic Tension Timeline;111,411;23
Harmonic Tension Timeline;111,411;8
Harmonic Tension Timeline;111,411;23
Harmonic Tension Timeline;111,412;23
Harmonic Tension Timeline;111,412;8
Harmonic Tension Timeline;111,470;8
Harmonic Tension Timeline;111,470;4
Harmonic Tension Timeline;111,470;8
Harmonic Tension Timeline;111,550;8
Harmonic Tension Timeline;111,550;4
Harmonic Tension Timeline;111,551;4
Harmonic Tension Timeline;111,551;8
Harmonic Tension Timeline;111,551;18
Harmonic Tension Timeline;111,563;18
Harmonic Tension Timeline;111,563;10
Harmonic Tension Timeline;111,563;14
Harmonic Tension Timeline;111,563;35
Harmonic Tension Timeline;111,563;49
Harmonic Tension Timeline;111,691;49
Harmonic Tension Timeline;111,691;35
Harmonic Tension Timeline;111,714;35
Harmonic Tension Timeline;111,714;13
Harmonic Tension Timeline;111,714;0
Harmonic Tension Timeline;111,714;14
Harmonic Tension Timeline;111,714;35
Harmonic Tension Timeline;111,748;35
Harmonic Tension Timeline;111,748;58
Harmonic Tension Timeline;111,760;58
Harmonic Tension Timeline;111,760;44
Harmonic Tension Timeline;111,853;44
Harmonic Tension Timeline;111,853;30
Harmonic Tension Timeline;111,876;30
Harmonic Tension Timeline;111,876;17
Harmonic Tension Timeline;111,910;17
Harmonic Tension Timeline;111,910;4
Harmonic Tension Timeline;111,910;17
Harmonic Tension Timeline;111,934;17
Harmonic Tension Timeline;111,934;26
Harmonic Tension Timeline;111,969;26
Harmonic Tension Timeline;111,969;36
Harmonic Tension Timeline;111,992;36
Harmonic Tension Timeline;111,992;46
Harmonic Tension Timeline;112,050;46
Harmonic Tension Timeline;112,050;24
Harmonic Tension Timeline;112,050;36
Harmonic Tension Timeline;112,050;63
Harmonic Tension Timeline;112,050;80
Harmonic Tension Timeline;112,084;80
Harmonic Tension Timeline;112,084;62
Harmonic Tension Timeline;112,085;62
Harmonic Tension Timeline;112,085;80
Harmonic Tension Timeline;112,143;80
Harmonic Tension Timeline;112,143;63
Harmonic Tension Timeline;112,155;63
Harmonic Tension Timeline;112,155;46
Harmonic Tension Timeline;112,167;46
Harmonic Tension Timeline;112,167;63
Harmonic Tension Timeline;112,177;63
Harmonic Tension Timeline;112,177;49
Harmonic Tension Timeline;112,212;49
Harmonic Tension Timeline;112,212;27
Harmonic Tension Timeline;112,212;49
Harmonic Tension Timeline;112,235;49
Harmonic Tension Timeline;112,235;36
Harmonic Tension Timeline;112,235;49
Harmonic Tension Timeline;112,235;80
Harmonic Tension Timeline;112,248;80
Harmonic Tension Timeline;112,248;58
Harmonic Tension Timeline;112,248;80
Harmonic Tension Timeline;112,317;80
Harmonic Tension Timeline;112,317;62
Harmonic Tension Timeline;112,318;62
Harmonic Tension Timeline;112,318;44
Harmonic Tension Timeline;112,341;44
Harmonic Tension Timeline;112,341;86
Harmonic Tension Timeline;112,386;86
Harmonic Tension Timeline;112,386;65
Harmonic Tension Timeline;112,386;86
Harmonic Tension Timeline;112,399;86
Harmonic Tension Timeline;112,399;60
Harmonic Tension Timeline;112,456;60
Harmonic Tension Timeline;112,456;30
Harmonic Tension Timeline;112,468;30
Harmonic Tension Timeline;112,468;16
Harmonic Tension Timeline;112,526;16
Harmonic Tension Timeline;112,526;8
Harmonic Tension Timeline;112,537;8
Harmonic Tension Timeline;112,537;0
Harmonic Tension Timeline;112,537;5
Harmonic Tension Timeline;112,549;5
Harmonic Tension Timeline;112,549;0
Harmonic Tension Timeline;112,573;0
Harmonic Tension Timeline;112,573;0
Harmonic Tension Timeline;112,573;10
Harmonic Tension Timeline;112,573;14
Harmonic Tension Timeline;112,607;14
Harmonic Tension Timeline;112,607;18
Harmonic Tension Timeline;112,619;18
Harmonic Tension Timeline;112,619;22
Harmonic Tension Timeline;112,619;44
Harmonic Tension Timeline;112,666;44
Harmonic Tension Timeline;112,666;32
Harmonic Tension Timeline;112,689;32
Harmonic Tension Timeline;112,689;27
Harmonic Tension Timeline;112,700;27
Harmonic Tension Timeline;112,700;32
Harmonic Tension Timeline;112,734;32
Harmonic Tension Timeline;112,734;14
Harmonic Tension Timeline;112,735;14
Harmonic Tension Timeline;112,735;32
Harmonic Tension Timeline;112,805;32
Harmonic Tension Timeline;112,805;44
Harmonic Tension Timeline;112,864;44
Harmonic Tension Timeline;112,864;26
Harmonic Tension Timeline;112,886;26
Harmonic Tension Timeline;112,886;42
Harmonic Tension Timeline;112,898;42
Harmonic Tension Timeline;112,898;32
Harmonic Tension Timeline;112,898;24
Harmonic Tension Timeline;112,898;32
Harmonic Tension Timeline;112,898;42
Harmonic Tension Timeline;112,991;42
Harmonic Tension Timeline;112,991;24
Harmonic Tension Timeline;112,991;12
Harmonic Tension Timeline;112,991;9
Harmonic Tension Timeline;112,991;19
Harmonic Tension Timeline;113,049;19
Harmonic Tension Timeline;113,049;31
Harmonic Tension Timeline;113,049;44
Harmonic Tension Timeline;113,060;44
Harmonic Tension Timeline;113,060;22
Harmonic Tension Timeline;113,060;14
Harmonic Tension Timeline;113,060;32
Harmonic Tension Timeline;113,119;32
Harmonic Tension Timeline;113,119;44
Harmonic Tension Timeline;113,130;44
Harmonic Tension Timeline;113,130;24
Harmonic Tension Timeline;113,200;24
Harmonic Tension Timeline;113,200;12
Harmonic Tension Timeline;113,200;24
Harmonic Tension Timeline;113,234;24
Harmonic Tension Timeline;113,234;42
Harmonic Tension Timeline;113,235;42
Harmonic Tension Timeline;113,235;32
Harmonic Tension Timeline;113,235;42
Harmonic Tension Timeline;113,236;42
Harmonic Tension Timeline;113,236;32
Harmonic Tension Timeline;113,294;32
Harmonic Tension Timeline;113,294;18
Harmonic Tension Timeline;113,294;32
Harmonic Tension Timeline;113,375;32
Harmonic Tension Timeline;113,375;19
Harmonic Tension Timeline;113,375;29
Harmonic Tension Timeline;113,375;48
Harmonic Tension Timeline;113,386;48
Harmonic Tension Timeline;113,386;38
Harmonic Tension Timeline;113,386;26
Harmonic Tension Timeline;113,386;34
Harmonic Tension Timeline;113,386;48
Harmonic Tension Timeline;113,398;48
Harmonic Tension Timeline;113,398;38
Harmonic Tension Timeline;113,398;48
Harmonic Tension Timeline;113,398;66
Harmonic Tension Timeline;113,479;66
Harmonic Tension Timeline;113,479;44
Harmonic Tension Timeline;113,491;44
Harmonic Tension Timeline;113,491;31
Harmonic Tension Timeline;113,537;31
Harmonic Tension Timeline;113,537;21
Harmonic Tension Timeline;113,549;21
Harmonic Tension Timeline;113,549;16
Harmonic Tension Timeline;113,549;21
Harmonic Tension Timeline;113,549;32
Harmonic Tension Timeline;113,572;32
Harmonic Tension Timeline;113,572;14
Harmonic Tension Timeline;113,572;12
Harmonic Tension Timeline;113,572;14
Harmonic Tension Timeline;113,572;32
Harmonic Tension Timeline;113,572;50
Harmonic Tension Timeline;113,584;50
Harmonic Tension Timeline;113,584;26
Harmonic Tension Timeline;113,700;26
Harmonic Tension Timeline;113,700;14
Harmonic Tension Timeline;113,711;14
Harmonic Tension Timeline;113,711;77
Harmonic Tension Timeline;113,723;77
Harmonic Tension Timeline;113,723;61
Harmonic Tension Timeline;113,723;77
Harmonic Tension Timeline;113,793;77
Harmonic Tension Timeline;113,793;14
Harmonic Tension Timeline;113,851;14
Harmonic Tension Timeline;113,851;32
Harmonic Tension Timeline;113,885;32
Harmonic Tension Timeline;113,885;19
Harmonic Tension Timeline;113,885;32
Harmonic Tension Timeline;113,897;32
Harmonic Tension Timeline;113,897;27
Harmonic Tension Timeline;113,898;27
Harmonic Tension Timeline;113,898;32
Harmonic Tension Timeline;113,898;50
Harmonic Tension Timeline;113,921;50
Harmonic Tension Timeline;113,921;68
Harmonic Tension Timeline;113,932;68
Harmonic Tension Timeline;113,932;44
Harmonic Tension Timeline;113,932;68
Harmonic Tension Timeline;113,991;68
Harmonic Tension Timeline;113,991;50
Harmonic Tension Timeline;114,002;50
Harmonic Tension Timeline;114,002;42
Harmonic Tension Timeline;114,002;27
Harmonic Tension Timeline;114,025;27
Harmonic Tension Timeline;114,025;12
Harmonic Tension Timeline;114,048;12
Harmonic Tension Timeline;114,048;27
Harmonic Tension Timeline;114,059;27
Harmonic Tension Timeline;114,059;16
Harmonic Tension Timeline;114,060;16
Harmonic Tension Timeline;114,060;27
Harmonic Tension Timeline;114,153;27
Harmonic Tension Timeline;114,153;16
Harmonic Tension Timeline;114,176;16
Harmonic Tension Timeline;114,176;4
Harmonic Tension Timeline;114,210;4
Harmonic Tension Timeline;114,210;8
Harmonic Tension Timeline;114,223;8
Harmonic Tension Timeline;114,223;4
Harmonic Tension Timeline;114,223;8
Harmonic Tension Timeline;114,234;8
Harmonic Tension Timeline;114,234;4
Harmonic Tension Timeline;114,234;8
Harmonic Tension Timeline;114,269;8
Harmonic Tension Timeline;114,269;4
Harmonic Tension Timeline;114,269;8
Harmonic Tension Timeline;114,292;8
Harmonic Tension Timeline;114,292;46
Harmonic Tension Timeline;114,293;46
Harmonic Tension Timeline;114,293;27
Harmonic Tension Timeline;114,350;27
Harmonic Tension Timeline;114,350;40
Harmonic Tension Timeline;114,407;40
Harmonic Tension Timeline;114,407;15
Harmonic Tension Timeline;114,420;15
Harmonic Tension Timeline;114,420;9
Harmonic Tension Timeline;114,478;9
Harmonic Tension Timeline;114,478;4
Harmonic Tension Timeline;114,501;4
Harmonic Tension Timeline;114,501;0
Harmonic Tension Timeline;114,513;0
Harmonic Tension Timeline;114,513;8
Harmonic Tension Timeline;114,536;8
Harmonic Tension Timeline;114,536;16
Harmonic Tension Timeline;114,548;16
Harmonic Tension Timeline;114,548;0
Harmonic Tension Timeline;114,548;0
Harmonic Tension Timeline;114,548;9
Harmonic Tension Timeline;114,559;9
Harmonic Tension Timeline;114,559;18
Harmonic Tension Timeline;114,582;18
Harmonic Tension Timeline;114,582;26
Harmonic Tension Timeline;114,605;26
Harmonic Tension Timeline;114,605;20
Harmonic Tension Timeline;114,605;26
Harmonic Tension Timeline;114,618;26
Harmonic Tension Timeline;114,618;20
Harmonic Tension Timeline;114,618;26
Harmonic Tension Timeline;114,652;26
Harmonic Tension Timeline;114,652;20
Harmonic Tension Timeline;114,652;11
Harmonic Tension Timeline;114,652;6
Harmonic Tension Timeline;114,652;9
Harmonic Tension Timeline;114,652;18
Harmonic Tension Timeline;114,664;18
Harmonic Tension Timeline;114,664;34
Harmonic Tension Timeline;114,722;34
Harmonic Tension Timeline;114,722;26
Harmonic Tension Timeline;114,722;34
Harmonic Tension Timeline;114,733;34
Harmonic Tension Timeline;114,733;21
Harmonic Tension Timeline;114,768;21
Harmonic Tension Timeline;114,768;16
Harmonic Tension Timeline;114,768;21
Harmonic Tension Timeline;114,780;21
Harmonic Tension Timeline;114,780;6
Harmonic Tension Timeline;114,780;21
Harmonic Tension Timeline;114,780;36
Harmonic Tension Timeline;114,896;36
Harmonic Tension Timeline;114,896;28
Harmonic Tension Timeline;114,896;16
Harmonic Tension Timeline;114,896;28
Harmonic Tension Timeline;114,943;28
Harmonic Tension Timeline;114,943;42
Harmonic Tension Timeline;114,977;42
Harmonic Tension Timeline;114,977;27
Harmonic Tension Timeline;115,058;27
Harmonic Tension Timeline;115,058;16
Harmonic Tension Timeline;115,058;27
Harmonic Tension Timeline;115,058;40
Harmonic Tension Timeline;115,070;40
Harmonic Tension Timeline;115,070;14
Harmonic Tension Timeline;115,070;0
Harmonic Tension Timeline;115,070;20
Harmonic Tension Timeline;115,070;40
Harmonic Tension Timeline;115,140;40
Harmonic Tension Timeline;115,140;72
Harmonic Tension Timeline;115,162;72
Harmonic Tension Timeline;115,162;51
Harmonic Tension Timeline;115,209;51
Harmonic Tension Timeline;115,209;30
Harmonic Tension Timeline;115,209;51
Harmonic Tension Timeline;115,221;51
Harmonic Tension Timeline;115,221;33
Harmonic Tension Timeline;115,221;44
Harmonic Tension Timeline;115,221;64
Harmonic Tension Timeline;115,222;64
Harmonic Tension Timeline;115,222;32
Harmonic Tension Timeline;115,222;64
Harmonic Tension Timeline;115,269;64
Harmonic Tension Timeline;115,269;40
Harmonic Tension Timeline;115,269;64
Harmonic Tension Timeline;115,280;64
Harmonic Tension Timeline;115,280;88
Harmonic Tension Timeline;115,361;88
Harmonic Tension Timeline;115,361;50
Harmonic Tension Timeline;115,361;88
Harmonic Tension Timeline;115,384;88
Harmonic Tension Timeline;115,384;66
Harmonic Tension Timeline;115,384;85
Harmonic Tension Timeline;115,477;85
Harmonic Tension Timeline;115,477;64
Harmonic Tension Timeline;115,513;64
Harmonic Tension Timeline;115,513;54
Harmonic Tension Timeline;115,513;40
Harmonic Tension Timeline;115,558;40
Harmonic Tension Timeline;115,558;26
Harmonic Tension Timeline;115,559;26
Harmonic Tension Timeline;115,559;12
Harmonic Tension Timeline;115,559;26
Harmonic Tension Timeline;115,559;40
Harmonic Tension Timeline;115,559;54
Harmonic Tension Timeline;115,559;78
Harmonic Tension Timeline;115,664;78
Harmonic Tension Timeline;115,664;54
Harmonic Tension Timeline;115,709;54
Harmonic Tension Timeline;115,709;36
Harmonic Tension Timeline;115,709;20
Harmonic Tension Timeline;115,709;16
Harmonic Tension Timeline;115,709;28
Harmonic Tension Timeline;115,709;36
Harmonic Tension Timeline;115,709;54
Harmonic Tension Timeline;115,710;54
Harmonic Tension Timeline;115,710;40
Harmonic Tension Timeline;115,710;28
Harmonic Tension Timeline;115,815;28
Harmonic Tension Timeline;115,815;33
Harmonic Tension Timeline;115,896;33
Harmonic Tension Timeline;115,896;22
Harmonic Tension Timeline;115,966;22
Harmonic Tension Timeline;115,966;35
Harmonic Tension Timeline;115,977;35
Harmonic Tension Timeline;115,977;11
Harmonic Tension Timeline;116,011;11
Harmonic Tension Timeline;116,011;20
Harmonic Tension Timeline;116,070;20
Harmonic Tension Timeline;116,070;9
Harmonic Tension Timeline;116,186;9
Harmonic Tension Timeline;116,186;6
Harmonic Tension Timeline;116,198;6
Harmonic Tension Timeline;116,198;9
Harmonic Tension Timeline;116,244;9
Harmonic Tension Timeline;116,244;6
Harmonic Tension Timeline;116,244;9
Harmonic Tension Timeline;116,255;9
Harmonic Tension Timeline;116,255;20
Harmonic Tension Timeline;116,255;42
Harmonic Tension Timeline;116,255;60
Harmonic Tension Timeline;116,267;60
Harmonic Tension Timeline;116,267;52
Harmonic Tension Timeline;116,267;60
Harmonic Tension Timeline;116,268;60
Harmonic Tension Timeline;116,268;52
Harmonic Tension Timeline;116,314;52
Harmonic Tension Timeline;116,314;44
Harmonic Tension Timeline;116,314;52
Harmonic Tension Timeline;116,325;52
Harmonic Tension Timeline;116,325;24
Harmonic Tension Timeline;116,348;24
Harmonic Tension Timeline;116,348;13
Harmonic Tension Timeline;116,371;13
Harmonic Tension Timeline;116,371;0
Harmonic Tension Timeline;116,383;0
Harmonic Tension Timeline;116,383;13
Harmonic Tension Timeline;116,383;24
Harmonic Tension Timeline;116,395;24
Harmonic Tension Timeline;116,395;16
Harmonic Tension Timeline;116,395;24
Harmonic Tension Timeline;116,406;24
Harmonic Tension Timeline;116,406;30
Harmonic Tension Timeline;116,476;30
Harmonic Tension Timeline;116,476;20
Harmonic Tension Timeline;116,511;20
Harmonic Tension Timeline;116,511;9
Harmonic Tension Timeline;116,557;9
Harmonic Tension Timeline;116,557;6
Harmonic Tension Timeline;116,569;6
Harmonic Tension Timeline;116,569;0
Harmonic Tension Timeline;116,569;6
Harmonic Tension Timeline;116,627;6
Harmonic Tension Timeline;116,627;11
Harmonic Tension Timeline;116,685;11
Harmonic Tension Timeline;116,685;20
Harmonic Tension Timeline;116,778;20
Harmonic Tension Timeline;116,778;14
Harmonic Tension Timeline;116,825;14
Harmonic Tension Timeline;116,825;8
Harmonic Tension Timeline;116,986;8
Harmonic Tension Timeline;116,986;14
Harmonic Tension Timeline;116,998;14
Harmonic Tension Timeline;116,998;6
Harmonic Tension Timeline;117,150;6
Harmonic Tension Timeline;117,150;3
Harmonic Tension Timeline;117,173;3
Harmonic Tension Timeline;117,173;6
Harmonic Tension Timeline;117,208;6
Harmonic Tension Timeline;117,208;3
Harmonic Tension Timeline;117,336;3
Harmonic Tension Timeline;117,336;8
Harmonic Tension Timeline;117,406;8
Harmonic Tension Timeline;117,406;14
Harmonic Tension Timeline;117,510;14
Harmonic Tension Timeline;117,510;6
Harmonic Tension Timeline;117,510;14
Harmonic Tension Timeline;118,009;14
Harmonic Tension Timeline;118,009;6
Harmonic Tension Timeline;118,010;6
Harmonic Tension Timeline;118,010;14
Harmonic Tension Timeline;118,160;14
Harmonic Tension Timeline;118,160;24
Harmonic Tension Timeline;118,219;24
Harmonic Tension Timeline;118,219;18
Harmonic Tension Timeline;118,219;24
Harmonic Tension Timeline;118,230;24
Harmonic Tension Timeline;118,230;16
Harmonic Tension Timeline;118,230;6
Harmonic Tension Timeline;118,230;14
Harmonic Tension Timeline;118,230;24
Harmonic Tension Timeline;118,231;24
Harmonic Tension Timeline;118,231;16
Harmonic Tension Timeline;118,242;16
Harmonic Tension Timeline;118,242;8
Harmonic Tension Timeline;118,254;8
Harmonic Tension Timeline;118,254;16
Harmonic Tension Timeline;118,347;16
Harmonic Tension Timeline;118,347;10
Harmonic Tension Timeline;118,347;16
Harmonic Tension Timeline;118,417;16
Harmonic Tension Timeline;118,417;8
Harmonic Tension Timeline;118,417;16
Harmonic Tension Timeline;118,591;16
Harmonic Tension Timeline;118,591;8
Harmonic Tension Timeline;118,602;8
Harmonic Tension Timeline;118,602;3
Harmonic Tension Timeline;118,602;6
Harmonic Tension Timeline;118,602;16
Harmonic Tension Timeline;118,672;16
Harmonic Tension Timeline;118,672;8
Harmonic Tension Timeline;118,672;16
Harmonic Tension Timeline;118,730;16
Harmonic Tension Timeline;118,730;6
Harmonic Tension Timeline;118,730;16
Harmonic Tension Timeline;118,811;16
Harmonic Tension Timeline;118,811;6
Harmonic Tension Timeline;118,904;6
Harmonic Tension Timeline;118,904;3
Harmonic Tension Timeline;118,904;0
Harmonic Tension Timeline;118,904;3
Harmonic Tension Timeline;118,904;6
Harmonic Tension Timeline;118,985;6
Harmonic Tension Timeline;118,985;14
Harmonic Tension Timeline;119,171;14
Harmonic Tension Timeline;119,171;6
Harmonic Tension Timeline;119,171;14
Harmonic Tension Timeline;119,171;24
Harmonic Tension Timeline;119,265;24
Harmonic Tension Timeline;119,265;14
Harmonic Tension Timeline;119,323;14
Harmonic Tension Timeline;119,323;8
Harmonic Tension Timeline;119,323;14
Harmonic Tension Timeline;119,404;14
Harmonic Tension Timeline;119,404;6
Harmonic Tension Timeline;119,404;14
Harmonic Tension Timeline;119,544;14
Harmonic Tension Timeline;119,544;6
Harmonic Tension Timeline;119,544;14
Harmonic Tension Timeline;119,741;14
Harmonic Tension Timeline;119,741;6
Harmonic Tension Timeline;119,741;14
Harmonic Tension Timeline;119,984;14
Harmonic Tension Timeline;119,984;6
Harmonic Tension Timeline;119,984;14
Harmonic Tension Timeline;119,996;14
Harmonic Tension Timeline;119,996;8
Harmonic Tension Timeline;119,997;8
Harmonic Tension Timeline;119,997;14
Harmonic Tension Timeline;120,054;14
Harmonic Tension Timeline;120,054;6
Harmonic Tension Timeline;120,054;14
Harmonic Tension Timeline;120,101;14
Harmonic Tension Timeline;120,101;24
Harmonic Tension Timeline;120,194;24
Harmonic Tension Timeline;120,194;14
Harmonic Tension Timeline;120,286;14
Harmonic Tension Timeline;120,286;6
Harmonic Tension Timeline;120,286;14
Harmonic Tension Timeline;120,287;14
Harmonic Tension Timeline;120,287;6
Harmonic Tension Timeline;120,402;6
Harmonic Tension Timeline;120,402;3
Harmonic Tension Timeline;120,403;3
Harmonic Tension Timeline;120,403;6
Harmonic Tension Timeline;120,426;6
Harmonic Tension Timeline;120,426;14
Harmonic Tension Timeline;120,507;14
Harmonic Tension Timeline;120,507;8
Harmonic Tension Timeline;120,507;14
Harmonic Tension Timeline;120,623;14
Harmonic Tension Timeline;120,623;6
Harmonic Tension Timeline;120,623;14
Harmonic Tension Timeline;120,717;14
Harmonic Tension Timeline;120,717;6
Harmonic Tension Timeline;120,717;14
Harmonic Tension Timeline;121,123;14
Harmonic Tension Timeline;121,123;6
Harmonic Tension Timeline;121,123;14
Harmonic Tension Timeline;121,157;14
Harmonic Tension Timeline;121,157;6
Harmonic Tension Timeline;121,157;14
Harmonic Tension Timeline;121,252;14
Harmonic Tension Timeline;121,252;8
Harmonic Tension Timeline;121,252;14
Harmonic Tension Timeline;121,298;14
Harmonic Tension Timeline;121,298;6
Harmonic Tension Timeline;121,298;14
Harmonic Tension Timeline;121,368;14
Harmonic Tension Timeline;121,368;24
Harmonic Tension Timeline;121,449;24
Harmonic Tension Timeline;121,449;16
Harmonic Tension Timeline;121,449;24
Harmonic Tension Timeline;121,530;24
Harmonic Tension Timeline;121,530;14
Harmonic Tension Timeline;121,530;6
Harmonic Tension Timeline;121,530;14
Harmonic Tension Timeline;121,623;14
Harmonic Tension Timeline;121,623;6
Harmonic Tension Timeline;121,623;14
Harmonic Tension Timeline;121,670;14
Harmonic Tension Timeline;121,670;8
Harmonic Tension Timeline;121,670;14
Harmonic Tension Timeline;121,925;14
Harmonic Tension Timeline;121,925;8
Harmonic Tension Timeline;121,925;14
Harmonic Tension Timeline;121,971;14
Harmonic Tension Timeline;121,971;6
Harmonic Tension Timeline;121,972;6
Harmonic Tension Timeline;121,972;14
Harmonic Tension Timeline;122,157;14
Harmonic Tension Timeline;122,157;8
Harmonic Tension Timeline;122,157;14
Harmonic Tension Timeline;122,354;14
Harmonic Tension Timeline;122,354;8
Harmonic Tension Timeline;122,354;14
Harmonic Tension Timeline;122,355;14
Harmonic Tension Timeline;122,355;8
Harmonic Tension Timeline;123,074;8
Harmonic Tension Timeline;123,074;5
Harmonic Tension Timeline;123,074;8
Harmonic Tension Timeline;123,074;14
Harmonic Tension Timeline;123,075;14
Harmonic Tension Timeline;123,075;8
Harmonic Tension Timeline;123,377;8
Harmonic Tension Timeline;123,377;3
Harmonic Tension Timeline;123,377;8
Harmonic Tension Timeline;123,377;14
Harmonic Tension Timeline;123,378;14
Harmonic Tension Timeline;123,378;6
Harmonic Tension Timeline;123,644;6
Harmonic Tension Timeline;123,644;3
Harmonic Tension Timeline;123,645;3
Harmonic Tension Timeline;123,645;6
Harmonic Tension Timeline;123,703;6
Harmonic Tension Timeline;123,703;14
Harmonic Tension Timeline;124,085;14
Harmonic Tension Timeline;124,085;6
Harmonic Tension Timeline;124,085;14
Harmonic Tension Timeline;124,574;14
Harmonic Tension Timeline;124,574;8
Harmonic Tension Timeline;124,654;8
Harmonic Tension Timeline;124,654;14
Harmonic Tension Timeline;124,805;14
Harmonic Tension Timeline;124,805;8
Harmonic Tension Timeline;124,805;14
Harmonic Tension Timeline;125,201;14
Harmonic Tension Timeline;125,201;8
Harmonic Tension Timeline;125,202;8
Harmonic Tension Timeline;125,202;14
Harmonic Tension Timeline;125,456;14
Harmonic Tension Timeline;125,456;8
Harmonic Tension Timeline;125,457;8
Harmonic Tension Timeline;125,457;14
Harmonic Tension Timeline;125,573;14
Harmonic Tension Timeline;125,573;8
Harmonic Tension Timeline;125,945;8
Harmonic Tension Timeline;125,945;14
Harmonic Tension Timeline;126,096;14
Harmonic Tension Timeline;126,096;8
Harmonic Tension Timeline;126,293;8
Harmonic Tension Timeline;126,293;3
Harmonic Tension Timeline;126,293;8
Harmonic Tension Timeline;126,294;8
Harmonic Tension Timeline;126,294;3
Harmonic Tension Timeline;126,385;3
Harmonic Tension Timeline;126,385;6
Harmonic Tension Timeline;126,710;6
Harmonic Tension Timeline;126,710;3
Harmonic Tension Timeline;126,723;3
Harmonic Tension Timeline;126,723;6
Harmonic Tension Timeline;126,885;6
Harmonic Tension Timeline;126,885;3
Harmonic Tension Timeline;127,432;3
Harmonic Tension Timeline;127,432;0
Harmonic Tension Timeline;127,676;0
Harmonic Tension Timeline;127,676;3
Harmonic Tension Timeline;127,757;3
Harmonic Tension Timeline;127,757;0
Harmonic Tension Timeline;127,931;0
Harmonic Tension Timeline;127,931;0
Harmonic Tension Timeline;127,931;0
Harmonic Tension Timeline;127,931;3
Harmonic Tension Timeline;127,931;8
Harmonic Tension Timeline;128,001;8
Harmonic Tension Timeline;128,001;14
Harmonic Tension Timeline;128,152;14
Harmonic Tension Timeline;128,152;8
Harmonic Tension Timeline;128,209;8
Harmonic Tension Timeline;128,209;3
Harmonic Tension Timeline;128,454;3
Harmonic Tension Timeline;128,454;0
Harmonic Tension Timeline;128,825;0
Harmonic Tension Timeline;128,825;0

Time (s);Bar:Beat:Tick;Pitch Name;Note #;Velocity;Sustain;Duration (s);Duration (tk);Channel;Program (Inst.)
0,569;1:2:66;A2;45;93;OFF;2,022;1941;0;0 (Acoustic Grand Piano)
0,569;1:2:66;C#3;49;77;OFF;3,997;3837;0;0 (Acoustic Grand Piano)
0,580;1:2:77;E3;52;65;OFF;0,964;925;0;0 (Acoustic Grand Piano)
0,580;1:2:77;B3;59;46;OFF;0,081;78;0;0 (Acoustic Grand Piano)
0,580;1:2:77;C#4;61;71;OFF;0,104;100;0;0 (Acoustic Grand Piano)
0,639;1:2:133;E4;64;42;OFF;0,116;111;0;0 (Acoustic Grand Piano)
0,685;1:2:178;C#4;61;85;OFF;0,917;880;0;0 (Acoustic Grand Piano)
0,778;1:2:267;A4;69;47;OFF;0,395;379;0;0 (Acoustic Grand Piano)
0,894;1:2:378;E4;64;43;OFF;0,128;123;0;0 (Acoustic Grand Piano)
1,010;1:3:10;A3;57;43;OFF;0,510;490;0;0 (Acoustic Grand Piano)
1,311;1:3:299;C#5;73;45;OFF;0,698;670;0;0 (Acoustic Grand Piano)
1,532;1:4:31;A3;57;42;OFF;0,070;67;0;0 (Acoustic Grand Piano)
1,544;1:4:42;E3;52;71;OFF;1,964;1885;0;0 (Acoustic Grand Piano)
1,591;1:4:87;B3;59;51;OFF;0,232;223;0;0 (Acoustic Grand Piano)
1,602;1:4:98;A3;57;50;OFF;0,383;368;0;0 (Acoustic Grand Piano)
1,602;1:4:98;C#4;61;65;OFF;0,001;1;0;0 (Acoustic Grand Piano)
1,695;1:4:187;A4;69;43;OFF;0,093;89;0;0 (Acoustic Grand Piano)
1,706;1:4:198;C#4;61;82;OFF;0,185;178;0;0 (Acoustic Grand Piano)
1,893;1:4:377;C#4;61;77;OFF;0,617;592;0;0 (Acoustic Grand Piano)
2,509;2:2:9;C#4;61;76;OFF;0,081;78;0;0 (Acoustic Grand Piano)
2,579;2:2:76;B3;59;54;OFF;0,185;178;0;0 (Acoustic Grand Piano)
2,591;2:2:87;A2;45;89;OFF;1,998;1918;0;0 (Acoustic Grand Piano)
2,591;2:2:87;C#4;61;75;OFF;0,116;111;0;0 (Acoustic Grand Piano)
2,706;2:2:198;C#4;61;78;OFF;0,372;357;0;0 (Acoustic Grand Piano)
2,729;2:2:220;A3;57;44;OFF;0,104;100;0;0 (Acoustic Grand Piano)
2,765;2:2:254;B3;59;54;OFF;0,081;78;0;0 (Acoustic Grand Piano)
2,997;2:2:477;A3;57;46;OFF;0,232;223;0;0 (Acoustic Grand Piano)
3,078;2:3:75;C#4;61;68;OFF;0,452;434;0;0 (Acoustic Grand Piano)
3,380;2:3:365;A3;57;44;OFF;0,093;89;0;0 (Acoustic Grand Piano)
3,530;2:4:29;C#4;61;68;OFF;0,001;1;0;0 (Acoustic Grand Piano)
3,566;2:4:63;E3;52;53;OFF;0,930;893;0;0 (Acoustic Grand Piano)
3,566;2:4:63;B3;59;56;OFF;0,174;167;0;0 (Acoustic Grand Piano)
3,600;2:4:96;A3;57;49;OFF;0,373;358;0;0 (Acoustic Grand Piano)
3,612;2:4:108;C#5;73;43;OFF;0,547;525;0;0 (Acoustic Grand Piano)
3,670;2:4:163;C#4;61;76;OFF;0,128;123;0;0 (Acoustic Grand Piano)
3,670;2:4:163;E4;64;48;OFF;0,093;89;0;0 (Acoustic Grand Piano)
3,798;2:4:286;C#4;61;67;OFF;0,768;737;0;0 (Acoustic Grand Piano)
4,031;3:1:30;A4;69;60;OFF;0,510;490;0;0 (Acoustic Grand Piano)
4,078;3:1:75;B3;59;39;OFF;0,081;78;0;0 (Acoustic Grand Piano)
4,554;3:2:52;G2;43;58;OFF;3,916;3759;0;0 (Acoustic Grand Piano)
4,566;3:2:63;C#4;61;53;OFF;0,093;89;0;0 (Acoustic Grand Piano)
4,577;3:2:74;E3;52;65;OFF;1,986;1907;0;0 (Acoustic Grand Piano)
4,589;3:2:85;E4;64;69;OFF;0,465;446;0;0 (Acoustic Grand Piano)
4,600;3:2:96;A3;57;59;OFF;0,975;936;0;0 (Acoustic Grand Piano)
4,623;3:2:118;B3;59;42;OFF;0,174;167;0;0 (Acoustic Grand Piano)
4,658;3:2:152;C#4;61;64;OFF;0,127;122;0;0 (Acoustic Grand Piano)
4,785;3:2:274;C#4;61;67;OFF;0,001;1;0;0 (Acoustic Grand Piano)
4,867;3:2:352;C#4;61;72;OFF;0,743;713;0;0 (Acoustic Grand Piano)
5,042;3:3:40;C#3;49;55;OFF;0,476;457;0;0 (Acoustic Grand Piano)
5,053;3:3:51;E4;64;83;OFF;0,523;502;0;0 (Acoustic Grand Piano)
5,599;3:4:95;B3;59;48;OFF;0,302;290;0;0 (Acoustic Grand Piano)
5,599;3:4:95;E4;64;35;OFF;0,070;67;0;0 (Acoustic Grand Piano)
5,610;3:4:106;A3;57;53;OFF;0,849;815;0;0 (Acoustic Grand Piano)
5,610;3:4:106;C#4;61;56;OFF;0,116;111;0;0 (Acoustic Grand Piano)
5,669;3:4:162;E4;64;64;OFF;0,895;859;0;0 (Acoustic Grand Piano)
5,726;3:4:217;C#4;61;71;OFF;0,315;302;0;0 (Acoustic Grand Piano)
6,029;4:1:28;G3;55;42;OFF;0,372;357;0;0 (Acoustic Grand Piano)
6,029;4:1:28;G4;67;51;OFF;0,348;334;0;0 (Acoustic Grand Piano)
6,041;4:1:39;C#4;61;58;OFF;0,534;513;0;0 (Acoustic Grand Piano)
6,076;4:1:73;C#3;49;41;OFF;0,360;346;0;0 (Acoustic Grand Piano)
6,575;4:2:72;C#4;61;78;OFF;0,093;89;0;0 (Acoustic Grand Piano)
6,575;4:2:72;E4;64;53;OFF;0,986;947;0;0 (Acoustic Grand Piano)
6,598;4:2:94;E3;52;54;OFF;0,964;925;0;0 (Acoustic Grand Piano)
6,610;4:2:106;B3;59;44;OFF;0,244;234;0;0 (Acoustic Grand Piano)
6,668;4:2:161;C#4;61;60;OFF;0,661;635;0;0 (Acoustic Grand Piano)
6,877;4:2:362;A3;57;46;OFF;0,383;368;0;0 (Acoustic Grand Piano)
6,911;4:2:395;C#3;49;51;OFF;0,546;524;0;0 (Acoustic Grand Piano)
7,028;4:3:27;B3;59;42;OFF;0,128;123;0;0 (Acoustic Grand Piano)
7,028;4:3:27;G4;67;42;OFF;0,081;78;0;0 (Acoustic Grand Piano)
7,144;4:3:138;C#5;73;34;OFF;0,174;167;0;0 (Acoustic Grand Piano)
7,330;4:3:317;C#4;61;47;OFF;0,313;300;0;0 (Acoustic Grand Piano)
7,330;4:3:317;C#5;73;51;OFF;0,093;89;0;0 (Acoustic Grand Piano)
7,423;4:3:406;D5;74;45;OFF;0,104;100;0;0 (Acoustic Grand Piano)
7,561;4:4:59;E3;52;45;OFF;0,384;369;0;0 (Acoustic Grand Piano)
7,561;4:4:59;E4;64;53;OFF;0,907;871;0;0 (Acoustic Grand Piano)
7,574;4:4:71;C#5;73;47;OFF;0,838;804;0;0 (Acoustic Grand Piano)
7,620;4:4:115;B3;59;54;OFF;0,140;134;0;0 (Acoustic Grand Piano)
7,643;4:4:137;C#4;61;61;OFF;0,001;1;0;0 (Acoustic Grand Piano)
7,933;4:4:416;A3;57;50;OFF;0,466;447;0;0 (Acoustic Grand Piano)
7,945;4:4:427;A4;69;55;OFF;0,547;525;0;0 (Acoustic Grand Piano)
8,028;5:1:27;C#3;49;47;OFF;0,406;390;0;0 (Acoustic Grand Piano)
8,492;5:1:472;F#2;42;29;OFF;0,093;89;0;0 (Acoustic Grand Piano)
8,492;5:1:472;C#4;61;50;OFF;0,081;78;0;0 (Acoustic Grand Piano)
8,573;5:2:70;A3;57;51;OFF;1,022;981;0;0 (Acoustic Grand Piano)
8,573;5:2:70;D4;62;88;OFF;0,174;167;0;0 (Acoustic Grand Piano)
8,585;5:2:82;F#2;42;71;OFF;3,810;3658;0;0 (Acoustic Grand Piano)
8,585;5:2:82;F#4;66;41;OFF;0,162;156;0;0 (Acoustic Grand Piano)
8,748;5:2:238;D4;62;84;OFF;0,150;144;0;0 (Acoustic Grand Piano)
8,898;5:2:382;D4;62;70;OFF;0,001;1;0;0 (Acoustic Grand Piano)
8,933;5:2:416;D3;50;51;OFF;0,546;524;0;0 (Acoustic Grand Piano)
9,211;5:3:203;A2;45;46;OFF;0,221;212;0;0 (Acoustic Grand Piano)
9,560;5:4:58;D4;62;60;OFF;0,547;525;0;0 (Acoustic Grand Piano)
9,572;5:4:69;A4;69;47;OFF;0,174;167;0;0 (Acoustic Grand Piano)
9,595;5:4:91;A3;57;69;OFF;0,675;648;0;0 (Acoustic Grand Piano)
9,665;5:4:158;D3;50;54;OFF;1,905;1829;0;0 (Acoustic Grand Piano)
9,711;5:4:203;E4;64;40;OFF;0,116;111;0;0 (Acoustic Grand Piano)
9,897;5:4:381;A2;45;61;OFF;0,605;581;0;0 (Acoustic Grand Piano)
10,107;6:1:103;D4;62;55;OFF;0,197;189;0;0 (Acoustic Grand Piano)
10,455;6:1:437;D4;62;49;OFF;0,104;100;0;0 (Acoustic Grand Piano)
10,572;6:2:69;D4;62;68;OFF;0,998;958;0;0 (Acoustic Grand Piano)
10,746;6:2:236;A2;45;61;OFF;0,801;769;0;0 (Acoustic Grand Piano)
11,558;6:4:56;A2;45;68;OFF;0,965;926;0;0 (Acoustic Grand Piano)
11,570;6:4:67;A3;57;49;OFF;0,093;89;0;0 (Acoustic Grand Piano)
11,570;6:4:67;D4;62;70;OFF;0,001;1;0;0 (Acoustic Grand Piano)
11,570;6:4:67;A4;69;43;OFF;0,197;189;0;0 (Acoustic Grand Piano)
11,581;6:4:78;D3;50;68;OFF;0,745;715;0;0 (Acoustic Grand Piano)
11,662;6:4:156;A3;57;57;OFF;0,989;949;0;0 (Acoustic Grand Piano)
11,721;6:4:212;D4;62;65;OFF;0,756;726;0;0 (Acoustic Grand Piano)
12,372;7:1:357;A4;69;50;OFF;0,093;89;0;0 (Acoustic Grand Piano)
12,442;7:1:424;E4;64;38;OFF;0,070;67;0;0 (Acoustic Grand Piano)
12,453;7:1:435;F2;41;51;OFF;0,093;89;0;0 (Acoustic Grand Piano)
12,477;7:1:458;D4;62;65;OFF;0,104;100;0;0 (Acoustic Grand Piano)
12,558;7:2:56;F2;41;74;OFF;0,998;958;0;0 (Acoustic Grand Piano)
12,570;7:2:67;C3;48;68;OFF;1,254;1204;0;0 (Acoustic Grand Piano)
12,593;7:2:89;F3;53;49;OFF;0,813;780;0;0 (Acoustic Grand Piano)
12,593;7:2:89;C4;60;53;OFF;0,650;624;0;0 (Acoustic Grand Piano)
12,593;7:2:89;F4;65;35;OFF;0,070;67;0;0 (Acoustic Grand Piano)
12,593;7:2:89;A4;69;44;OFF;0,070;67;0;0 (Acoustic Grand Piano)
12,651;7:2:145;A3;57;60;OFF;0,905;869;0;0 (Acoustic Grand Piano)
12,662;7:2:156;A2;45;63;OFF;0,824;791;0;0 (Acoustic Grand Piano)
12,662;7:2:156;F4;65;55;OFF;0,104;100;0;0 (Acoustic Grand Piano)
13,382;7:3:367;C4;60;43;OFF;0,174;167;0;0 (Acoustic Grand Piano)
13,405;7:3:389;E3;52;60;OFF;0,081;78;0;0 (Acoustic Grand Piano)
13,499;7:3:479;F3;53;34;OFF;0,116;111;0;0 (Acoustic Grand Piano)
13,556;7:4:54;F2;41;69;OFF;0,001;1;0;0 (Acoustic Grand Piano)
13,556;7:4:54;A3;57;62;OFF;0,128;123;0;0 (Acoustic Grand Piano)
13,568;7:4:65;C4;60;66;OFF;0,232;223;0;0 (Acoustic Grand Piano)
13,615;7:4:110;F3;53;53;OFF;0,278;267;0;0 (Acoustic Grand Piano)
13,684;7:4:177;A3;57;61;OFF;0,721;692;0;0 (Acoustic Grand Piano)
13,800;7:4:288;C4;60;48;OFF;0,686;659;0;0 (Acoustic Grand Piano)
13,811;7:4:299;A2;45;56;OFF;0,582;559;0;0 (Acoustic Grand Piano)
13,824;7:4:311;C3;48;79;OFF;0,745;715;0;0 (Acoustic Grand Piano)
13,894;7:4:378;E3;52;58;OFF;0,605;581;0;0 (Acoustic Grand Piano)
14,452;8:1:434;G2;43;32;OFF;0,093;89;0;0 (Acoustic Grand Piano)
14,533;8:2:32;D3;50;66;OFF;0,104;100;0;0 (Acoustic Grand Piano)
14,545;8:2:43;G2;43;77;OFF;2,009;1929;0;0 (Acoustic Grand Piano)
14,545;8:2:43;B3;59;67;OFF;0,070;67;0;0 (Acoustic Grand Piano)
14,568;8:2:65;G3;55;54;OFF;0,882;847;0;0 (Acoustic Grand Piano)
14,579;8:2:76;D4;62;61;OFF;0,185;178;0;0 (Acoustic Grand Piano)
14,579;8:2:76;G4;67;44;OFF;0,093;89;0;0 (Acoustic Grand Piano)
14,626;8:2:121;B3;59;80;OFF;0,975;936;0;0 (Acoustic Grand Piano)
14,637;8:2:132;D3;50;73;OFF;0,929;892;0;0 (Acoustic Grand Piano)
15,393;8:3:377;B2;47;41;OFF;0,081;78;0;0 (Acoustic Grand Piano)
15,508;8:4:8;B4;71;45;OFF;0,070;67;0;0 (Acoustic Grand Piano)
15,567;8:4:64;D3;50;77;OFF;0,999;959;0;0 (Acoustic Grand Piano)
15,578;8:4:75;D4;62;56;OFF;0,350;336;0;0 (Acoustic Grand Piano)
15,590;8:4:86;G4;67;51;OFF;0,128;123;0;0 (Acoustic Grand Piano)
15,601;8:4:97;B3;59;65;OFF;0,965;926;0;0 (Acoustic Grand Piano)
15,636;8:4:131;B2;47;58;OFF;3,358;3224;0;0 (Acoustic Grand Piano)
15,636;8:4:131;G3;55;45;OFF;0,791;759;0;0 (Acoustic Grand Piano)
16,439;9:1:421;G3;55;54;OFF;0,116;111;0;0 (Acoustic Grand Piano)
16,450;9:1:432;G4;67;39;OFF;0,128;123;0;0 (Acoustic Grand Piano)
16,554;9:2:52;G2;43;75;OFF;2,498;2398;0;0 (Acoustic Grand Piano)
16,554;9:2:52;G3;55;49;OFF;1,243;1193;0;0 (Acoustic Grand Piano)
16,554;9:2:52;D4;62;70;OFF;0,093;89;0;0 (Acoustic Grand Piano)
16,566;9:2:63;D3;50;78;OFF;0,001;1;0;0 (Acoustic Grand Piano)
16,566;9:2:63;B3;59;46;OFF;0,104;100;0;0 (Acoustic Grand Piano)
16,578;9:2:75;G4;67;62;OFF;0,929;892;0;0 (Acoustic Grand Piano)
16,647;9:2:141;D4;62;83;OFF;0,070;67;0;0 (Acoustic Grand Piano)
16,717;9:2:208;D4;62;68;OFF;0,871;836;0;0 (Acoustic Grand Piano)
16,728;9:2:219;D3;50;77;OFF;2,334;2241;0;0 (Acoustic Grand Piano)
16,798;9:2:286;D5;74;44;OFF;0,081;78;0;0 (Acoustic Grand Piano)
17,587;9:4:84;B3;59;35;OFF;0,104;100;0;0 (Acoustic Grand Piano)
17,587;9:4:84;D4;62;70;OFF;0,513;492;0;0 (Acoustic Grand Piano)
17,693;9:4:185;B3;59;52;OFF;0,233;224;0;0 (Acoustic Grand Piano)
17,739;9:4:229;G4;67;55;OFF;0,350;336;0;0 (Acoustic Grand Piano)
18,065;10:1:62;B3;59;53;OFF;0,081;78;0;0 (Acoustic Grand Piano)
18,089;10:1:85;G4;67;52;OFF;0,221;212;0;0 (Acoustic Grand Piano)
18,100;10:1:96;D4;62;73;OFF;0,255;245;0;0 (Acoustic Grand Piano)
18,146;10:1:140;G3;55;48;OFF;0,418;401;0;0 (Acoustic Grand Piano)
18,146;10:1:140;B3;59;49;OFF;0,395;379;0;0 (Acoustic Grand Piano)
18,355;10:1:341;D4;62;67;OFF;0,221;212;0;0 (Acoustic Grand Piano)
18,576;10:2:73;G3;55;56;OFF;0,499;479;0;0 (Acoustic Grand Piano)
18,576;10:2:73;D4;62;69;OFF;0,534;513;0;0 (Acoustic Grand Piano)
18,576;10:2:73;G4;67;36;OFF;0,209;201;0;0 (Acoustic Grand Piano)
18,587;10:2:84;B3;59;36;OFF;0,185;178;0;0 (Acoustic Grand Piano)
19,075;10:3:72;G3;55;54;OFF;0,291;279;0;0 (Acoustic Grand Piano)
19,075;10:3:72;G4;67;35;OFF;0,104;100;0;0 (Acoustic Grand Piano)
19,110;10:3:106;D4;62;68;OFF;0,290;278;0;0 (Acoustic Grand Piano)
19,179;10:3:172;G4;67;56;OFF;0,104;100;0;0 (Acoustic Grand Piano)
19,400;10:3:384;G2;43;42;OFF;0,070;67;0;0 (Acoustic Grand Piano)
19,400;10:3:384;D4;62;67;OFF;0,001;1;0;0 (Acoustic Grand Piano)
19,563;10:4:60;B3;59;64;OFF;0,070;67;0;0 (Acoustic Grand Piano)
19,574;10:4:71;D4;62;85;OFF;0,104;100;0;0 (Acoustic Grand Piano)
19,586;10:4:83;G4;67;38;OFF;0,093;89;0;0 (Acoustic Grand Piano)
19,609;10:4:105;G3;55;53;OFF;0,081;78;0;0 (Acoustic Grand Piano)
19,644;10:4:138;B3;59;73;OFF;0,245;235;0;0 (Acoustic Grand Piano)
19,679;10:4:172;D4;62;68;OFF;0,373;358;0;0 (Acoustic Grand Piano)
20,052;11:1:50;D4;62;50;OFF;0,418;401;0;0 (Acoustic Grand Piano)
20,086;11:1:83;B3;59;35;OFF;0,116;111;0;0 (Acoustic Grand Piano)
20,121;11:1:116;G3;55;42;OFF;0,070;67;0;0 (Acoustic Grand Piano)
20,249;11:1:239;G2;43;51;OFF;0,162;156;0;0 (Acoustic Grand Piano)
20,504;11:2:4;A1;33;56;OFF;0,104;100;0;0 (Acoustic Grand Piano)
20,597;11:2:93;A2;45;53;OFF;0,209;201;0;0 (Acoustic Grand Piano)
20,597;11:2:93;A3;57;51;OFF;0,627;602;0;0 (Acoustic Grand Piano)
20,609;11:2:105;A1;33;92;OFF;0,139;133;0;0 (Acoustic Grand Piano)
20,609;11:2:105;A4;69;40;OFF;0,151;145;0;0 (Acoustic Grand Piano)
20,748;11:2:238;A1;33;91;OFF;0,001;1;0;0 (Acoustic Grand Piano)
20,748;11:2:238;C#4;61;48;OFF;0,128;123;0;0 (Acoustic Grand Piano)
20,923;11:2:406;E3;52;47;OFF;0,453;435;0;0 (Acoustic Grand Piano)
20,923;11:2:406;E4;64;44;OFF;0,453;435;0;0 (Acoustic Grand Piano)
20,969;11:2:450;A2;45;39;OFF;0,406;390;0;0 (Acoustic Grand Piano)
21,050;11:3:48;C#4;61;45;OFF;0,383;368;0;0 (Acoustic Grand Piano)
21,073;11:3:70;A4;69;63;OFF;0,372;357;0;0 (Acoustic Grand Piano)
21,386;11:3:371;E3;52;55;OFF;0,500;480;0;0 (Acoustic Grand Piano)
21,386;11:3:371;E4;64;40;OFF;0,185;178;0;0 (Acoustic Grand Piano)
21,433;11:3:416;C#4;61;56;OFF;0,140;134;0;0 (Acoustic Grand Piano)
21,538;11:4:36;A2;45;57;OFF;0,814;781;0;0 (Acoustic Grand Piano)
21,573;11:4:70;C#4;61;58;OFF;1,000;960;0;0 (Acoustic Grand Piano)
21,584;11:4:81;A1;33;73;OFF;0,883;848;0;0 (Acoustic Grand Piano)
21,584;11:4:81;A3;57;58;OFF;0,454;436;0;0 (Acoustic Grand Piano)
21,840;11:4:326;A5;81;40;OFF;0,106;102;0;0 (Acoustic Grand Piano)
21,876;11:4:361;E4;64;34;OFF;0,174;167;0;0 (Acoustic Grand Piano)
21,887;11:4:372;E3;52;60;OFF;0,499;479;0;0 (Acoustic Grand Piano)
22,039;12:1:37;A3;57;44;OFF;0,522;501;0;0 (Acoustic Grand Piano)
22,061;12:1:59;A4;69;60;OFF;0,442;424;0;0 (Acoustic Grand Piano)
22,224;12:1:215;E4;64;40;OFF;0,151;145;0;0 (Acoustic Grand Piano)
22,386;12:1:371;E3;52;58;OFF;0,151;145;0;0 (Acoustic Grand Piano)
22,386;12:1:371;E4;64;62;OFF;0,104;100;0;0 (Acoustic Grand Piano)
22,468;12:1:449;A1;33;55;OFF;0,070;67;0;0 (Acoustic Grand Piano)
22,538;12:2:36;A1;33;70;OFF;0,070;67;0;0 (Acoustic Grand Piano)
22,560;12:2:58;A3;57;54;OFF;0,001;1;0;0 (Acoustic Grand Piano)
22,572;12:2:69;A2;45;57;OFF;0,510;490;0;0 (Acoustic Grand Piano)
22,607;12:2:103;A1;33;95;OFF;0,975;936;0;0 (Acoustic Grand Piano)
22,666;12:2:159;C#4;61;36;OFF;0,174;167;0;0 (Acoustic Grand Piano)
22,666;12:2:159;A4;69;36;OFF;0,255;245;0;0 (Acoustic Grand Piano)
22,897;12:2:381;E3;52;48;OFF;0,743;713;0;0 (Acoustic Grand Piano)
23,048;12:3:46;A4;69;59;OFF;0,081;78;0;0 (Acoustic Grand Piano)
23,060;12:3:58;C#4;61;38;OFF;0,174;167;0;0 (Acoustic Grand Piano)
23,142;12:3:136;A4;69;49;OFF;0,348;334;0;0 (Acoustic Grand Piano)
23,292;12:3:280;A2;45;38;OFF;0,278;267;0;0 (Acoustic Grand Piano)
23,373;12:3:358;E4;64;43;OFF;0,116;111;0;0 (Acoustic Grand Piano)
23,431;12:3:414;C#4;61;53;OFF;0,582;559;0;0 (Acoustic Grand Piano)
23,582;12:4:79;A1;33;71;OFF;0,093;89;0;0 (Acoustic Grand Piano)
23,582;12:4:79;A2;45;70;OFF;0,477;458;0;0 (Acoustic Grand Piano)
23,594;12:4:90;A3;57;53;OFF;0,500;480;0;0 (Acoustic Grand Piano)
23,675;12:4:168;A1;33;65;OFF;0,640;614;0;0 (Acoustic Grand Piano)
23,874;12:4:359;E3;52;42;OFF;0,070;67;0;0 (Acoustic Grand Piano)
23,944;12:4:426;E3;52;63;OFF;0,116;111;0;0 (Acoustic Grand Piano)
24,025;13:1:24;E4;64;40;OFF;0,081;78;0;0 (Acoustic Grand Piano)
24,059;13:1:57;A2;45;48;OFF;0,232;223;0;0 (Acoustic Grand Piano)
24,071;13:1:68;G3;55;45;OFF;0,116;111;0;0 (Acoustic Grand Piano)
24,106;13:1:102;A4;69;56;OFF;0,267;256;0;0 (Acoustic Grand Piano)
24,188;13:1:180;E2;40;66;OFF;0,116;111;0;0 (Acoustic Grand Piano)
24,188;13:1:180;G3;55;43;OFF;0,104;100;0;0 (Acoustic Grand Piano)
24,303;13:1:291;E2;40;66;OFF;0,162;156;0;0 (Acoustic Grand Piano)
24,559;13:2:57;C#4;61;52;OFF;0,499;479;0;0 (Acoustic Grand Piano)
24,605;13:2:101;G1;31;64;OFF;0,070;67;0;0 (Acoustic Grand Piano)
24,628;13:2:123;A2;45;71;OFF;0,278;267;0;0 (Acoustic Grand Piano)
24,686;13:2:179;G1;31;75;OFF;1,557;1495;0;0 (Acoustic Grand Piano)
24,884;13:2:369;E4;64;49;OFF;0,325;312;0;0 (Acoustic Grand Piano)
24,884;13:2:369;G4;67;46;OFF;0,104;100;0;0 (Acoustic Grand Piano)
24,907;13:2:391;A2;45;52;OFF;0,708;680;0;0 (Acoustic Grand Piano)
24,966;13:2:447;C#5;73;48;OFF;0,267;256;0;0 (Acoustic Grand Piano)
25,058;13:3:56;C#4;61;57;OFF;0,499;479;0;0 (Acoustic Grand Piano)
25,081;13:3:78;A4;69;56;OFF;0,325;312;0;0 (Acoustic Grand Piano)
25,221;13:3:212;E4;64;53;OFF;0,163;156;0;0 (Acoustic Grand Piano)
25,232;13:3:223;A3;57;44;OFF;0,255;245;0;0 (Acoustic Grand Piano)
25,255;13:3:245;G3;55;47;OFF;0,244;234;0;0 (Acoustic Grand Piano)
25,557;13:4:55;C#5;73;45;OFF;0,292;280;0;0 (Acoustic Grand Piano)
25,616;13:4:111;A2;45;66;OFF;0,582;559;0;0 (Acoustic Grand Piano)
25,697;13:4:189;C#4;61;48;OFF;0,338;324;0;0 (Acoustic Grand Piano)
25,720;13:4:211;A3;57;39;OFF;0,188;180;0;0 (Acoustic Grand Piano)
25,720;13:4:211;A4;69;40;OFF;0,118;113;0;0 (Acoustic Grand Piano)
25,872;13:4:357;G3;55;43;OFF;0,627;602;0;0 (Acoustic Grand Piano)
26,046;14:1:44;C#4;61;48;OFF;0,442;424;0;0 (Acoustic Grand Piano)
26,058;14:1:56;E4;64;46;OFF;0,325;312;0;0 (Acoustic Grand Piano)
26,093;14:1:89;A4;69;60;OFF;0,209;201;0;0 (Acoustic Grand Piano)
26,232;14:1:223;A3;57;52;OFF;0,325;312;0;0 (Acoustic Grand Piano)
26,302;14:1:290;A4;69;47;OFF;0,151;145;0;0 (Acoustic Grand Piano)
26,395;14:1:379;E4;64;48;OFF;0,081;78;0;0 (Acoustic Grand Piano)
26,569;14:2:66;A3;57;48;OFF;0,151;145;0;0 (Acoustic Grand Piano)
26,592;14:2:88;G1;31;76;OFF;1,465;1406;0;0 (Acoustic Grand Piano)
26,603;14:2:99;A2;45;62;OFF;0,291;279;0;0 (Acoustic Grand Piano)
26,639;14:2:133;C#4;61;50;OFF;0,209;201;0;0 (Acoustic Grand Piano)
26,684;14:2:177;A4;69;41;OFF;0,081;78;0;0 (Acoustic Grand Piano)
26,720;14:2:211;A3;57;54;OFF;0,140;134;0;0 (Acoustic Grand Piano)
26,894;14:2:378;A2;45;64;OFF;0,465;446;0;0 (Acoustic Grand Piano)
26,905;14:2:389;G3;55;42;OFF;0,162;156;0;0 (Acoustic Grand Piano)
26,905;14:2:389;E4;64;50;OFF;0,616;591;0;0 (Acoustic Grand Piano)
27,056;14:3:54;C#4;61;53;OFF;0,360;346;0;0 (Acoustic Grand Piano)
27,068;14:3:65;A4;69;78;OFF;0,070;67;0;0 (Acoustic Grand Piano)
27,137;14:3:132;A4;69;51;OFF;0,267;256;0;0 (Acoustic Grand Piano)
27,149;14:3:143;A3;57;45;OFF;0,360;346;0;0 (Acoustic Grand Piano)
27,347;14:3:333;D2;38;43;OFF;0,104;100;0;0 (Acoustic Grand Piano)
27,381;14:3:366;G3;55;42;OFF;0,140;134;0;0 (Acoustic Grand Piano)
27,381;14:3:366;G4;67;37;OFF;0,070;67;0;0 (Acoustic Grand Piano)
27,417;14:3:400;C#4;61;54;OFF;0,139;133;0;0 (Acoustic Grand Piano)
27,555;14:4:53;C#4;61;62;OFF;0,001;1;0;0 (Acoustic Grand Piano)
27,625;14:4:120;A1;33;48;OFF;0,280;269;0;0 (Acoustic Grand Piano)
27,625;14:4:120;A2;45;64;OFF;0,512;492;0;0 (Acoustic Grand Piano)
27,672;14:4:165;G2;43;40;OFF;0,466;447;0;0 (Acoustic Grand Piano)
27,718;14:4:209;A4;69;46;OFF;0,093;89;0;0 (Acoustic Grand Piano)
27,870;14:4:355;G3;55;47;OFF;0,162;156;0;0 (Acoustic Grand Piano)
27,882;14:4:367;G4;67;48;OFF;0,081;78;0;0 (Acoustic Grand Piano)
28,045;15:1:43;C#5;73;47;OFF;0,185;178;0;0 (Acoustic Grand Piano)
28,102;15:1:98;A4;69;62;OFF;0,128;123;0;0 (Acoustic Grand Piano)
28,160;15:1:154;E2;40;55;OFF;0,291;279;0;0 (Acoustic Grand Piano)
28,230;15:1:221;A3;57;51;OFF;0,314;301;0;0 (Acoustic Grand Piano)
28,265;15:1:254;G3;55;46;OFF;0,093;89;0;0 (Acoustic Grand Piano)
28,381;15:1:366;G4;67;44;OFF;0,116;111;0;0 (Acoustic Grand Piano)
28,521;15:2:20;D4;62;62;OFF;0,070;67;0;0 (Acoustic Grand Piano)
28,567;15:2:64;F#1;30;71;OFF;1,627;1562;0;0 (Acoustic Grand Piano)
28,602;15:2:98;D4;62;70;OFF;0,116;111;0;0 (Acoustic Grand Piano)
28,614;15:2:109;F#4;66;42;OFF;0,070;67;0;0 (Acoustic Grand Piano)
28,683;15:2:176;F#2;42;53;OFF;0,151;145;0;0 (Acoustic Grand Piano)
28,706;15:2:198;A3;57;51;OFF;0,314;301;0;0 (Acoustic Grand Piano)
28,718;15:2:209;D4;62;72;OFF;0,336;323;0;0 (Acoustic Grand Piano)
28,869;15:2:354;F#4;66;41;OFF;0,070;67;0;0 (Acoustic Grand Piano)
28,869;15:2:354;D5;74;43;OFF;0,116;111;0;0 (Acoustic Grand Piano)
29,043;15:3:41;A4;69;63;OFF;0,070;67;0;0 (Acoustic Grand Piano)
29,054;15:3:52;D4;62;56;OFF;0,348;334;0;0 (Acoustic Grand Piano)
29,124;15:3:119;A4;69;63;OFF;0,314;301;0;0 (Acoustic Grand Piano)
29,205;15:3:197;A3;57;59;OFF;0,523;502;0;0 (Acoustic Grand Piano)
29,275;15:3:264;F#4;66;40;OFF;0,093;89;0;0 (Acoustic Grand Piano)
29,356;15:3:342;F#3;54;42;OFF;0,209;201;0;0 (Acoustic Grand Piano)
29,379;15:3:364;F#4;66;52;OFF;0,104;100;0;0 (Acoustic Grand Piano)
29,403;15:3:387;D4;62;79;OFF;0,163;156;0;0 (Acoustic Grand Piano)
29,566;15:4:63;D4;62;74;OFF;0,489;469;0;0 (Acoustic Grand Piano)
29,577;15:4:74;F#3;54;60;OFF;0,303;291;0;0 (Acoustic Grand Piano)
29,611;15:4:107;F#2;42;40;OFF;0,361;347;0;0 (Acoustic Grand Piano)
29,704;15:4:196;A4;69;44;OFF;0,093;89;0;0 (Acoustic Grand Piano)
29,728;15:4:219;A3;57;58;OFF;0,500;480;0;0 (Acoustic Grand Piano)
29,880;15:4:365;F#3;54;55;OFF;0,291;279;0;0 (Acoustic Grand Piano)
29,880;15:4:365;F#4;66;48;OFF;0,093;89;0;0 (Acoustic Grand Piano)
29,973;15:4:454;A4;69;52;OFF;0,128;123;0;0 (Acoustic Grand Piano)
30,054;16:1:52;D4;62;62;OFF;0,348;334;0;0 (Acoustic Grand Piano)
30,113;16:1:108;A4;69;56;OFF;0,325;312;0;0 (Acoustic Grand Piano)
30,228;16:1:219;A3;57;65;OFF;0,314;301;0;0 (Acoustic Grand Piano)
30,252;16:1:242;F#2;42;50;OFF;0,093;89;0;0 (Acoustic Grand Piano)
30,379;16:1:364;F#3;54;63;OFF;0,151;145;0;0 (Acoustic Grand Piano)
30,379;16:1:364;F#4;66;56;OFF;0,140;134;0;0 (Acoustic Grand Piano)
30,402;16:1:386;D4;62;55;OFF;0,151;145;0;0 (Acoustic Grand Piano)
30,460;16:1:442;D3;50;38;OFF;0,081;78;0;0 (Acoustic Grand Piano)
30,553;16:2:51;D3;50;54;OFF;0,128;123;0;0 (Acoustic Grand Piano)
30,553;16:2:51;D4;62;63;OFF;0,488;468;0;0 (Acoustic Grand Piano)
30,553;16:2:51;A4;69;49;OFF;0,499;479;0;0 (Acoustic Grand Piano)
30,566;16:2:63;F#4;66;46;OFF;0,128;123;0;0 (Acoustic Grand Piano)
30,623;16:2:118;F#1;30;85;OFF;0,905;869;0;0 (Acoustic Grand Piano)
30,728;16:2:219;A3;57;61;OFF;0,499;479;0;0 (Acoustic Grand Piano)
30,878;16:2:363;F#4;66;59;OFF;0,244;234;0;0 (Acoustic Grand Piano)
30,925;16:2:408;F#3;54;45;OFF;0,140;134;0;0 (Acoustic Grand Piano)
31,041;16:3:39;D4;62;75;OFF;0,383;368;0;0 (Acoustic Grand Piano)
31,053;16:3:51;A4;69;64;OFF;0,429;412;0;0 (Acoustic Grand Piano)
31,227;16:3:218;A3;57;58;OFF;0,499;479;0;0 (Acoustic Grand Piano)
31,285;16:3:274;F#3;54;42;OFF;0,221;212;0;0 (Acoustic Grand Piano)
31,390;16:3:374;F#4;66;50;OFF;0,104;100;0;0 (Acoustic Grand Piano)
31,424;16:3:407;D4;62;70;OFF;0,140;134;0;0 (Acoustic Grand Piano)
31,552;16:4:50;D5;74;42;OFF;0,280;269;0;0 (Acoustic Grand Piano)
31,564;16:4:61;D4;62;84;OFF;0,070;67;0;0 (Acoustic Grand Piano)
31,586;16:4:83;F#2;42;43;OFF;0,431;414;0;0 (Acoustic Grand Piano)
31,586;16:4:83;F#3;54;51;OFF;0,500;480;0;0 (Acoustic Grand Piano)
31,586;16:4:83;F#4;66;33;OFF;0,104;100;0;0 (Acoustic Grand Piano)
31,633;16:4:128;D4;62;71;OFF;0,419;402;0;0 (Acoustic Grand Piano)
31,692;16:4:184;F#1;30;58;OFF;0,361;347;0;0 (Acoustic Grand Piano)
31,726;16:4:217;A3;57;65;OFF;0,431;414;0;0 (Acoustic Grand Piano)
31,726;16:4:217;A4;69;47;OFF;0,106;102;0;0 (Acoustic Grand Piano)
32,052;17:1:50;D4;62;58;OFF;0,209;201;0;0 (Acoustic Grand Piano)
32,087;17:1:84;F#3;54;56;OFF;0,163;156;0;0 (Acoustic Grand Piano)
32,099;17:1:95;A4;69;52;OFF;0,314;301;0;0 (Acoustic Grand Piano)
32,157;17:1:151;A3;57;47;OFF;0,081;78;0;0 (Acoustic Grand Piano)
32,192;17:1:184;F#2;42;41;OFF;0,081;78;0;0 (Acoustic Grand Piano)
32,239;17:1:229;F#1;30;60;OFF;0,140;134;0;0 (Acoustic Grand Piano)
32,239;17:1:229;A3;57;62;OFF;0,301;289;0;0 (Acoustic Grand Piano)
32,273;17:1:262;F#2;42;60;OFF;0,128;123;0;0 (Acoustic Grand Piano)
32,296;17:1:284;F#4;66;40;OFF;0,081;78;0;0 (Acoustic Grand Piano)
32,377;17:1:362;F#4;66;41;OFF;0,070;67;0;0 (Acoustic Grand Piano)
32,447;17:1:429;F#4;66;48;OFF;0,070;67;0;0 (Acoustic Grand Piano)
32,517;17:2:16;F1;29;51;OFF;0,174;167;0;0 (Acoustic Grand Piano)
32,540;17:2:38;A3;57;45;OFF;0,001;1;0;0 (Acoustic Grand Piano)
32,552;17:2:50;F3;53;49;OFF;0,278;267;0;0 (Acoustic Grand Piano)
32,564;17:2:61;F4;65;34;OFF;0,174;167;0;0 (Acoustic Grand Piano)
32,622;17:2:117;F2;41;51;OFF;0,185;178;0;0 (Acoustic Grand Piano)
32,622;17:2:117;C4;60;46;OFF;0,429;412;0;0 (Acoustic Grand Piano)
32,656;17:2:150;A4;69;42;OFF;0,070;67;0;0 (Acoustic Grand Piano)
32,691;17:2:183;A1;33;56;OFF;0,140;134;0;0 (Acoustic Grand Piano)
32,703;17:2:195;F1;29;73;OFF;1,314;1261;0;0 (Acoustic Grand Piano)
32,703;17:2:195;A3;57;56;OFF;0,510;490;0;0 (Acoustic Grand Piano)
32,923;17:2:406;E4;64;36;OFF;0,151;145;0;0 (Acoustic Grand Piano)
33,051;17:3:49;C4;60;42;OFF;0,510;490;0;0 (Acoustic Grand Piano)
33,051;17:3:49;C5;72;42;OFF;0,140;134;0;0 (Acoustic Grand Piano)
33,074;17:3:71;E4;64;42;OFF;0,325;312;0;0 (Acoustic Grand Piano)
33,085;17:3:82;A4;69;59;OFF;0,372;357;0;0 (Acoustic Grand Piano)
33,097;17:3:93;F3;53;53;OFF;0,291;279;0;0 (Acoustic Grand Piano)
33,214;17:3:205;A3;57;56;OFF;0,267;256;0;0 (Acoustic Grand Piano)
33,399;17:3:383;F3;53;54;OFF;0,151;145;0;0 (Acoustic Grand Piano)
33,399;17:3:383;F4;65;51;OFF;0,163;156;0;0 (Acoustic Grand Piano)
33,550;17:4:48;F3;53;41;OFF;0,104;100;0;0 (Acoustic Grand Piano)
33,561;17:4:59;F2;41;44;OFF;0,163;156;0;0 (Acoustic Grand Piano)
33,561;17:4:59;A3;57;43;OFF;0,151;145;0;0 (Acoustic Grand Piano)
33,561;17:4:59;C4;60;48;OFF;0,081;78;0;0 (Acoustic Grand Piano)
33,561;17:4:59;C5;72;37;OFF;0,081;78;0;0 (Acoustic Grand Piano)
33,643;17:4:137;C4;60;63;OFF;0,407;391;0;0 (Acoustic Grand Piano)
33,654;17:4:148;C3;48;42;OFF;0,104;100;0;0 (Acoustic Grand Piano)
33,654;17:4:148;F3;53;61;OFF;0,396;380;0;0 (Acoustic Grand Piano)
33,712;17:4:204;A3;57;50;OFF;0,292;280;0;0 (Acoustic Grand Piano)
33,724;17:4:215;F2;41;62;OFF;0,489;469;0;0 (Acoustic Grand Piano)
33,911;17:4:395;E4;64;47;OFF;0,116;111;0;0 (Acoustic Grand Piano)
34,051;18:1:49;F3;53;50;OFF;0,406;390;0;0 (Acoustic Grand Piano)
34,051;18:1:49;C4;60;47;OFF;0,116;111;0;0 (Acoustic Grand Piano)
34,097;18:1:93;A4;69;51;OFF;0,174;167;0;0 (Acoustic Grand Piano)
34,214;18:1:205;F2;41;64;OFF;0,070;67;0;0 (Acoustic Grand Piano)
34,283;18:1:272;F2;41;63;OFF;0,244;234;0;0 (Acoustic Grand Piano)
34,376;18:1:361;A3;57;49;OFF;0,081;78;0;0 (Acoustic Grand Piano)
34,492;18:1:472;G1;31;52;OFF;0,093;89;0;0 (Acoustic Grand Piano)
34,492;18:1:472;G3;55;35;OFF;0,093;89;0;0 (Acoustic Grand Piano)
34,550;18:2:48;G2;43;36;OFF;0,278;267;0;0 (Acoustic Grand Piano)
34,561;18:2:59;D3;50;43;OFF;0,163;156;0;0 (Acoustic Grand Piano)
34,561;18:2:59;D4;62;52;OFF;0,314;301;0;0 (Acoustic Grand Piano)
34,584;18:2:81;G3;55;52;OFF;0,314;301;0;0 (Acoustic Grand Piano)
34,596;18:2:92;G1;31;79;OFF;0,116;111;0;0 (Acoustic Grand Piano)
34,690;18:2:182;B3;59;44;OFF;0,278;267;0;0 (Acoustic Grand Piano)
34,712;18:2:204;G1;31;81;OFF;0,778;747;0;0 (Acoustic Grand Piano)
34,898;18:2:382;G3;55;52;OFF;0,151;145;0;0 (Acoustic Grand Piano)
34,945;18:2:427;G4;67;53;OFF;0,453;435;0;0 (Acoustic Grand Piano)
34,956;18:2:438;G2;43;42;OFF;0,314;301;0;0 (Acoustic Grand Piano)
35,049;18:3:47;G3;55;55;OFF;1,011;971;0;0 (Acoustic Grand Piano)
35,049;18:3:47;D4;62;53;OFF;0,140;134;0;0 (Acoustic Grand Piano)
35,049;18:3:47;D5;74;41;OFF;0,140;134;0;0 (Acoustic Grand Piano)
35,096;18:3:92;D2;38;38;OFF;0,127;122;0;0 (Acoustic Grand Piano)
35,096;18:3:92;B4;71;65;OFF;0,406;390;0;0 (Acoustic Grand Piano)
35,223;18:3:214;D2;38;71;OFF;0,001;1;0;0 (Acoustic Grand Piano)
35,234;18:3:225;B3;59;52;OFF;0,278;267;0;0 (Acoustic Grand Piano)
35,421;18:3:404;D2;38;58;OFF;0,594;570;0;0 (Acoustic Grand Piano)
35,421;18:3:404;D4;62;52;OFF;0,128;123;0;0 (Acoustic Grand Piano)
35,432;18:3:415;D3;50;47;OFF;0,116;111;0;0 (Acoustic Grand Piano)
35,560;18:4:58;G2;43;58;OFF;0,547;525;0;0 (Acoustic Grand Piano)
35,560;18:4:58;D3;50;65;OFF;0,303;291;0;0 (Acoustic Grand Piano)
35,560;18:4:58;D4;62;56;OFF;0,489;469;0;0 (Acoustic Grand Piano)
35,734;18:4:225;B3;59;62;OFF;0,303;291;0;0 (Acoustic Grand Piano)
35,758;18:4:248;G1;31;50;OFF;0,418;401;0;0 (Acoustic Grand Piano)
35,886;18:4:371;G4;67;54;OFF;0,209;201;0;0 (Acoustic Grand Piano)
36,049;19:1:47;D4;62;53;OFF;0,116;111;0;0 (Acoustic Grand Piano)
36,060;19:1:58;G3;55;68;OFF;0,197;189;0;0 (Acoustic Grand Piano)
36,107;19:1:103;G2;43;56;OFF;0,429;412;0;0 (Acoustic Grand Piano)
36,119;19:1:114;B4;71;45;OFF;0,174;167;0;0 (Acoustic Grand Piano)
36,189;19:1:181;G1;31;70;OFF;0,139;133;0;0 (Acoustic Grand Piano)
36,258;19:1:248;G3;55;56;OFF;0,232;223;0;0 (Acoustic Grand Piano)
36,327;19:1:314;G1;31;68;OFF;0,001;1;0;0 (Acoustic Grand Piano)
36,432;19:1:415;D4;62;40;OFF;0,070;67;0;0 (Acoustic Grand Piano)
36,490;19:1:470;A1;33;51;OFF;0,140;134;0;0 (Acoustic Grand Piano)
36,559;19:2:57;A2;45;43;OFF;0,487;468;0;0 (Acoustic Grand Piano)
36,583;19:2:80;C#4;61;65;OFF;0,476;457;0;0 (Acoustic Grand Piano)
36,583;19:2:80;C#5;73;66;OFF;0,151;145;0;0 (Acoustic Grand Piano)
36,629;19:2:124;A1;33;87;OFF;0,140;134;0;0 (Acoustic Grand Piano)
36,629;19:2:124;A4;69;44;OFF;0,302;290;0;0 (Acoustic Grand Piano)
36,734;19:2:225;C#5;73;79;OFF;0,429;412;0;0 (Acoustic Grand Piano)
36,769;19:2:258;A1;33;82;OFF;1,777;1706;0;0 (Acoustic Grand Piano)
36,792;19:2:280;C#6;85;44;OFF;0,128;123;0;0 (Acoustic Grand Piano)
36,873;19:2:358;E3;52;34;OFF;0,221;212;0;0 (Acoustic Grand Piano)
36,873;19:2:358;A3;57;41;OFF;0,255;245;0;0 (Acoustic Grand Piano)
36,873;19:2:358;E4;64;42;OFF;0,348;334;0;0 (Acoustic Grand Piano)
37,059;19:3:57;C#4;61;71;OFF;0,615;590;0;0 (Acoustic Grand Piano)
37,117;19:3:112;A4;69;67;OFF;0,093;89;0;0 (Acoustic Grand Piano)
37,164;19:3:157;C#5;73;72;OFF;0,314;301;0;0 (Acoustic Grand Piano)
37,209;19:3:201;A4;69;63;OFF;0,197;189;0;0 (Acoustic Grand Piano)
37,222;19:3:213;E4;64;57;OFF;0,151;145;0;0 (Acoustic Grand Piano)
37,349;19:3:335;A3;57;53;OFF;0,197;189;0;0 (Acoustic Grand Piano)
37,384;19:3:369;E3;52;55;OFF;0,255;245;0;0 (Acoustic Grand Piano)
37,384;19:3:369;E4;64;37;OFF;0,081;78;0;0 (Acoustic Grand Piano)
37,477;19:3:458;C#5;73;65;OFF;0,185;178;0;0 (Acoustic Grand Piano)
37,547;19:4:45;A2;45;68;OFF;0,198;190;0;0 (Acoustic Grand Piano)
37,558;19:4:56;A3;57;62;OFF;0,174;167;0;0 (Acoustic Grand Piano)
37,663;19:4:156;C#5;73;72;OFF;0,407;391;0;0 (Acoustic Grand Piano)
37,674;19:4:167;C#4;61;54;OFF;0,001;1;0;0 (Acoustic Grand Piano)
37,721;19:4:212;E4;64;44;OFF;0,094;90;0;0 (Acoustic Grand Piano)
37,732;19:4:223;A3;57;58;OFF;0,152;146;0;0 (Acoustic Grand Piano)
37,745;19:4:235;A2;45;53;OFF;0,001;1;0;0 (Acoustic Grand Piano)
37,884;19:4:369;E3;52;56;OFF;0,267;256;0;0 (Acoustic Grand Piano)
37,884;19:4:369;A3;57;58;OFF;0,151;145;0;0 (Acoustic Grand Piano)
37,884;19:4:369;E4;64;46;OFF;0,336;323;0;0 (Acoustic Grand Piano)
37,977;19:4:458;C#4;61;59;OFF;0,406;390;0;0 (Acoustic Grand Piano)
38,035;20:1:34;A3;57;42;OFF;0,267;256;0;0 (Acoustic Grand Piano)
38,070;20:1:67;C#5;73;69;OFF;0,209;201;0;0 (Acoustic Grand Piano)
38,094;20:1:90;A4;69;57;OFF;0,314;301;0;0 (Acoustic Grand Piano)
38,221;20:1:212;E4;64;65;OFF;0,174;167;0;0 (Acoustic Grand Piano)
38,279;20:1:268;C#5;73;52;OFF;0,255;245;0;0 (Acoustic Grand Piano)
38,349;20:1:335;E3;52;47;OFF;0,336;323;0;0 (Acoustic Grand Piano)
38,383;20:1:368;C#4;61;56;OFF;1,696;1628;0;0 (Acoustic Grand Piano)
38,396;20:1:380;E4;64;62;OFF;0,128;123;0;0 (Acoustic Grand Piano)
38,500;20:2:0;A3;57;48;OFF;0,104;100;0;0 (Acoustic Grand Piano)
38,546;20:2:44;A1;33;76;OFF;0,001;1;0;0 (Acoustic Grand Piano)
38,593;20:2:89;A2;45;52;OFF;0,197;189;0;0 (Acoustic Grand Piano)
38,616;20:2:111;A1;33;94;OFF;0,975;936;0;0 (Acoustic Grand Piano)
38,616;20:2:111;D5;74;60;OFF;0,140;134;0;0 (Acoustic Grand Piano)
38,755;20:2:245;D5;74;59;OFF;0,081;78;0;0 (Acoustic Grand Piano)
38,755;20:2:245;D6;86;38;OFF;0,070;67;0;0 (Acoustic Grand Piano)
38,825;20:2:312;D6;86;48;OFF;0,140;134;0;0 (Acoustic Grand Piano)
38,836;20:2:323;D5;74;73;OFF;0,128;123;0;0 (Acoustic Grand Piano)
38,848;20:2:334;A3;57;45;OFF;0,360;346;0;0 (Acoustic Grand Piano)
38,883;20:2:368;E3;52;44;OFF;0,221;212;0;0 (Acoustic Grand Piano)
38,965;20:2:446;D5;74;79;OFF;0,104;100;0;0 (Acoustic Grand Piano)
39,046;20:3:44;A4;69;57;OFF;0,395;379;0;0 (Acoustic Grand Piano)
39,069;20:3:66;D5;74;76;OFF;0,116;111;0;0 (Acoustic Grand Piano)
39,184;20:3:177;D5;74;69;OFF;0,162;156;0;0 (Acoustic Grand Piano)
39,220;20:3:211;A3;57;54;OFF;0,348;334;0;0 (Acoustic Grand Piano)
39,220;20:3:211;E4;64;46;OFF;0,093;89;0;0 (Acoustic Grand Piano)
39,347;20:3:333;D5;74;60;OFF;0,128;123;0;0 (Acoustic Grand Piano)
39,371;20:3:356;A2;45;36;OFF;0,185;178;0;0 (Acoustic Grand Piano)
39,382;20:3:367;E4;64;42;OFF;0,104;100;0;0 (Acoustic Grand Piano)
39,394;20:3:378;E3;52;47;OFF;0,244;234;0;0 (Acoustic Grand Piano)
39,475;20:3:456;D5;74;60;OFF;0,081;78;0;0 (Acoustic Grand Piano)
39,556;20:4:54;D5;74;58;OFF;0,199;191;0;0 (Acoustic Grand Piano)
39,568;20:4:65;A2;45;60;OFF;1,615;1550;0;0 (Acoustic Grand Piano)
39,568;20:4:65;A3;57;51;OFF;0,849;815;0;0 (Acoustic Grand Piano)
39,592;20:4:88;A1;33;71;OFF;0,582;559;0;0 (Acoustic Grand Piano)
39,755;20:4:245;D5;74;64;OFF;0,348;334;0;0 (Acoustic Grand Piano)
39,906;20:4:390;E3;52;51;OFF;0,140;134;0;0 (Acoustic Grand Piano)
40,057;21:1:55;A4;69;57;OFF;0,442;424;0;0 (Acoustic Grand Piano)
40,103;21:1:99;D5;74;45;OFF;0,255;245;0;0 (Acoustic Grand Piano)
40,207;21:1:199;E2;40;63;OFF;0,104;100;0;0 (Acoustic Grand Piano)
40,220;21:1:211;E4;64;55;OFF;0,081;78;0;0 (Acoustic Grand Piano)
40,243;21:1:233;E3;52;48;OFF;0,174;167;0;0 (Acoustic Grand Piano)
40,313;21:1:300;E2;40;65;OFF;0,140;134;0;0 (Acoustic Grand Piano)
40,358;21:1:344;D5;74;55;OFF;0,128;123;0;0 (Acoustic Grand Piano)
40,382;21:1:367;E4;64;37;OFF;0,070;67;0;0 (Acoustic Grand Piano)
40,509;21:2:9;A3;57;45;OFF;0,081;78;0;0 (Acoustic Grand Piano)
40,509;21:2:9;E5;76;33;OFF;0,093;89;0;0 (Acoustic Grand Piano)
40,591;21:2:87;A3;57;47;OFF;0,070;67;0;0 (Acoustic Grand Piano)
40,602;21:2:98;G1;31;70;OFF;0,081;78;0;0 (Acoustic Grand Piano)
40,602;21:2:98;E5;76;57;OFF;0,941;903;0;0 (Acoustic Grand Piano)
40,649;21:2:143;G2;43;47;OFF;0,151;145;0;0 (Acoustic Grand Piano)
40,672;21:2:165;C#4;61;58;OFF;0,720;691;0;0 (Acoustic Grand Piano)
40,672;21:2:165;E4;64;40;OFF;0,221;212;0;0 (Acoustic Grand Piano)
40,683;21:2:176;G1;31;77;OFF;1,743;1673;0;0 (Acoustic Grand Piano)
40,719;21:2:210;E6;88;41;OFF;0,128;123;0;0 (Acoustic Grand Piano)
40,893;21:2:377;E4;64;64;OFF;0,348;334;0;0 (Acoustic Grand Piano)
41,044;21:3:42;C#5;73;41;OFF;0,070;67;0;0 (Acoustic Grand Piano)
41,055;21:3:53;A3;57;44;OFF;0,163;156;0;0 (Acoustic Grand Piano)
41,055;21:3:53;A4;69;66;OFF;0,174;167;0;0 (Acoustic Grand Piano)
41,229;21:3:220;A3;57;50;OFF;0,116;111;0;0 (Acoustic Grand Piano)
41,229;21:3:220;A4;69;53;OFF;0,336;323;0;0 (Acoustic Grand Piano)
41,241;21:3:231;E4;64;72;OFF;0,360;346;0;0 (Acoustic Grand Piano)
41,276;21:3:265;G3;55;43;OFF;0,267;256;0;0 (Acoustic Grand Piano)
41,346;21:3:332;D2;38;44;OFF;0,104;100;0;0 (Acoustic Grand Piano)
41,392;21:3:376;C#4;61;56;OFF;0,185;178;0;0 (Acoustic Grand Piano)
41,567;21:4:64;A4;69;49;OFF;0,070;67;0;0 (Acoustic Grand Piano)
41,578;21:4:75;C#4;61;50;OFF;0,326;313;0;0 (Acoustic Grand Piano)
41,601;21:4:97;G2;43;42;OFF;0,826;793;0;0 (Acoustic Grand Piano)
41,601;21:4:97;E4;64;46;OFF;0,280;269;0;0 (Acoustic Grand Piano)
41,624;21:4:119;A2;45;59;OFF;0,628;603;0;0 (Acoustic Grand Piano)
41,719;21:4:210;A4;69;38;OFF;0,070;67;0;0 (Acoustic Grand Piano)
41,753;21:4:243;G3;55;44;OFF;0,534;513;0;0 (Acoustic Grand Piano)
41,765;21:4:254;E5;76;39;OFF;0,278;267;0;0 (Acoustic Grand Piano)
41,881;21:4:366;E4;64;58;OFF;0,336;323;0;0 (Acoustic Grand Piano)
42,044;22:1:42;C#4;61;50;OFF;1,532;1471;0;0 (Acoustic Grand Piano)
42,055;22:1:53;A4;69;54;OFF;0,302;290;0;0 (Acoustic Grand Piano)
42,218;22:1:209;E4;64;60;OFF;0,209;201;0;0 (Acoustic Grand Piano)
42,229;22:1:220;A3;57;60;OFF;0,336;323;0;0 (Acoustic Grand Piano)
42,612;22:2:108;A4;69;60;OFF;0,208;200;0;0 (Acoustic Grand Piano)
42,671;22:2:164;G1;31;77;OFF;1,406;1350;0;0 (Acoustic Grand Piano)
42,740;22:2:230;A3;57;50;OFF;0,174;167;0;0 (Acoustic Grand Piano)
42,764;22:2:253;A2;45;65;OFF;0,592;568;0;0 (Acoustic Grand Piano)
42,821;22:2:308;A4;69;74;OFF;0,001;1;0;0 (Acoustic Grand Piano)
42,915;22:2:398;E4;64;50;OFF;0,314;301;0;0 (Acoustic Grand Piano)
43,053;22:3:51;A4;69;82;OFF;0,523;502;0;0 (Acoustic Grand Piano)
43,123;22:3:118;A3;57;46;OFF;0,093;89;0;0 (Acoustic Grand Piano)
43,228;22:3:219;A3;57;51;OFF;0,278;267;0;0 (Acoustic Grand Piano)
43,228;22:3:219;E4;64;57;OFF;0,325;312;0;0 (Acoustic Grand Piano)
43,391;22:3:375;G3;55;45;OFF;0,174;167;0;0 (Acoustic Grand Piano)
43,506;22:4:6;A2;45;56;OFF;0,895;859;0;0 (Acoustic Grand Piano)
43,576;22:4:73;C#4;61;63;OFF;0,466;447;0;0 (Acoustic Grand Piano)
43,576;22:4:73;A4;69;65;OFF;0,315;302;0;0 (Acoustic Grand Piano)
43,599;22:4:95;E4;64;39;OFF;0,141;135;0;0 (Acoustic Grand Piano)
43,646;22:4:140;A1;33;49;OFF;0,222;213;0;0 (Acoustic Grand Piano)
43,680;22:4:173;G2;43;43;OFF;0,407;391;0;0 (Acoustic Grand Piano)
43,868;22:4:353;G3;55;42;OFF;0,314;301;0;0 (Acoustic Grand Piano)
43,891;22:4:375;A4;69;58;OFF;0,081;78;0;0 (Acoustic Grand Piano)
43,902;22:4:386;E4;64;38;OFF;0,070;67;0;0 (Acoustic Grand Piano)
43,972;22:4:453;A4;69;58;OFF;0,140;134;0;0 (Acoustic Grand Piano)
44,042;23:1:40;C#4;61;44;OFF;0,291;279;0;0 (Acoustic Grand Piano)
44,042;23:1:40;C#5;73;44;OFF;0,185;178;0;0 (Acoustic Grand Piano)
44,111;23:1:107;A4;69;60;OFF;0,442;424;0;0 (Acoustic Grand Piano)
44,239;23:1:229;E2;40;61;OFF;0,209;201;0;0 (Acoustic Grand Piano)
44,239;23:1:229;A3;57;66;OFF;0,325;312;0;0 (Acoustic Grand Piano)
44,239;23:1:229;E4;64;47;OFF;0,116;111;0;0 (Acoustic Grand Piano)
44,251;23:1:241;E5;76;56;OFF;0,232;223;0;0 (Acoustic Grand Piano)
44,483;23:1:464;E5;76;69;OFF;0,442;424;0;0 (Acoustic Grand Piano)
44,541;23:2:39;F#1;30;70;OFF;1,731;1662;0;0 (Acoustic Grand Piano)
44,552;23:2:50;D4;62;61;OFF;0,383;368;0;0 (Acoustic Grand Piano)
44,565;23:2:62;A3;57;67;OFF;0,557;535;0;0 (Acoustic Grand Piano)
44,622;23:2:117;F#2;42;58;OFF;0,244;234;0;0 (Acoustic Grand Piano)
44,820;23:2:307;A4;69;49;OFF;0,116;111;0;0 (Acoustic Grand Piano)
44,901;23:2:385;F#4;66;47;OFF;0,151;145;0;0 (Acoustic Grand Piano)
44,913;23:2:396;D5;74;39;OFF;0,116;111;0;0 (Acoustic Grand Piano)
44,935;23:2:418;D4;62;78;OFF;0,116;111;0;0 (Acoustic Grand Piano)
45,028;23:3:27;D5;74;74;OFF;0,360;346;0;0 (Acoustic Grand Piano)
45,052;23:3:50;D4;62;75;OFF;0,174;167;0;0 (Acoustic Grand Piano)
45,075;23:3:72;A4;69;54;OFF;0,325;312;0;0 (Acoustic Grand Piano)
45,122;23:3:117;A3;57;63;OFF;0,093;89;0;0 (Acoustic Grand Piano)
45,215;23:3:206;A3;57;70;OFF;0,359;345;0;0 (Acoustic Grand Piano)
45,226;23:3:217;D4;62;74;OFF;0,163;156;0;0 (Acoustic Grand Piano)
45,260;23:3:250;F#4;66;40;OFF;0,070;67;0;0 (Acoustic Grand Piano)
45,389;23:3:373;D4;62;78;OFF;0,174;167;0;0 (Acoustic Grand Piano)
45,389;23:3:373;D5;74;61;OFF;0,162;156;0;0 (Acoustic Grand Piano)
45,551;23:4:49;D5;74;58;OFF;0,384;369;0;0 (Acoustic Grand Piano)
45,563;23:4:60;F#3;54;50;OFF;0,315;302;0;0 (Acoustic Grand Piano)
45,563;23:4:60;D4;62;67;OFF;0,141;135;0;0 (Acoustic Grand Piano)
45,574;23:4:71;A3;57;61;OFF;0,001;1;0;0 (Acoustic Grand Piano)
45,621;23:4:116;F#2;42;45;OFF;0,431;414;0;0 (Acoustic Grand Piano)
45,703;23:4:195;D4;62;79;OFF;0,348;334;0;0 (Acoustic Grand Piano)
45,877;23:4:362;F#3;54;56;OFF;0,185;178;0;0 (Acoustic Grand Piano)
45,877;23:4:362;A3;57;66;OFF;0,360;346;0;0 (Acoustic Grand Piano)
45,877;23:4:362;F#4;66;45;OFF;0,104;100;0;0 (Acoustic Grand Piano)
45,877;23:4:362;A4;69;45;OFF;0,221;212;0;0 (Acoustic Grand Piano)
45,935;23:4:418;D5;74;66;OFF;0,116;111;0;0 (Acoustic Grand Piano)
46,051;24:1:49;D4;62;67;OFF;0,336;323;0;0 (Acoustic Grand Piano)
46,051;24:1:49;D5;74;41;OFF;0,163;156;0;0 (Acoustic Grand Piano)
46,098;24:1:94;A4;69;51;OFF;0,325;312;0;0 (Acoustic Grand Piano)
46,214;24:1:205;D5;74;62;OFF;0,093;89;0;0 (Acoustic Grand Piano)
46,226;24:1:217;F#4;66;46;OFF;0,150;144;0;0 (Acoustic Grand Piano)
46,237;24:1:228;A3;57;69;OFF;0,325;312;0;0 (Acoustic Grand Piano)
46,307;24:1:295;D5;74;59;OFF;0,197;189;0;0 (Acoustic Grand Piano)
46,376;24:1:361;F#4;66;45;OFF;0,001;1;0;0 (Acoustic Grand Piano)
46,389;24:1:373;F#3;54;51;OFF;0,128;123;0;0 (Acoustic Grand Piano)
46,389;24:1:373;D4;62;69;OFF;0,185;178;0;0 (Acoustic Grand Piano)
46,504;24:2:4;D5;74;47;OFF;0,348;334;0;0 (Acoustic Grand Piano)
46,563;24:2:60;A3;57;43;OFF;0,151;145;0;0 (Acoustic Grand Piano)
46,574;24:2:71;D4;62;62;OFF;0,140;134;0;0 (Acoustic Grand Piano)
46,585;24:2:82;F#1;30;54;OFF;0,116;111;0;0 (Acoustic Grand Piano)
46,585;24:2:82;D3;50;51;OFF;0,081;78;0;0 (Acoustic Grand Piano)
46,714;24:2:205;F#1;30;71;OFF;1,522;1461;0;0 (Acoustic Grand Piano)
46,714;24:2:205;A3;57;66;OFF;0,406;390;0;0 (Acoustic Grand Piano)
46,714;24:2:205;D4;62;81;OFF;0,336;323;0;0 (Acoustic Grand Piano)
46,888;24:2:372;F#4;66;60;OFF;0,232;223;0;0 (Acoustic Grand Piano)
46,969;24:2:450;F#3;54;44;OFF;0,116;111;0;0 (Acoustic Grand Piano)
47,050;24:3:48;D4;62;74;OFF;0,325;312;0;0 (Acoustic Grand Piano)
47,050;24:3:48;A4;69;56;OFF;0,070;67;0;0 (Acoustic Grand Piano)
47,050;24:3:48;D5;74;49;OFF;0,523;502;0;0 (Acoustic Grand Piano)
47,120;24:3:115;A3;57;62;OFF;0,093;89;0;0 (Acoustic Grand Piano)
47,120;24:3:115;A4;69;60;OFF;0,291;279;0;0 (Acoustic Grand Piano)
47,212;24:3:204;A3;57;64;OFF;0,500;480;0;0 (Acoustic Grand Piano)
47,212;24:3:204;F#4;66;53;OFF;0,278;267;0;0 (Acoustic Grand Piano)
47,375;24:3:360;D4;62;76;OFF;0,185;178;0;0 (Acoustic Grand Piano)
47,560;24:4:58;D4;62;76;OFF;0,269;258;0;0 (Acoustic Grand Piano)
47,584;24:4:81;F#3;54;37;OFF;0,303;291;0;0 (Acoustic Grand Piano)
47,642;24:4:136;F#2;42;42;OFF;0,094;90;0;0 (Acoustic Grand Piano)
47,712;24:4:204;A3;57;72;OFF;0,453;435;0;0 (Acoustic Grand Piano)
47,829;24:4:316;D4;62;76;OFF;0,151;145;0;0 (Acoustic Grand Piano)
47,888;24:4:372;F#3;54;52;OFF;0,140;134;0;0 (Acoustic Grand Piano)
47,980;24:4:461;D4;62;72;OFF;0,081;78;0;0 (Acoustic Grand Piano)
47,980;24:4:461;D5;74;41;OFF;0,070;67;0;0 (Acoustic Grand Piano)
47,992;24:4:472;A4;69;40;OFF;0,070;67;0;0 (Acoustic Grand Piano)
48,050;25:1:48;D5;74;45;OFF;0,185;178;0;0 (Acoustic Grand Piano)
48,061;25:1:59;D4;62;75;OFF;0,314;301;0;0 (Acoustic Grand Piano)
48,061;25:1:59;A4;69;60;OFF;0,070;67;0;0 (Acoustic Grand Piano)
48,073;25:1:70;F#2;42;41;OFF;0,070;67;0;0 (Acoustic Grand Piano)
48,131;25:1:126;A4;69;67;OFF;0,348;334;0;0 (Acoustic Grand Piano)
48,166;25:1:159;A3;57;70;OFF;0,104;100;0;0 (Acoustic Grand Piano)
48,212;25:1:204;F#2;42;49;OFF;0,174;167;0;0 (Acoustic Grand Piano)
48,235;25:1:226;F#1;30;58;OFF;0,232;223;0;0 (Acoustic Grand Piano)
48,270;25:1:259;A3;57;60;OFF;0,291;279;0;0 (Acoustic Grand Piano)
48,270;25:1:259;F#4;66;38;OFF;0,128;123;0;0 (Acoustic Grand Piano)
48,364;25:1:349;D5;74;42;OFF;0,081;78;0;0 (Acoustic Grand Piano)
48,375;25:1:360;D4;62;55;OFF;0,128;123;0;0 (Acoustic Grand Piano)
48,409;25:1:393;B4;71;44;OFF;0,244;234;0;0 (Acoustic Grand Piano)
48,549;25:2:47;C4;60;36;OFF;0,081;78;0;0 (Acoustic Grand Piano)
48,560;25:2:58;F3;53;49;OFF;0,314;301;0;0 (Acoustic Grand Piano)
48,583;25:2:80;F1;29;69;OFF;0,104;100;0;0 (Acoustic Grand Piano)
48,630;25:2:125;F2;41;48;OFF;0,813;780;0;0 (Acoustic Grand Piano)
48,630;25:2:125;A3;57;48;OFF;0,278;267;0;0 (Acoustic Grand Piano)
48,630;25:2:125;C4;60;44;OFF;0,244;234;0;0 (Acoustic Grand Piano)
48,665;25:2:158;B4;71;57;OFF;0,093;89;0;0 (Acoustic Grand Piano)
48,689;25:2:181;F1;29;72;OFF;1,336;1283;0;0 (Acoustic Grand Piano)
48,840;25:2:326;A2;45;40;OFF;0,070;67;0;0 (Acoustic Grand Piano)
48,851;25:2:337;C5;72;61;OFF;0,093;89;0;0 (Acoustic Grand Piano)
48,874;25:2:359;F3;53;62;OFF;0,534;513;0;0 (Acoustic Grand Piano)
48,874;25:2:359;F4;65;49;OFF;0,360;346;0;0 (Acoustic Grand Piano)
48,944;25:2:426;C5;72;71;OFF;0,163;156;0;0 (Acoustic Grand Piano)
49,048;25:3:46;A4;69;66;OFF;0,081;78;0;0 (Acoustic Grand Piano)
49,059;25:3:57;C4;60;56;OFF;0,429;412;0;0 (Acoustic Grand Piano)
49,106;25:3:102;C5;72;62;OFF;0,453;435;0;0 (Acoustic Grand Piano)
49,129;25:3:124;A4;69;51;OFF;0,291;279;0;0 (Acoustic Grand Piano)
49,222;25:3:213;A3;57;52;OFF;0,244;234;0;0 (Acoustic Grand Piano)
49,234;25:3:225;F4;65;53;OFF;0,150;144;0;0 (Acoustic Grand Piano)
49,384;25:3:369;F4;65;56;OFF;0,001;1;0;0 (Acoustic Grand Piano)
49,408;25:3:392;F3;53;68;OFF;0,163;156;0;0 (Acoustic Grand Piano)
49,490;25:3:470;C4;60;57;OFF;0,093;89;0;0 (Acoustic Grand Piano)
49,559;25:4:57;C5;72;53;OFF;0,222;213;0;0 (Acoustic Grand Piano)
49,571;25:4:68;F2;41;55;OFF;0,721;692;0;0 (Acoustic Grand Piano)
49,571;25:4:68;F3;53;47;OFF;0,303;291;0;0 (Acoustic Grand Piano)
49,571;25:4:68;F4;65;48;OFF;0,315;302;0;0 (Acoustic Grand Piano)
49,582;25:4:79;C4;60;64;OFF;0,466;447;0;0 (Acoustic Grand Piano)
49,711;25:4:203;A3;57;53;OFF;0,197;189;0;0 (Acoustic Grand Piano)
49,781;25:4:270;A2;45;43;OFF;0,128;123;0;0 (Acoustic Grand Piano)
49,781;25:4:270;C5;72;38;OFF;0,116;111;0;0 (Acoustic Grand Piano)
49,874;25:4:359;F3;53;57;OFF;0,616;591;0;0 (Acoustic Grand Piano)
49,885;25:4:370;F4;65;50;OFF;0,348;334;0;0 (Acoustic Grand Piano)
49,897;25:4:381;C5;72;35;OFF;0,151;145;0;0 (Acoustic Grand Piano)
50,036;26:1:35;A4;69;51;OFF;0,174;167;0;0 (Acoustic Grand Piano)
50,048;26:1:46;C4;60;56;OFF;0,418;401;0;0 (Acoustic Grand Piano)
50,048;26:1:46;C5;72;51;OFF;0,244;234;0;0 (Acoustic Grand Piano)
50,233;26:1:224;F4;65;50;OFF;0,267;256;0;0 (Acoustic Grand Piano)
50,292;26:1:280;F2;41;58;OFF;0,221;212;0;0 (Acoustic Grand Piano)
50,292;26:1:280;C5;72;57;OFF;0,197;189;0;0 (Acoustic Grand Piano)
50,384;26:1:369;A3;57;56;OFF;0,093;89;0;0 (Acoustic Grand Piano)
50,466;26:1:447;C4;60;56;OFF;0,070;67;0;0 (Acoustic Grand Piano)
50,501;26:2:1;G1;31;53;OFF;0,127;122;0;0 (Acoustic Grand Piano)
50,535;26:2:34;G3;55;53;OFF;1,894;1818;0;0 (Acoustic Grand Piano)
50,547;26:2:45;G2;43;43;OFF;0,661;635;0;0 (Acoustic Grand Piano)
50,547;26:2:45;D4;62;48;OFF;0,174;167;0;0 (Acoustic Grand Piano)
50,558;26:2:56;D3;50;45;OFF;0,244;234;0;0 (Acoustic Grand Piano)
50,628;26:2:123;G1;31;69;OFF;0,001;1;0;0 (Acoustic Grand Piano)
50,640;26:2:134;B3;59;48;OFF;0,383;368;0;0 (Acoustic Grand Piano)
50,652;26:2:146;B4;71;68;OFF;0,418;401;0;0 (Acoustic Grand Piano)
50,896;26:2:380;D4;62;37;OFF;0,162;156;0;0 (Acoustic Grand Piano)
50,965;26:2:446;G5;79;39;OFF;0,185;178;0;0 (Acoustic Grand Piano)
51,058;26:3:56;D4;62;56;OFF;0,174;167;0;0 (Acoustic Grand Piano)
51,058;26:3:56;G4;67;56;OFF;0,383;368;0;0 (Acoustic Grand Piano)
51,081;26:3:78;B4;71;66;OFF;0,244;234;0;0 (Acoustic Grand Piano)
51,221;26:3:212;D2;38;72;OFF;0,208;200;0;0 (Acoustic Grand Piano)
51,221;26:3:212;B3;59;42;OFF;0,163;156;0;0 (Acoustic Grand Piano)
51,232;26:3:223;D4;62;55;OFF;0,104;100;0;0 (Acoustic Grand Piano)
51,325;26:3:312;B4;71;43;OFF;0,163;156;0;0 (Acoustic Grand Piano)
51,395;26:3:379;B3;59;58;OFF;0,208;200;0;0 (Acoustic Grand Piano)
51,395;26:3:379;D4;62;44;OFF;0,163;156;0;0 (Acoustic Grand Piano)
51,418;26:3:401;G2;43;44;OFF;0,140;134;0;0 (Acoustic Grand Piano)
51,418;26:3:401;D3;50;45;OFF;0,081;78;0;0 (Acoustic Grand Piano)
51,429;26:3:412;D2;38;65;OFF;0,001;1;0;0 (Acoustic Grand Piano)
51,557;26:4:55;D3;50;62;OFF;0,303;291;0;0 (Acoustic Grand Piano)
51,557;26:4:55;D4;62;44;OFF;0,106;102;0;0 (Acoustic Grand Piano)
51,557;26:4:55;B5;83;41;OFF;0,222;213;0;0 (Acoustic Grand Piano)
51,569;26:4:66;G2;43;62;OFF;0,837;804;0;0 (Acoustic Grand Piano)
51,603;26:4:99;B3;59;66;OFF;0,001;1;0;0 (Acoustic Grand Piano)
51,814;26:4:301;D4;62;57;OFF;0,221;212;0;0 (Acoustic Grand Piano)
51,883;26:4:368;G4;67;36;OFF;0,209;201;0;0 (Acoustic Grand Piano)
52,046;27:1:44;D4;62;60;OFF;0,314;301;0;0 (Acoustic Grand Piano)
52,070;27:1:67;B4;71;52;OFF;0,209;201;0;0 (Acoustic Grand Piano)
52,093;27:1:89;G4;67;37;OFF;0,209;201;0;0 (Acoustic Grand Piano)
52,185;27:1:178;G1;31;70;OFF;0,151;145;0;0 (Acoustic Grand Piano)
52,208;27:1:200;B3;59;37;OFF;0,174;167;0;0 (Acoustic Grand Piano)
52,220;27:1:211;D3;50;57;OFF;0,174;167;0;0 (Acoustic Grand Piano)
52,220;27:1:211;A4;69;53;OFF;0,453;435;0;0 (Acoustic Grand Piano)
52,336;27:1:323;G1;31;68;OFF;0,291;279;0;0 (Acoustic Grand Piano)
52,382;27:1:367;B3;59;59;OFF;0,128;123;0;0 (Acoustic Grand Piano)
52,545;27:2:43;A1;33;70;OFF;0,128;123;0;0 (Acoustic Grand Piano)
52,545;27:2:43;C#5;73;29;OFF;0,104;100;0;0 (Acoustic Grand Piano)
52,557;27:2:55;A3;57;50;OFF;0,163;156;0;0 (Acoustic Grand Piano)
52,615;27:2:110;A2;45;47;OFF;0,720;691;0;0 (Acoustic Grand Piano)
52,615;27:2:110;E4;64;49;OFF;0,093;89;0;0 (Acoustic Grand Piano)
52,639;27:2:133;C#4;61;53;OFF;0,418;401;0;0 (Acoustic Grand Piano)
52,650;27:2:144;C#5;73;42;OFF;0,081;78;0;0 (Acoustic Grand Piano)
52,673;27:2:166;A1;33;80;OFF;1,871;1796;0;0 (Acoustic Grand Piano)
52,673;27:2:166;A4;69;58;OFF;0,465;446;0;0 (Acoustic Grand Piano)
52,720;27:2:211;A3;57;49;OFF;0,267;256;0;0 (Acoustic Grand Piano)
52,731;27:2:222;C#5;73;72;OFF;0,499;479;0;0 (Acoustic Grand Piano)
52,790;27:2:278;C#6;85;46;OFF;0,151;145;0;0 (Acoustic Grand Piano)
52,894;27:2:378;E4;64;54;OFF;0,488;468;0;0 (Acoustic Grand Piano)
53,056;27:3:54;C#4;61;52;OFF;1,336;1283;0;0 (Acoustic Grand Piano)
53,137;27:3:132;A4;69;65;OFF;0,314;301;0;0 (Acoustic Grand Piano)
53,230;27:3:221;C#5;73;67;OFF;0,197;189;0;0 (Acoustic Grand Piano)
53,334;27:3:321;C#6;85;43;OFF;0,070;67;0;0 (Acoustic Grand Piano)
53,381;27:3:366;E3;52;48;OFF;0,303;291;0;0 (Acoustic Grand Piano)
53,428;27:3:411;C#5;73;51;OFF;0,279;268;0;0 (Acoustic Grand Piano)
53,544;27:4:42;A3;57;63;OFF;0,164;157;0;0 (Acoustic Grand Piano)
53,544;27:4:42;A4;69;43;OFF;0,164;157;0;0 (Acoustic Grand Piano)
53,555;27:4:53;A2;45;57;OFF;0,860;826;0;0 (Acoustic Grand Piano)
53,707;27:4:199;A3;57;61;OFF;0,174;167;0;0 (Acoustic Grand Piano)
53,707;27:4:199;C#5;73;70;OFF;0,001;1;0;0 (Acoustic Grand Piano)
53,870;27:4:355;E4;64;49;OFF;0,348;334;0;0 (Acoustic Grand Piano)
53,881;27:4:366;E3;52;51;OFF;0,232;223;0;0 (Acoustic Grand Piano)
53,881;27:4:366;A3;57;61;OFF;0,162;156;0;0 (Acoustic Grand Piano)
53,894;27:4:378;A4;69;36;OFF;0,174;167;0;0 (Acoustic Grand Piano)
53,894;27:4:378;C#5;73;48;OFF;0,255;245;0;0 (Acoustic Grand Piano)
54,045;28:1:43;A3;57;47;OFF;0,557;535;0;0 (Acoustic Grand Piano)
54,068;28:1:65;A4;69;64;OFF;0,070;67;0;0 (Acoustic Grand Piano)
54,126;28:1:121;E2;40;41;OFF;0,070;67;0;0 (Acoustic Grand Piano)
54,137;28:1:132;A4;69;67;OFF;0,185;178;0;0 (Acoustic Grand Piano)
54,149;28:1:143;C#5;73;55;OFF;0,093;89;0;0 (Acoustic Grand Piano)
54,219;28:1:210;E4;64;67;OFF;0,325;312;0;0 (Acoustic Grand Piano)
54,242;28:1:232;C#5;73;59;OFF;0,185;178;0;0 (Acoustic Grand Piano)
54,323;28:1:310;A4;69;68;OFF;0,070;67;0;0 (Acoustic Grand Piano)
54,370;28:1:355;E3;52;53;OFF;0,163;156;0;0 (Acoustic Grand Piano)
54,393;28:1:377;C#4;61;58;OFF;0,232;223;0;0 (Acoustic Grand Piano)
54,393;28:1:377;A4;69;57;OFF;0,140;134;0;0 (Acoustic Grand Piano)
54,544;28:2:42;A1;33;75;OFF;0,070;67;0;0 (Acoustic Grand Piano)
54,544;28:2:42;C#6;85;45;OFF;0,081;78;0;0 (Acoustic Grand Piano)
54,555;28:2:53;D5;74;38;OFF;0,081;78;0;0 (Acoustic Grand Piano)
54,567;28:2:64;E3;52;43;OFF;0,116;111;0;0 (Acoustic Grand Piano)
54,601;28:2:97;A2;45;50;OFF;0,429;412;0;0 (Acoustic Grand Piano)
54,614;28:2:109;A1;33;91;OFF;1,046;1004;0;0 (Acoustic Grand Piano)
54,625;28:2:120;A4;69;37;OFF;0,116;111;0;0 (Acoustic Grand Piano)
54,636;28:2:131;D5;74;49;OFF;0,070;67;0;0 (Acoustic Grand Piano)
54,706;28:2:198;D5;74;46;OFF;0,093;89;0;0 (Acoustic Grand Piano)
54,752;28:2:242;D6;86;48;OFF;0,174;167;0;0 (Acoustic Grand Piano)
54,799;28:2:287;D5;74;69;OFF;0,221;212;0;0 (Acoustic Grand Piano)
54,833;28:2:320;C#4;61;46;OFF;0,685;658;0;0 (Acoustic Grand Piano)
54,880;28:2:365;E3;52;42;OFF;0,140;134;0;0 (Acoustic Grand Piano)
54,915;28:2:398;A3;57;42;OFF;0,639;613;0;0 (Acoustic Grand Piano)
54,984;28:2:465;A4;69;45;OFF;0,128;123;0;0 (Acoustic Grand Piano)
55,020;28:3:19;D5;74;63;OFF;0,104;100;0;0 (Acoustic Grand Piano)
55,124;28:3:119;A4;69;56;OFF;0,278;267;0;0 (Acoustic Grand Piano)
55,124;28:3:119;D5;74;71;OFF;0,081;78;0;0 (Acoustic Grand Piano)
55,205;28:3:197;D5;74;59;OFF;0,372;357;0;0 (Acoustic Grand Piano)
55,309;28:3:297;A2;45;40;OFF;0,244;234;0;0 (Acoustic Grand Piano)
55,368;28:3:353;E3;52;46;OFF;0,255;245;0;0 (Acoustic Grand Piano)
55,566;28:4:63;A2;45;73;OFF;0,361;347;0;0 (Acoustic Grand Piano)
55,566;28:4:63;A3;57;52;OFF;0,326;313;0;0 (Acoustic Grand Piano)
55,577;28:4:74;D5;74;60;OFF;0,315;302;0;0 (Acoustic Grand Piano)
55,659;28:4:153;A1;33;68;OFF;0,523;502;0;0 (Acoustic Grand Piano)
55,694;28:4:186;C#4;61;51;OFF;0,255;245;0;0 (Acoustic Grand Piano)
55,880;28:4:365;E3;52;41;OFF;0,162;156;0;0 (Acoustic Grand Piano)
55,892;28:4:376;A3;57;55;OFF;0,128;123;0;0 (Acoustic Grand Piano)
55,892;28:4:376;D5;74;62;OFF;0,093;89;0;0 (Acoustic Grand Piano)
55,984;28:4:465;D5;74;50;OFF;0,070;67;0;0 (Acoustic Grand Piano)
56,054;29:1:52;A2;45;45;OFF;0,081;78;0;0 (Acoustic Grand Piano)
56,054;29:1:52;A3;57;42;OFF;0,325;312;0;0 (Acoustic Grand Piano)
56,066;29:1:63;A4;69;51;OFF;0,406;390;0;0 (Acoustic Grand Piano)
56,124;29:1:119;D4;62;45;OFF;0,232;223;0;0 (Acoustic Grand Piano)
56,170;29:1:163;E2;40;40;OFF;0,070;67;0;0 (Acoustic Grand Piano)
56,205;29:1:197;G3;55;41;OFF;0,140;134;0;0 (Acoustic Grand Piano)
56,217;29:1:208;E4;64;54;OFF;0,104;100;0;0 (Acoustic Grand Piano)
56,240;29:1:230;E2;40;61;OFF;0,209;201;0;0 (Acoustic Grand Piano)
56,391;29:1:375;C#4;61;44;OFF;0,116;111;0;0 (Acoustic Grand Piano)
56,402;29:1:386;G3;55;44;OFF;0,116;111;0;0 (Acoustic Grand Piano)
56,507;29:2:7;G1;31;37;OFF;0,116;111;0;0 (Acoustic Grand Piano)
56,565;29:2:62;A2;45;62;OFF;0,616;591;0;0 (Acoustic Grand Piano)
56,576;29:2:73;A3;57;48;OFF;0,650;624;0;0 (Acoustic Grand Piano)
56,576;29:2:73;E5;76;55;OFF;0,685;658;0;0 (Acoustic Grand Piano)
56,623;29:2:118;G1;31;76;OFF;1,801;1729;0;0 (Acoustic Grand Piano)
56,623;29:2:118;G2;43;42;OFF;0,151;145;0;0 (Acoustic Grand Piano)
56,623;29:2:118;A4;69;36;OFF;0,140;134;0;0 (Acoustic Grand Piano)
56,657;29:2:151;C#4;61;53;OFF;0,523;502;0;0 (Acoustic Grand Piano)
56,902;29:2:386;E4;64;61;OFF;0,325;312;0;0 (Acoustic Grand Piano)
57,052;29:3:50;A4;69;50;OFF;0,081;78;0;0 (Acoustic Grand Piano)
57,133;29:3:128;A4;69;56;OFF;0,336;323;0;0 (Acoustic Grand Piano)
57,227;29:3:218;A3;57;51;OFF;0,093;89;0;0 (Acoustic Grand Piano)
57,227;29:3:218;E4;64;73;OFF;0,359;345;0;0 (Acoustic Grand Piano)
57,320;29:3:307;E6;88;42;OFF;0,104;100;0;0 (Acoustic Grand Piano)
57,343;29:3:329;C#4;61;52;OFF;0,174;167;0;0 (Acoustic Grand Piano)
57,564;29:4:61;G2;43;42;OFF;0,849;815;0;0 (Acoustic Grand Piano)
57,564;29:4:61;G3;55;38;OFF;0,129;124;0;0 (Acoustic Grand Piano)
57,586;29:4:83;E4;64;45;OFF;0,001;1;0;0 (Acoustic Grand Piano)
57,623;29:4:118;A2;45;63;OFF;0,523;502;0;0 (Acoustic Grand Piano)
57,634;29:4:129;E5;76;45;OFF;0,070;67;0;0 (Acoustic Grand Piano)
57,669;29:4:162;A1;33;41;OFF;0,081;78;0;0 (Acoustic Grand Piano)
57,704;29:4:196;C#4;61;42;OFF;0,336;323;0;0 (Acoustic Grand Piano)
57,716;29:4:207;E4;64;53;OFF;0,174;167;0;0 (Acoustic Grand Piano)
57,716;29:4:207;E5;76;51;OFF;0,209;201;0;0 (Acoustic Grand Piano)
57,844;29:4:330;G3;55;44;OFF;0,244;234;0;0 (Acoustic Grand Piano)
57,890;29:4:374;E4;64;55;OFF;0,336;323;0;0 (Acoustic Grand Piano)
57,925;29:4:408;E5;76;37;OFF;0,255;245;0;0 (Acoustic Grand Piano)
57,936;29:4:419;A4;69;49;OFF;0,116;111;0;0 (Acoustic Grand Piano)
58,052;30:1:50;C#4;61;48;OFF;0,325;312;0;0 (Acoustic Grand Piano)
58,052;30:1:50;A4;69;50;OFF;0,185;178;0;0 (Acoustic Grand Piano)
58,087;30:1:84;A3;57;50;OFF;0,128;123;0;0 (Acoustic Grand Piano)
58,226;30:1:217;A3;57;69;OFF;0,336;323;0;0 (Acoustic Grand Piano)
58,226;30:1:217;E4;64;57;OFF;0,197;189;0;0 (Acoustic Grand Piano)
58,320;30:1:307;E5;76;46;OFF;0,163;156;0;0 (Acoustic Grand Piano)
58,377;30:1:362;C#4;61;64;OFF;0,174;167;0;0 (Acoustic Grand Piano)
58,564;30:2:61;A3;57;46;OFF;0,104;100;0;0 (Acoustic Grand Piano)
58,575;30:2:72;G1;31;55;OFF;0,093;89;0;0 (Acoustic Grand Piano)
58,609;30:2:105;A2;45;59;OFF;0,104;100;0;0 (Acoustic Grand Piano)
58,679;30:2:172;G1;31;77;OFF;1,395;1339;0;0 (Acoustic Grand Piano)
58,714;30:2:205;C#4;61;50;OFF;0,673;646;0;0 (Acoustic Grand Piano)
58,726;30:2:217;A2;45;65;OFF;0,627;602;0;0 (Acoustic Grand Piano)
58,726;30:2:217;A3;57;44;OFF;0,174;167;0;0 (Acoustic Grand Piano)
58,726;30:2:217;E5;76;52;OFF;0,140;134;0;0 (Acoustic Grand Piano)
58,889;30:2:373;G3;55;47;OFF;0,232;223;0;0 (Acoustic Grand Piano)
58,900;30:2:384;E4;64;51;OFF;0,325;312;0;0 (Acoustic Grand Piano)
59,063;30:3:60;A4;69;62;OFF;0,070;67;0;0 (Acoustic Grand Piano)
59,132;30:3:127;A3;57;53;OFF;0,093;89;0;0 (Acoustic Grand Piano)
59,132;30:3:127;A4;69;54;OFF;0,291;279;0;0 (Acoustic Grand Piano)
59,214;30:3:205;E5;76;42;OFF;0,325;312;0;0 (Acoustic Grand Piano)
59,225;30:3:216;A3;57;52;OFF;0,314;301;0;0 (Acoustic Grand Piano)
59,225;30:3:216;E4;64;63;OFF;0,197;189;0;0 (Acoustic Grand Piano)
59,365;30:3:350;D2;38;43;OFF;0,070;67;0;0 (Acoustic Grand Piano)
59,387;30:3:372;G3;55;43;OFF;0,151;145;0;0 (Acoustic Grand Piano)
59,399;30:3:383;C#4;61;56;OFF;0,174;167;0;0 (Acoustic Grand Piano)
59,422;30:3:405;E4;64;48;OFF;0,337;324;0;0 (Acoustic Grand Piano)
59,492;30:3:472;A2;45;59;OFF;0,640;614;0;0 (Acoustic Grand Piano)
59,573;30:4:70;C#4;61;50;OFF;0,419;402;0;0 (Acoustic Grand Piano)
59,609;30:4:105;A4;69;38;OFF;0,140;134;0;0 (Acoustic Grand Piano)
59,632;30:4:127;A1;33;49;OFF;0,255;245;0;0 (Acoustic Grand Piano)
59,702;30:4:194;A5;81;52;OFF;0,140;134;0;0 (Acoustic Grand Piano)
59,725;30:4:216;G2;43;56;OFF;0,476;457;0;0 (Acoustic Grand Piano)
59,783;30:4:272;A3;57;44;OFF;0,093;89;0;0 (Acoustic Grand Piano)
59,795;30:4:283;E5;76;47;OFF;0,093;89;0;0 (Acoustic Grand Piano)
59,842;30:4:328;A5;81;85;OFF;0,104;100;0;0 (Acoustic Grand Piano)
59,900;30:4:384;G3;55;42;OFF;0,081;78;0;0 (Acoustic Grand Piano)
59,923;30:4:406;E7;100;44;OFF;0,093;89;0;0 (Acoustic Grand Piano)
59,946;30:4:428;A5;81;61;OFF;0,627;602;0;0 (Acoustic Grand Piano)
60,097;31:1:93;A4;69;55;OFF;0,185;178;0;0 (Acoustic Grand Piano)
60,190;31:1:182;D4;62;52;OFF;0,174;167;0;0 (Acoustic Grand Piano)
60,190;31:1:182;E4;64;47;OFF;0,081;78;0;0 (Acoustic Grand Piano)
60,201;31:1:193;E2;40;56;OFF;0,232;223;0;0 (Acoustic Grand Piano)
60,214;31:1:205;G2;43;46;OFF;0,174;167;0;0 (Acoustic Grand Piano)
60,225;31:1:216;A3;57;60;OFF;0,383;368;0;0 (Acoustic Grand Piano)
60,573;31:2:70;F#1;30;69;OFF;1,720;1651;0;0 (Acoustic Grand Piano)
60,573;31:2:70;D3;50;46;OFF;0,081;78;0;0 (Acoustic Grand Piano)
60,584;31:2:81;D4;62;69;OFF;0,140;134;0;0 (Acoustic Grand Piano)
60,584;31:2:81;D5;74;38;OFF;0,140;134;0;0 (Acoustic Grand Piano)
60,643;31:2:137;F#2;42;47;OFF;0,255;245;0;0 (Acoustic Grand Piano)
60,724;31:2:215;D4;62;73;OFF;0,197;189;0;0 (Acoustic Grand Piano)
60,724;31:2:215;D5;74;78;OFF;0,174;167;0;0 (Acoustic Grand Piano)
60,747;31:2:237;D6;86;39;OFF;0,070;67;0;0 (Acoustic Grand Piano)
60,864;31:2:349;A5;81;41;OFF;0,070;67;0;0 (Acoustic Grand Piano)
60,898;31:2:382;D5;74;76;OFF;0,151;145;0;0 (Acoustic Grand Piano)
60,921;31:2:404;D4;62;73;OFF;0,151;145;0;0 (Acoustic Grand Piano)
60,921;31:2:404;F#4;66;48;OFF;0,314;301;0;0 (Acoustic Grand Piano)
60,956;31:2:438;A3;57;39;OFF;0,244;234;0;0 (Acoustic Grand Piano)
61,049;31:3:47;D5;74;70;OFF;0,278;267;0;0 (Acoustic Grand Piano)
61,060;31:3:58;A4;69;53;OFF;0,442;424;0;0 (Acoustic Grand Piano)
61,072;31:3:69;D4;62;67;OFF;0,314;301;0;0 (Acoustic Grand Piano)
61,211;31:3:203;A3;57;62;OFF;0,348;334;0;0 (Acoustic Grand Piano)
61,234;31:3:225;F#4;66;55;OFF;0,221;212;0;0 (Acoustic Grand Piano)
61,327;31:3:314;D5;74;63;OFF;0,116;111;0;0 (Acoustic Grand Piano)
61,385;31:3:370;D4;62;84;OFF;0,174;167;0;0 (Acoustic Grand Piano)
61,559;31:4:57;A3;57;47;OFF;0,664;637;0;0 (Acoustic Grand Piano)
61,559;31:4:57;D4;62;73;OFF;0,175;168;0;0 (Acoustic Grand Piano)
61,596;31:4:92;F#2;42;43;OFF;0,488;468;0;0 (Acoustic Grand Piano)
61,596;31:4:92;F#3;54;53;OFF;0,557;535;0;0 (Acoustic Grand Piano)
61,735;31:4:226;D4;62;77;OFF;0,325;312;0;0 (Acoustic Grand Piano)
61,735;31:4:226;D5;74;40;OFF;0,185;178;0;0 (Acoustic Grand Piano)
61,921;31:4:404;D5;74;50;OFF;0,244;234;0;0 (Acoustic Grand Piano)
62,049;32:1:47;F#5;78;49;OFF;0,081;78;0;0 (Acoustic Grand Piano)
62,060;32:1:58;D4;62;71;OFF;0,336;323;0;0 (Acoustic Grand Piano)
62,083;32:1:80;A4;69;53;OFF;0,128;123;0;0 (Acoustic Grand Piano)
62,095;32:1:91;F#4;66;40;OFF;0,244;234;0;0 (Acoustic Grand Piano)
62,165;32:1:158;D5;74;56;OFF;0,070;67;0;0 (Acoustic Grand Piano)
62,223;32:1:214;A3;57;59;OFF;0,336;323;0;0 (Acoustic Grand Piano)
62,234;32:1:225;D5;74;56;OFF;0,302;290;0;0 (Acoustic Grand Piano)
62,397;32:1:381;F#3;54;47;OFF;0,104;100;0;0 (Acoustic Grand Piano)
62,397;32:1:381;D4;62;66;OFF;0,209;201;0;0 (Acoustic Grand Piano)
62,559;32:2:57;A3;57;42;OFF;0,163;156;0;0 (Acoustic Grand Piano)
62,559;32:2:57;F#4;66;34;OFF;0,116;111;0;0 (Acoustic Grand Piano)
62,559;32:2:57;F#5;78;39;OFF;0,070;67;0;0 (Acoustic Grand Piano)
62,606;32:2:102;D3;50;51;OFF;0,070;67;0;0 (Acoustic Grand Piano)
62,606;32:2:102;D4;62;74;OFF;0,197;189;0;0 (Acoustic Grand Piano)
62,618;32:2:113;F#1;30;86;OFF;0,918;881;0;0 (Acoustic Grand Piano)
62,722;32:2:213;A3;57;57;OFF;0,499;479;0;0 (Acoustic Grand Piano)
62,722;32:2:213;D5;74;46;OFF;0,302;290;0;0 (Acoustic Grand Piano)
62,803;32:2:291;D4;62;82;OFF;0,255;245;0;0 (Acoustic Grand Piano)
62,896;32:2:380;F#4;66;68;OFF;0,162;156;0;0 (Acoustic Grand Piano)
62,966;32:2:447;A4;69;49;OFF;0,081;78;0;0 (Acoustic Grand Piano)
62,990;32:2:470;F#3;54;44;OFF;0,070;67;0;0 (Acoustic Grand Piano)
63,058;32:3:56;D4;62;71;OFF;0,325;312;0;0 (Acoustic Grand Piano)
63,058;32:3:56;F#4;66;47;OFF;0,348;334;0;0 (Acoustic Grand Piano)
63,058;32:3:56;A4;69;58;OFF;0,325;312;0;0 (Acoustic Grand Piano)
63,058;32:3:56;F#5;78;41;OFF;0,093;89;0;0 (Acoustic Grand Piano)
63,221;32:3:212;A3;57;53;OFF;0,489;469;0;0 (Acoustic Grand Piano)
63,221;32:3:212;D5;74;61;OFF;0,163;156;0;0 (Acoustic Grand Piano)
63,383;32:3:368;D4;62;84;OFF;0,174;167;0;0 (Acoustic Grand Piano)
63,383;32:3:368;A4;69;48;OFF;0,093;89;0;0 (Acoustic Grand Piano)
63,383;32:3:368;D5;74;49;OFF;0,093;89;0;0 (Acoustic Grand Piano)
63,558;32:4:56;D4;62;73;OFF;0,547;525;0;0 (Acoustic Grand Piano)
63,558;32:4:56;F#5;78;43;OFF;0,059;57;0;0 (Acoustic Grand Piano)
63,570;32:4:67;F#3;54;36;OFF;0,175;168;0;0 (Acoustic Grand Piano)
63,688;32:4:180;F#1;30;56;OFF;0,372;357;0;0 (Acoustic Grand Piano)
63,710;32:4:202;A3;57;64;OFF;0,510;490;0;0 (Acoustic Grand Piano)
63,733;32:4:224;F#2;42;45;OFF;0,278;267;0;0 (Acoustic Grand Piano)
63,850;32:4:336;A5;81;37;OFF;0,197;189;0;0 (Acoustic Grand Piano)
63,873;32:4:358;F#4;66;49;OFF;0,197;189;0;0 (Acoustic Grand Piano)
63,907;32:4:391;A4;69;66;OFF;0,197;189;0;0 (Acoustic Grand Piano)
63,943;32:4:425;F#3;54;39;OFF;0,104;100;0;0 (Acoustic Grand Piano)
64,070;33:1:67;F#4;66;51;OFF;0,267;256;0;0 (Acoustic Grand Piano)
64,105;33:1:101;D4;62;65;OFF;0,290;278;0;0 (Acoustic Grand Piano)
64,105;33:1:101;A4;69;57;OFF;0,442;424;0;0 (Acoustic Grand Piano)
64,186;33:1:179;F#1;30;46;OFF;0,232;223;0;0 (Acoustic Grand Piano)
64,221;33:1:212;A3;57;53;OFF;0,336;323;0;0 (Acoustic Grand Piano)
64,221;33:1:212;D5;74;47;OFF;0,104;100;0;0 (Acoustic Grand Piano)
64,279;33:1:268;F#2;42;55;OFF;0,093;89;0;0 (Acoustic Grand Piano)
64,372;33:1:357;B4;71;57;OFF;0,081;78;0;0 (Acoustic Grand Piano)
64,395;33:1:379;D4;62;50;OFF;0,001;1;0;0 (Acoustic Grand Piano)
64,453;33:1:435;B4;71;58;OFF;0,104;100;0;0 (Acoustic Grand Piano)
64,523;33:2:22;F1;29;41;OFF;0,070;67;0;0 (Acoustic Grand Piano)
64,523;33:2:22;F2;41;27;OFF;0,104;100;0;0 (Acoustic Grand Piano)
64,557;33:2:55;C5;72;25;OFF;0,128;123;0;0 (Acoustic Grand Piano)
64,604;33:2:100;F1;29;72;OFF;0,093;89;0;0 (Acoustic Grand Piano)
64,616;33:2:111;F3;53;56;OFF;0,278;267;0;0 (Acoustic Grand Piano)
64,616;33:2:111;F4;65;56;OFF;0,104;100;0;0 (Acoustic Grand Piano)
64,627;33:2:122;F2;41;51;OFF;0,767;736;0;0 (Acoustic Grand Piano)
64,627;33:2:122;C4;60;42;OFF;0,314;301;0;0 (Acoustic Grand Piano)
64,685;33:2:178;C5;72;45;OFF;0,140;134;0;0 (Acoustic Grand Piano)
64,697;33:2:189;F1;29;84;OFF;0,907;871;0;0 (Acoustic Grand Piano)
64,720;33:2:211;A3;57;49;OFF;0,209;201;0;0 (Acoustic Grand Piano)
64,825;33:2:312;C5;72;61;OFF;0,127;122;0;0 (Acoustic Grand Piano)
64,882;33:2:367;F4;65;50;OFF;0,093;89;0;0 (Acoustic Grand Piano)
64,895;33:2:379;F3;53;60;OFF;0,650;624;0;0 (Acoustic Grand Piano)
64,941;33:2:423;C4;60;43;OFF;0,128;123;0;0 (Acoustic Grand Piano)
64,952;33:2:434;C5;72;70;OFF;0,001;1;0;0 (Acoustic Grand Piano)
65,057;33:3:55;F4;65;47;OFF;0,185;178;0;0 (Acoustic Grand Piano)
65,057;33:3:55;F5;77;42;OFF;0,070;67;0;0 (Acoustic Grand Piano)
65,069;33:3:66;C4;60;49;OFF;0,314;301;0;0 (Acoustic Grand Piano)
65,103;33:3:99;C5;72;60;OFF;0,093;89;0;0 (Acoustic Grand Piano)
65,115;33:3:110;A4;69;55;OFF;0,267;256;0;0 (Acoustic Grand Piano)
65,196;33:3:188;C5;72;59;OFF;0,104;100;0;0 (Acoustic Grand Piano)
65,220;33:3:211;A3;57;53;OFF;0,232;223;0;0 (Acoustic Grand Piano)
65,243;33:3:233;F4;65;57;OFF;0,314;301;0;0 (Acoustic Grand Piano)
65,301;33:3:289;C5;72;72;OFF;0,081;78;0;0 (Acoustic Grand Piano)
65,382;33:3:367;C4;60;41;OFF;0,140;134;0;0 (Acoustic Grand Piano)
65,382;33:3:367;A4;69;50;OFF;0,174;167;0;0 (Acoustic Grand Piano)
65,382;33:3:367;C5;72;63;OFF;0,163;156;0;0 (Acoustic Grand Piano)
65,394;33:3:378;F2;41;50;OFF;0,164;157;0;0 (Acoustic Grand Piano)
65,545;33:4:43;F3;53;57;OFF;0,500;480;0;0 (Acoustic Grand Piano)
65,545;33:4:43;C5;72;53;OFF;0,175;168;0;0 (Acoustic Grand Piano)
65,556;33:4:54;F4;65;50;OFF;0,326;313;0;0 (Acoustic Grand Piano)
65,557;33:4:55;F2;41;70;OFF;0,592;568;0;0 (Acoustic Grand Piano)
65,569;33:4:66;C4;60;52;OFF;0,255;245;0;0 (Acoustic Grand Piano)
65,604;33:4:100;F1;29;44;OFF;0,360;346;0;0 (Acoustic Grand Piano)
65,674;33:4:167;A2;45;47;OFF;0,244;234;0;0 (Acoustic Grand Piano)
65,697;33:4:189;A3;57;53;OFF;0,314;301;0;0 (Acoustic Grand Piano)
65,825;33:4:312;C4;60;51;OFF;0,336;323;0;0 (Acoustic Grand Piano)
65,848;33:4:334;C5;72;36;OFF;0,185;178;0;0 (Acoustic Grand Piano)
65,882;33:4:367;F4;65;66;OFF;0,174;167;0;0 (Acoustic Grand Piano)
65,882;33:4:367;A4;69;43;OFF;0,163;156;0;0 (Acoustic Grand Piano)
66,045;34:1:43;A4;69;51;OFF;0,197;189;0;0 (Acoustic Grand Piano)
66,056;34:1:54;F4;65;48;OFF;0,128;123;0;0 (Acoustic Grand Piano)
66,080;34:1:77;C5;72;41;OFF;0,127;122;0;0 (Acoustic Grand Piano)
66,150;34:1:144;F2;41;60;OFF;0,162;156;0;0 (Acoustic Grand Piano)
66,196;34:1:188;F3;53;53;OFF;0,116;111;0;0 (Acoustic Grand Piano)
66,207;34:1:199;C5;72;57;OFF;0,001;1;0;0 (Acoustic Grand Piano)
66,313;34:1:300;F2;41;58;OFF;0,185;178;0;0 (Acoustic Grand Piano)
66,324;34:1:311;F3;53;59;OFF;0,162;156;0;0 (Acoustic Grand Piano)
66,370;34:1:355;A3;57;45;OFF;0,070;67;0;0 (Acoustic Grand Piano)
66,475;34:1:456;G1;31;45;OFF;0,104;100;0;0 (Acoustic Grand Piano)
66,545;34:2:43;G2;43;49;OFF;0,325;312;0;0 (Acoustic Grand Piano)
66,545;34:2:43;G3;55;43;OFF;0,093;89;0;0 (Acoustic Grand Piano)
66,568;34:2:65;D4;62;44;OFF;0,174;167;0;0 (Acoustic Grand Piano)
66,579;34:2:76;G1;31;70;OFF;1,522;1461;0;0 (Acoustic Grand Piano)
66,638;34:2:132;G3;55;57;OFF;0,081;78;0;0 (Acoustic Grand Piano)
66,649;34:2:143;D5;74;46;OFF;0,081;78;0;0 (Acoustic Grand Piano)
66,719;34:2:210;G3;55;55;OFF;0,151;145;0;0 (Acoustic Grand Piano)
66,730;34:2:221;D5;74;60;OFF;0,104;100;0;0 (Acoustic Grand Piano)
66,765;34:2:254;D6;86;48;OFF;0,174;167;0;0 (Acoustic Grand Piano)
66,834;34:2:321;D5;74;67;OFF;0,209;201;0;0 (Acoustic Grand Piano)
66,870;34:2:355;G3;55;57;OFF;0,348;334;0;0 (Acoustic Grand Piano)
66,893;34:2:377;B3;59;46;OFF;0,174;167;0;0 (Acoustic Grand Piano)
66,974;34:2:455;D4;62;42;OFF;0,070;67;0;0 (Acoustic Grand Piano)
67,044;34:3:42;D5;74;49;OFF;0,174;167;0;0 (Acoustic Grand Piano)
67,055;34:3:53;G2;43;53;OFF;0,116;111;0;0 (Acoustic Grand Piano)
67,055;34:3:53;D4;62;60;OFF;0,163;156;0;0 (Acoustic Grand Piano)
67,055;34:3:53;G4;67;43;OFF;0,348;334;0;0 (Acoustic Grand Piano)
67,090;34:3:86;B4;71;61;OFF;0,116;111;0;0 (Acoustic Grand Piano)
67,114;34:3:109;G5;79;44;OFF;0,093;89;0;0 (Acoustic Grand Piano)
67,206;34:3:198;B4;71;45;OFF;0,361;347;0;0 (Acoustic Grand Piano)
67,218;34:3:209;G3;55;66;OFF;0,174;167;0;0 (Acoustic Grand Piano)
67,218;34:3:209;D4;62;67;OFF;0,185;178;0;0 (Acoustic Grand Piano)
67,218;34:3:209;D5;74;57;OFF;0,325;312;0;0 (Acoustic Grand Piano)
67,252;34:3:242;D2;38;76;OFF;0,116;111;0;0 (Acoustic Grand Piano)
67,252;34:3:242;D3;50;47;OFF;0,361;347;0;0 (Acoustic Grand Piano)
67,252;34:3:242;B3;59;38;OFF;0,140;134;0;0 (Acoustic Grand Piano)
67,369;34:3:354;D2;38;86;OFF;0,070;67;0;0 (Acoustic Grand Piano)
67,392;34:3:376;G3;55;66;OFF;0,164;157;0;0 (Acoustic Grand Piano)
67,403;34:3:387;B3;59;57;OFF;0,188;180;0;0 (Acoustic Grand Piano)
67,403;34:3:387;D4;62;59;OFF;0,210;202;0;0 (Acoustic Grand Piano)
67,403;34:3:387;G4;67;49;OFF;0,140;134;0;0 (Acoustic Grand Piano)
67,439;34:3:421;D2;38;66;OFF;0,186;179;0;0 (Acoustic Grand Piano)
67,484;34:3:465;G2;43;51;OFF;0,059;57;0;0 (Acoustic Grand Piano)
67,555;34:4:53;G2;43;71;OFF;0,510;490;0;0 (Acoustic Grand Piano)
67,555;34:4:53;G3;55;60;OFF;0,476;457;0;0 (Acoustic Grand Piano)
67,591;34:4:87;B3;59;58;OFF;0,442;424;0;0 (Acoustic Grand Piano)
67,614;34:4:109;D3;50;62;OFF;0,255;245;0;0 (Acoustic Grand Piano)
67,614;34:4:109;D4;62;64;OFF;0,442;424;0;0 (Acoustic Grand Piano)
67,625;34:4:120;D2;38;68;OFF;0,001;1;0;0 (Acoustic Grand Piano)
67,718;34:4:209;D5;74;55;OFF;0,267;256;0;0 (Acoustic Grand Piano)
68,008;35:1:8;C5;72;43;OFF;0,221;212;0;0 (Acoustic Grand Piano)
68,055;35:1:53;D4;62;50;OFF;0,151;145;0;0 (Acoustic Grand Piano)
68,067;35:1:64;G2;43;77;OFF;0,070;67;0;0 (Acoustic Grand Piano)
68,101;35:1:97;G1;31;52;OFF;0,116;111;0;0 (Acoustic Grand Piano)
68,136;35:1:131;G2;43;73;OFF;0,093;89;0;0 (Acoustic Grand Piano)
68,136;35:1:131;G3;55;35;OFF;0,127;122;0;0 (Acoustic Grand Piano)
68,136;35:1:131;G4;67;43;OFF;0,070;67;0;0 (Acoustic Grand Piano)
68,206;35:1:198;D4;62;53;OFF;0,140;134;0;0 (Acoustic Grand Piano)
68,206;35:1:198;G4;67;56;OFF;0,174;167;0;0 (Acoustic Grand Piano)
68,218;35:1:209;G1;31;71;OFF;0,127;122;0;0 (Acoustic Grand Piano)
68,229;35:1:220;G2;43;70;OFF;0,267;256;0;0 (Acoustic Grand Piano)
68,229;35:1:220;B4;71;54;OFF;0,070;67;0;0 (Acoustic Grand Piano)
68,264;35:1:253;G3;55;43;OFF;0,001;1;0;0 (Acoustic Grand Piano)
68,264;35:1:253;B3;59;26;OFF;0,116;111;0;0 (Acoustic Grand Piano)
68,310;35:1:298;B4;71;66;OFF;0,070;67;0;0 (Acoustic Grand Piano)
68,345;35:1:331;G1;31;69;OFF;0,001;1;0;0 (Acoustic Grand Piano)
68,380;35:1:365;B3;59;50;OFF;0,116;111;0;0 (Acoustic Grand Piano)
68,380;35:1:365;B4;71;59;OFF;0,197;189;0;0 (Acoustic Grand Piano)
68,473;35:1:454;A4;69;27;OFF;0,093;89;0;0 (Acoustic Grand Piano)
68,484;35:1:465;A3;57;34;OFF;0,140;134;0;0 (Acoustic Grand Piano)
68,543;35:2:41;C#4;61;42;OFF;0,093;89;0;0 (Acoustic Grand Piano)
68,543;35:2:41;A5;81;40;OFF;0,406;390;0;0 (Acoustic Grand Piano)
68,566;35:2:63;A4;69;65;OFF;0,081;78;0;0 (Acoustic Grand Piano)
68,577;35:2:74;A2;45;36;OFF;0,244;234;0;0 (Acoustic Grand Piano)
68,589;35:2:85;F#2;42;34;OFF;0,104;100;0;0 (Acoustic Grand Piano)
68,589;35:2:85;E4;64;47;OFF;0,116;111;0;0 (Acoustic Grand Piano)
68,612;35:2:108;F#1;30;54;OFF;0,185;178;0;0 (Acoustic Grand Piano)
68,647;35:2:141;A4;69;71;OFF;0,104;100;0;0 (Acoustic Grand Piano)
68,705;35:2:197;E4;64;47;OFF;0,499;479;0;0 (Acoustic Grand Piano)
68,717;35:2:208;A3;57;47;OFF;0,174;167;0;0 (Acoustic Grand Piano)
68,751;35:2:241;A4;69;63;OFF;0,278;267;0;0 (Acoustic Grand Piano)
68,891;35:2:375;F#1;30;78;OFF;0,523;502;0;0 (Acoustic Grand Piano)
68,891;35:2:375;A3;57;64;OFF;0,302;290;0;0 (Acoustic Grand Piano)
68,902;35:2:386;F#4;66;44;OFF;0,162;156;0;0 (Acoustic Grand Piano)
68,926;35:2:409;C#4;61;53;OFF;0,140;134;0;0 (Acoustic Grand Piano)
68,949;35:2:431;A5;81;56;OFF;0,151;145;0;0 (Acoustic Grand Piano)
69,030;35:3:29;A4;69;67;OFF;0,070;67;0;0 (Acoustic Grand Piano)
69,053;35:3:51;D6;86;37;OFF;0,185;178;0;0 (Acoustic Grand Piano)
69,065;35:3:62;D4;62;47;OFF;0,140;134;0;0 (Acoustic Grand Piano)
69,065;35:3:62;F#4;66;45;OFF;0,070;67;0;0 (Acoustic Grand Piano)
69,100;35:3:96;A4;69;73;OFF;0,454;436;0;0 (Acoustic Grand Piano)
69,204;35:3:196;E4;64;52;OFF;0,350;336;0;0 (Acoustic Grand Piano)
69,240;35:3:230;A3;57;38;OFF;0,349;335;0;0 (Acoustic Grand Piano)
69,378;35:3:363;D4;62;39;OFF;0,081;78;0;0 (Acoustic Grand Piano)
69,506;35:4:6;F#2;42;50;OFF;0,082;79;0;0 (Acoustic Grand Piano)
69,554;35:4:52;E4;64;52;OFF;0,151;145;0;0 (Acoustic Grand Piano)
69,554;35:4:52;A4;69;54;OFF;0,557;535;0;0 (Acoustic Grand Piano)
69,589;35:4:85;F#2;42;58;OFF;0,824;791;0;0 (Acoustic Grand Piano)
69,589;35:4:85;A3;57;55;OFF;0,001;1;0;0 (Acoustic Grand Piano)
69,600;35:4:96;C#4;61;45;OFF;0,128;123;0;0 (Acoustic Grand Piano)
69,705;35:4:197;E4;64;54;OFF;0,348;334;0;0 (Acoustic Grand Piano)
69,728;35:4:219;C#4;61;47;OFF;0,314;301;0;0 (Acoustic Grand Piano)
69,879;35:4:364;F#3;54;41;OFF;0,081;78;0;0 (Acoustic Grand Piano)
69,902;35:4:386;A5;81;51;OFF;0,185;178;0;0 (Acoustic Grand Piano)
70,042;36:1:40;F#3;54;36;OFF;0,104;100;0;0 (Acoustic Grand Piano)
70,042;36:1:40;A3;57;50;OFF;0,197;189;0;0 (Acoustic Grand Piano)
70,042;36:1:40;C#4;61;41;OFF;0,197;189;0;0 (Acoustic Grand Piano)
70,111;36:1:107;A4;69;58;OFF;0,220;211;0;0 (Acoustic Grand Piano)
70,146;36:1:140;F#3;54;43;OFF;0,372;357;0;0 (Acoustic Grand Piano)
70,216;36:1:207;F#4;66;37;OFF;0,081;78;0;0 (Acoustic Grand Piano)
70,239;36:1:229;A3;57;51;OFF;0,244;234;0;0 (Acoustic Grand Piano)
70,239;36:1:229;C#4;61;48;OFF;0,140;134;0;0 (Acoustic Grand Piano)
70,297;36:1:285;E4;64;43;OFF;0,081;78;0;0 (Acoustic Grand Piano)
70,331;36:1:318;A4;69;51;OFF;0,001;1;0;0 (Acoustic Grand Piano)
70,390;36:1:374;D4;62;45;OFF;0,081;78;0;0 (Acoustic Grand Piano)
70,412;36:1:396;F#2;42;60;OFF;0,104;100;0;0 (Acoustic Grand Piano)
70,518;36:2:17;C#2;37;48;OFF;0,070;67;0;0 (Acoustic Grand Piano)
70,576;36:2:73;G#4;68;53;OFF;0,162;156;0;0 (Acoustic Grand Piano)
70,588;36:2:84;C#2;37;67;OFF;0,081;78;0;0 (Acoustic Grand Piano)
70,588;36:2:84;C#3;49;46;OFF;0,104;100;0;0 (Acoustic Grand Piano)
70,588;36:2:84;B3;59;41;OFF;0,291;279;0;0 (Acoustic Grand Piano)
70,599;36:2:95;E4;64;54;OFF;0,128;123;0;0 (Acoustic Grand Piano)
70,669;36:2:162;C#2;37;86;OFF;0,081;78;0;0 (Acoustic Grand Piano)
70,726;36:2:217;E3;52;37;OFF;0,151;145;0;0 (Acoustic Grand Piano)
70,739;36:2:229;G#4;68;42;OFF;0,139;133;0;0 (Acoustic Grand Piano)
70,750;36:2:240;C#2;37;95;OFF;0,127;122;0;0 (Acoustic Grand Piano)
70,877;36:2:362;C#2;37;79;OFF;0,001;1;0;0 (Acoustic Grand Piano)
70,877;36:2:362;C#4;61;41;OFF;0,185;178;0;0 (Acoustic Grand Piano)
70,877;36:2:362;G#4;68;49;OFF;0,001;1;0;0 (Acoustic Grand Piano)
70,889;36:2:373;E3;52;54;OFF;0,510;490;0;0 (Acoustic Grand Piano)
70,901;36:2:385;E4;64;48;OFF;0,533;512;0;0 (Acoustic Grand Piano)
71,064;36:3:61;C#4;61;51;OFF;0,489;469;0;0 (Acoustic Grand Piano)
71,064;36:3:61;G#4;68;44;OFF;0,128;123;0;0 (Acoustic Grand Piano)
71,226;36:3:217;G#3;56;61;OFF;0,360;346;0;0 (Acoustic Grand Piano)
71,226;36:3:217;A5;81;49;OFF;0,093;89;0;0 (Acoustic Grand Piano)
71,377;36:3:362;E2;40;38;OFF;0,116;111;0;0 (Acoustic Grand Piano)
71,400;36:3:384;E3;52;56;OFF;0,141;135;0;0 (Acoustic Grand Piano)
71,400;36:3:384;B3;59;48;OFF;0,116;111;0;0 (Acoustic Grand Piano)
71,434;36:3:417;E4;64;58;OFF;0,001;1;0;0 (Acoustic Grand Piano)
71,552;36:4:50;C#3;49;54;OFF;0,510;490;0;0 (Acoustic Grand Piano)
71,552;36:4:50;C#4;61;58;OFF;0,081;78;0;0 (Acoustic Grand Piano)
71,564;36:4:61;E2;40;43;OFF;0,151;145;0;0 (Acoustic Grand Piano)
71,564;36:4:61;E4;64;51;OFF;0,081;78;0;0 (Acoustic Grand Piano)
71,575;36:4:72;C#2;37;51;OFF;0,905;869;0;0 (Acoustic Grand Piano)
71,586;36:4:83;G#3;56;45;OFF;0,001;1;0;0 (Acoustic Grand Piano)
71,586;36:4:83;G#4;68;50;OFF;0,070;67;0;0 (Acoustic Grand Piano)
71,633;36:4:128;C#4;61;46;OFF;0,232;223;0;0 (Acoustic Grand Piano)
71,715;36:4:206;E4;64;37;OFF;0,232;223;0;0 (Acoustic Grand Piano)
71,726;36:4:217;E3;52;52;OFF;0,151;145;0;0 (Acoustic Grand Piano)
71,726;36:4:217;G#3;56;48;OFF;0,360;346;0;0 (Acoustic Grand Piano)
71,877;36:4:362;E3;52;68;OFF;0,244;234;0;0 (Acoustic Grand Piano)
72,063;37:1:60;C#3;49;51;OFF;0,429;412;0;0 (Acoustic Grand Piano)
72,156;37:1:150;C#4;61;38;OFF;0,209;201;0;0 (Acoustic Grand Piano)
72,225;37:1:216;G#3;56;48;OFF;0,232;223;0;0 (Acoustic Grand Piano)
72,319;37:1:306;E4;64;45;OFF;0,093;89;0;0 (Acoustic Grand Piano)
72,539;37:2:37;D2;38;70;OFF;0,081;78;0;0 (Acoustic Grand Piano)
72,551;37:2:49;D4;62;53;OFF;0,140;134;0;0 (Acoustic Grand Piano)
72,620;37:2:115;D2;38;80;OFF;0,104;100;0;0 (Acoustic Grand Piano)
72,714;37:2:205;A3;57;45;OFF;0,395;379;0;0 (Acoustic Grand Piano)
72,714;37:2:205;A4;69;50;OFF;1,034;993;0;0 (Acoustic Grand Piano)
72,725;37:2:216;D2;38;92;OFF;0,185;178;0;0 (Acoustic Grand Piano)
72,795;37:2:283;D4;62;42;OFF;0,081;78;0;0 (Acoustic Grand Piano)
72,910;37:2:394;D2;38;80;OFF;1,418;1361;0;0 (Acoustic Grand Piano)
72,922;37:2:405;A5;81;44;OFF;0,081;78;0;0 (Acoustic Grand Piano)
72,933;37:2:416;E4;64;44;OFF;0,093;89;0;0 (Acoustic Grand Piano)
73,050;37:3:48;D4;62;59;OFF;0,140;134;0;0 (Acoustic Grand Piano)
73,224;37:3:215;E4;64;47;OFF;0,104;100;0;0 (Acoustic Grand Piano)
73,258;37:3:248;D3;50;52;OFF;0,269;258;0;0 (Acoustic Grand Piano)
73,364;37:3:349;A3;57;40;OFF;0,093;89;0;0 (Acoustic Grand Piano)
73,375;37:3:360;D4;62;42;OFF;0,175;168;0;0 (Acoustic Grand Piano)
73,445;37:3:427;A2;45;49;OFF;0,071;68;0;0 (Acoustic Grand Piano)
73,550;37:4:48;D3;50;41;OFF;0,429;412;0;0 (Acoustic Grand Piano)
73,550;37:4:48;A3;57;44;OFF;0,429;412;0;0 (Acoustic Grand Piano)
73,550;37:4:48;D4;62;64;OFF;0,325;312;0;0 (Acoustic Grand Piano)
73,574;37:4:71;F#4;66;49;OFF;0,116;111;0;0 (Acoustic Grand Piano)
73,875;37:4:360;D4;62;61;OFF;0,174;167;0;0 (Acoustic Grand Piano)
73,886;37:4:371;E4;64;42;OFF;0,070;67;0;0 (Acoustic Grand Piano)
74,050;38:1:48;D3;50;42;OFF;0,069;66;0;0 (Acoustic Grand Piano)
74,050;38:1:48;D4;62;49;OFF;0,465;446;0;0 (Acoustic Grand Piano)
74,050;38:1:48;A4;69;42;OFF;0,325;312;0;0 (Acoustic Grand Piano)
74,061;38:1:59;A3;57;40;OFF;0,162;156;0;0 (Acoustic Grand Piano)
74,119;38:1:114;D3;50;48;OFF;0,001;1;0;0 (Acoustic Grand Piano)
74,224;38:1:215;A3;57;56;OFF;0,128;123;0;0 (Acoustic Grand Piano)
74,328;38:1:315;D2;38;55;OFF;0,557;535;0;0 (Acoustic Grand Piano)
74,375;38:1:360;F#4;66;46;OFF;0,081;78;0;0 (Acoustic Grand Piano)
74,525;38:2:24;A1;33;44;OFF;0,116;111;0;0 (Acoustic Grand Piano)
74,583;38:2:80;A2;45;48;OFF;0,372;357;0;0 (Acoustic Grand Piano)
74,607;38:2:103;E4;64;41;OFF;0,197;189;0;0 (Acoustic Grand Piano)
74,607;38:2:103;C#5;73;67;OFF;0,348;334;0;0 (Acoustic Grand Piano)
74,619;38:2:114;C#4;61;63;OFF;0,429;412;0;0 (Acoustic Grand Piano)
74,619;38:2:114;A4;69;43;OFF;0,151;145;0;0 (Acoustic Grand Piano)
74,642;38:2:136;A1;33;70;OFF;0,081;78;0;0 (Acoustic Grand Piano)
74,711;38:2:203;D6;86;36;OFF;0,070;67;0;0 (Acoustic Grand Piano)
74,723;38:2:214;A1;33;82;OFF;0,070;67;0;0 (Acoustic Grand Piano)
74,734;38:2:225;A3;57;55;OFF;0,128;123;0;0 (Acoustic Grand Piano)
74,781;38:2:270;C#6;85;43;OFF;0,151;145;0;0 (Acoustic Grand Piano)
74,793;38:2:281;A1;33;86;OFF;0,768;737;0;0 (Acoustic Grand Piano)
74,944;38:2:426;E4;64;42;OFF;0,267;256;0;0 (Acoustic Grand Piano)
74,955;38:2:437;A2;45;50;OFF;0,429;412;0;0 (Acoustic Grand Piano)
74,955;38:2:437;C#5;73;58;OFF;0,594;570;0;0 (Acoustic Grand Piano)
75,048;38:3:46;C#4;61;70;OFF;0,406;390;0;0 (Acoustic Grand Piano)
75,048;38:3:46;A5;81;39;OFF;0,244;234;0;0 (Acoustic Grand Piano)
75,106;38:3:102;A4;69;49;OFF;0,302;290;0;0 (Acoustic Grand Piano)
75,222;38:3:213;E2;40;45;OFF;0,151;145;0;0 (Acoustic Grand Piano)
75,222;38:3:213;A3;57;50;OFF;0,267;256;0;0 (Acoustic Grand Piano)
75,222;38:3:213;E4;64;63;OFF;0,232;223;0;0 (Acoustic Grand Piano)
75,384;38:3:369;E2;40;58;OFF;0,129;124;0;0 (Acoustic Grand Piano)
75,384;38:3:369;E3;52;38;OFF;0,118;113;0;0 (Acoustic Grand Piano)
75,454;38:3:436;C#4;61;69;OFF;0,106;102;0;0 (Acoustic Grand Piano)
75,454;38:3:436;E4;64;57;OFF;0,118;113;0;0 (Acoustic Grand Piano)
75,549;38:4:47;A5;81;47;OFF;0,104;100;0;0 (Acoustic Grand Piano)
75,560;38:4:58;A1;33;75;OFF;0,151;145;0;0 (Acoustic Grand Piano)
75,560;38:4:58;C#4;61;59;OFF;0,418;401;0;0 (Acoustic Grand Piano)
75,560;38:4:58;A4;69;42;OFF;0,151;145;0;0 (Acoustic Grand Piano)
75,572;38:4:69;A2;45;40;OFF;0,151;145;0;0 (Acoustic Grand Piano)
75,572;38:4:69;E4;64;53;OFF;0,151;145;0;0 (Acoustic Grand Piano)
75,642;38:4:136;E2;40;41;OFF;0,395;379;0;0 (Acoustic Grand Piano)
75,711;38:4:203;A1;33;96;OFF;0,197;189;0;0 (Acoustic Grand Piano)
75,723;38:4:214;A2;45;51;OFF;0,255;245;0;0 (Acoustic Grand Piano)
75,723;38:4:214;A3;57;50;OFF;0,185;178;0;0 (Acoustic Grand Piano)
75,723;38:4:214;E4;64;44;OFF;0,185;178;0;0 (Acoustic Grand Piano)
75,723;38:4:214;C#5;73;39;OFF;0,267;256;0;0 (Acoustic Grand Piano)
75,885;38:4:370;E6;88;51;OFF;0,151;145;0;0 (Acoustic Grand Piano)
75,908;38:4:392;A1;33;71;OFF;0,465;446;0;0 (Acoustic Grand Piano)
75,908;38:4:392;E4;64;54;OFF;0,197;189;0;0 (Acoustic Grand Piano)
76,048;39:1:46;E2;40;44;OFF;0,255;245;0;0 (Acoustic Grand Piano)
76,082;39:1:79;G#3;56;41;OFF;0,151;145;0;0 (Acoustic Grand Piano)
76,082;39:1:79;G#4;68;39;OFF;0,093;89;0;0 (Acoustic Grand Piano)
76,106;39:1:102;G#2;44;51;OFF;0,081;78;0;0 (Acoustic Grand Piano)
76,106;39:1:102;B3;59;42;OFF;0,406;390;0;0 (Acoustic Grand Piano)
76,106;39:1:102;E4;64;58;OFF;0,267;256;0;0 (Acoustic Grand Piano)
76,175;39:1:168;G#4;68;48;OFF;0,140;134;0;0 (Acoustic Grand Piano)
76,188;39:1:180;G#2;44;55;OFF;0,069;66;0;0 (Acoustic Grand Piano)
76,233;39:1:224;G#3;56;63;OFF;0,244;234;0;0 (Acoustic Grand Piano)
76,256;39:1:246;G#2;44;62;OFF;0,001;1;0;0 (Acoustic Grand Piano)
76,373;39:1:358;A1;33;44;OFF;0,291;279;0;0 (Acoustic Grand Piano)
76,373;39:1:358;E3;52;49;OFF;0,116;111;0;0 (Acoustic Grand Piano)
76,373;39:1:358;E4;64;70;OFF;0,185;178;0;0 (Acoustic Grand Piano)
76,384;39:1:369;E2;40;47;OFF;0,128;123;0;0 (Acoustic Grand Piano)
76,477;39:1:458;G#3;56;51;OFF;0,070;67;0;0 (Acoustic Grand Piano)
76,547;39:2:45;A5;81;42;OFF;0,185;178;0;0 (Acoustic Grand Piano)
76,558;39:2:56;A4;69;67;OFF;0,070;67;0;0 (Acoustic Grand Piano)
76,570;39:2:67;F#2;42;42;OFF;0,116;111;0;0 (Acoustic Grand Piano)
76,581;39:2:78;F#4;66;40;OFF;0,070;67;0;0 (Acoustic Grand Piano)
76,605;39:2:101;F#1;30;71;OFF;0,813;780;0;0 (Acoustic Grand Piano)
76,617;39:2:112;E4;64;39;OFF;0,093;89;0;0 (Acoustic Grand Piano)
76,628;39:2:123;A4;69;69;OFF;0,081;78;0;0 (Acoustic Grand Piano)
76,675;39:2:168;F#4;66;41;OFF;0,081;78;0;0 (Acoustic Grand Piano)
76,709;39:2:201;E4;64;43;OFF;0,209;201;0;0 (Acoustic Grand Piano)
76,709;39:2:201;A4;69;65;OFF;0,325;312;0;0 (Acoustic Grand Piano)
76,756;39:2:246;A3;57;58;OFF;0,301;289;0;0 (Acoustic Grand Piano)
76,814;39:2:301;A5;81;32;OFF;0,116;111;0;0 (Acoustic Grand Piano)
76,883;39:2:368;F#2;42;41;OFF;0,418;401;0;0 (Acoustic Grand Piano)
76,883;39:2:368;C#4;61;51;OFF;0,302;290;0;0 (Acoustic Grand Piano)
76,919;39:2:402;E4;64;48;OFF;0,128;123;0;0 (Acoustic Grand Piano)
76,930;39:2:413;A5;81;52;OFF;0,104;100;0;0 (Acoustic Grand Piano)
77,034;39:3:33;A4;69;66;OFF;0,185;178;0;0 (Acoustic Grand Piano)
77,046;39:3:44;D4;62;44;OFF;0,093;89;0;0 (Acoustic Grand Piano)
77,057;39:3:55;A3;57;60;OFF;0,001;1;0;0 (Acoustic Grand Piano)
77,057;39:3:55;F#4;66;46;OFF;0,104;100;0;0 (Acoustic Grand Piano)
77,220;39:3:211;A3;57;45;OFF;0,116;111;0;0 (Acoustic Grand Piano)
77,220;39:3:211;E4;64;56;OFF;0,128;123;0;0 (Acoustic Grand Piano)
77,220;39:3:211;A4;69;62;OFF;0,162;156;0;0 (Acoustic Grand Piano)
77,383;39:3:368;A4;69;67;OFF;0,222;213;0;0 (Acoustic Grand Piano)
77,395;39:3:379;F#3;54;47;OFF;0,082;79;0;0 (Acoustic Grand Piano)
77,477;39:3:458;F#2;42;39;OFF;0,128;123;0;0 (Acoustic Grand Piano)
77,547;39:4:45;F#4;66;36;OFF;0,185;178;0;0 (Acoustic Grand Piano)
77,605;39:4:101;F#2;42;66;OFF;0,429;412;0;0 (Acoustic Grand Piano)
77,605;39:4:101;A3;57;50;OFF;0,626;601;0;0 (Acoustic Grand Piano)
77,605;39:4:101;E4;64;47;OFF;0,104;100;0;0 (Acoustic Grand Piano)
77,605;39:4:101;A4;69;50;OFF;0,487;468;0;0 (Acoustic Grand Piano)
77,617;39:4:112;C#4;61;40;OFF;0,104;100;0;0 (Acoustic Grand Piano)
77,709;39:4:201;E4;64;51;OFF;0,325;312;0;0 (Acoustic Grand Piano)
77,918;39:4:401;A5;81;33;OFF;0,174;167;0;0 (Acoustic Grand Piano)
78,093;40:1:89;F#3;54;39;OFF;0,267;256;0;0 (Acoustic Grand Piano)
78,093;40:1:89;A4;69;53;OFF;0,291;279;0;0 (Acoustic Grand Piano)
78,220;40:1:211;F#2;42;53;OFF;0,302;290;0;0 (Acoustic Grand Piano)
78,231;40:1:222;A3;57;53;OFF;0,001;1;0;0 (Acoustic Grand Piano)
78,382;40:1:367;D4;62;40;OFF;0,093;89;0;0 (Acoustic Grand Piano)
78,556;40:2:54;G#4;68;37;OFF;0,302;290;0;0 (Acoustic Grand Piano)
78,569;40:2:66;C#3;49;44;OFF;0,209;201;0;0 (Acoustic Grand Piano)
78,580;40:2:77;C#2;37;74;OFF;0,104;100;0;0 (Acoustic Grand Piano)
78,580;40:2:77;E4;64;52;OFF;0,128;123;0;0 (Acoustic Grand Piano)
78,684;40:2:177;C#2;37;64;OFF;1,487;1428;0;0 (Acoustic Grand Piano)
78,743;40:2:233;G#3;56;50;OFF;0,140;134;0;0 (Acoustic Grand Piano)
78,824;40:2:311;B3;59;39;OFF;0,081;78;0;0 (Acoustic Grand Piano)
78,858;40:2:344;E4;64;45;OFF;0,162;156;0;0 (Acoustic Grand Piano)
78,858;40:2:344;G#4;68;47;OFF;0,197;189;0;0 (Acoustic Grand Piano)
78,894;40:2:378;C#4;61;43;OFF;0,151;145;0;0 (Acoustic Grand Piano)
79,056;40:3:54;C#4;61;52;OFF;0,431;414;0;0 (Acoustic Grand Piano)
79,056;40:3:54;G#4;68;42;OFF;0,116;111;0;0 (Acoustic Grand Piano)
79,172;40:3:165;G#4;68;40;OFF;0,209;201;0;0 (Acoustic Grand Piano)
79,219;40:3:210;G#3;56;48;OFF;0,384;369;0;0 (Acoustic Grand Piano)
79,219;40:3:210;E4;64;55;OFF;0,396;380;0;0 (Acoustic Grand Piano)
79,219;40:3:210;A5;81;44;OFF;0,104;100;0;0 (Acoustic Grand Piano)
79,381;40:3:366;E3;52;61;OFF;0,141;135;0;0 (Acoustic Grand Piano)
79,381;40:3:366;B3;59;46;OFF;0,129;124;0;0 (Acoustic Grand Piano)
79,463;40:3:444;G#2;44;39;OFF;0,059;57;0;0 (Acoustic Grand Piano)
79,545;40:4:43;C#3;49;53;OFF;0,510;490;0;0 (Acoustic Grand Piano)
79,545;40:4:43;G#4;68;44;OFF;0,070;67;0;0 (Acoustic Grand Piano)
79,568;40:4:65;B3;59;36;OFF;0,128;123;0;0 (Acoustic Grand Piano)
79,580;40:4:77;E2;40;39;OFF;0,185;178;0;0 (Acoustic Grand Piano)
79,615;40:4:110;G#3;56;52;OFF;0,348;334;0;0 (Acoustic Grand Piano)
79,661;40:4:155;C#4;61;39;OFF;0,081;78;0;0 (Acoustic Grand Piano)
79,707;40:4:199;E4;64;44;OFF;0,314;301;0;0 (Acoustic Grand Piano)
79,719;40:4:210;E3;52;57;OFF;0,429;412;0;0 (Acoustic Grand Piano)
79,835;40:4:322;G#4;68;48;OFF;0,104;100;0;0 (Acoustic Grand Piano)
80,044;41:1:42;G#4;68;40;OFF;0,081;78;0;0 (Acoustic Grand Piano)
80,055;41:1:53;C#3;49;62;OFF;0,070;67;0;0 (Acoustic Grand Piano)
80,125;41:1:120;C#3;49;79;OFF;0,081;78;0;0 (Acoustic Grand Piano)
80,206;41:1:198;C#3;49;70;OFF;0,314;301;0;0 (Acoustic Grand Piano)
80,219;41:1:210;G#3;56;40;OFF;0,104;100;0;0 (Acoustic Grand Piano)
80,555;41:2:53;D2;38;79;OFF;0,185;178;0;0 (Acoustic Grand Piano)
80,555;41:2:53;A5;81;36;OFF;0,163;156;0;0 (Acoustic Grand Piano)
80,567;41:2:64;D3;50;45;OFF;0,174;167;0;0 (Acoustic Grand Piano)
80,578;41:2:75;D4;62;40;OFF;0,070;67;0;0 (Acoustic Grand Piano)
80,612;41:2:108;A4;69;58;OFF;0,104;100;0;0 (Acoustic Grand Piano)
80,718;41:2:209;A4;69;61;OFF;0,661;635;0;0 (Acoustic Grand Piano)
80,741;41:2:231;D2;38;89;OFF;0,163;156;0;0 (Acoustic Grand Piano)
80,822;41:2:309;A3;57;41;OFF;0,232;223;0;0 (Acoustic Grand Piano)
80,822;41:2:309;D4;62;53;OFF;0,232;223;0;0 (Acoustic Grand Piano)
80,903;41:2:387;D2;38;69;OFF;2,079;1996;0;0 (Acoustic Grand Piano)
80,939;41:2:421;A5;81;43;OFF;0,070;67;0;0 (Acoustic Grand Piano)
81,054;41:3:52;D4;62;48;OFF;0,336;323;0;0 (Acoustic Grand Piano)
81,217;41:3:208;A3;57;40;OFF;0,292;280;0;0 (Acoustic Grand Piano)
81,217;41:3:208;E4;64;49;OFF;0,104;100;0;0 (Acoustic Grand Piano)
81,251;41:3:241;D3;50;51;OFF;0,292;280;0;0 (Acoustic Grand Piano)
81,379;41:3:364;A4;69;53;OFF;0,188;180;0;0 (Acoustic Grand Piano)
81,391;41:3:375;D4;62;55;OFF;0,152;146;0;0 (Acoustic Grand Piano)
81,391;41:3:375;D5;74;43;OFF;0,071;68;0;0 (Acoustic Grand Piano)
81,543;41:4:41;D4;62;45;OFF;0,278;267;0;0 (Acoustic Grand Piano)
81,554;41:4:52;D3;50;40;OFF;0,104;100;0;0 (Acoustic Grand Piano)
81,554;41:4:52;A3;57;61;OFF;0,499;479;0;0 (Acoustic Grand Piano)
81,567;41:4:64;F#4;66;38;OFF;0,070;67;0;0 (Acoustic Grand Piano)
81,567;41:4:64;A4;69;55;OFF;0,140;134;0;0 (Acoustic Grand Piano)
81,822;41:4:309;D4;62;60;OFF;0,232;223;0;0 (Acoustic Grand Piano)
82,054;42:1:52;A3;57;61;OFF;0,163;156;0;0 (Acoustic Grand Piano)
82,054;42:1:52;D4;62;59;OFF;0,116;111;0;0 (Acoustic Grand Piano)
82,111;42:1:107;D3;50;52;OFF;0,499;479;0;0 (Acoustic Grand Piano)
82,217;42:1:208;A3;57;51;OFF;0,267;256;0;0 (Acoustic Grand Piano)
82,217;42:1:208;F#4;66;42;OFF;0,127;122;0;0 (Acoustic Grand Piano)
82,344;42:1:330;F#4;66;45;OFF;0,001;1;0;0 (Acoustic Grand Piano)
82,438;42:1:420;D6;86;47;OFF;0,070;67;0;0 (Acoustic Grand Piano)
82,542;42:2:40;E3;52;41;OFF;0,314;301;0;0 (Acoustic Grand Piano)
82,553;42:2:51;E2;40;53;OFF;0,081;78;0;0 (Acoustic Grand Piano)
82,553;42:2:51;D4;62;63;OFF;0,255;245;0;0 (Acoustic Grand Piano)
82,553;42:2:51;A4;69;51;OFF;0,174;167;0;0 (Acoustic Grand Piano)
82,634;42:2:129;E2;40;68;OFF;0,128;123;0;0 (Acoustic Grand Piano)
82,727;42:2:218;B3;59;50;OFF;0,325;312;0;0 (Acoustic Grand Piano)
82,763;42:2:252;E2;40;70;OFF;0,151;145;0;0 (Acoustic Grand Piano)
82,763;42:2:252;F#4;66;49;OFF;0,314;301;0;0 (Acoustic Grand Piano)
82,901;42:2:385;D4;62;56;OFF;0,151;145;0;0 (Acoustic Grand Piano)
82,914;42:2:397;E2;40;70;OFF;0,732;703;0;0 (Acoustic Grand Piano)
82,982;42:2:463;A3;57;39;OFF;0,128;123;0;0 (Acoustic Grand Piano)
82,982;42:2:463;A4;69;40;OFF;0,070;67;0;0 (Acoustic Grand Piano)
83,052;42:3:50;B3;59;69;OFF;0,336;323;0;0 (Acoustic Grand Piano)
83,052;42:3:50;D4;62;55;OFF;0,336;323;0;0 (Acoustic Grand Piano)
83,052;42:3:50;A4;69;49;OFF;0,163;156;0;0 (Acoustic Grand Piano)
83,215;42:3:206;A3;57;35;OFF;0,093;89;0;0 (Acoustic Grand Piano)
83,307;42:3:295;A3;57;50;OFF;0,141;135;0;0 (Acoustic Grand Piano)
83,389;42:3:373;B3;59;76;OFF;0,152;146;0;0 (Acoustic Grand Piano)
83,389;42:3:373;D4;62;52;OFF;0,118;113;0;0 (Acoustic Grand Piano)
83,412;42:3:396;E4;64;37;OFF;0,059;57;0;0 (Acoustic Grand Piano)
83,542;42:4:40;E3;52;45;OFF;0,510;490;0;0 (Acoustic Grand Piano)
83,542;42:4:40;B3;59;50;OFF;0,128;123;0;0 (Acoustic Grand Piano)
83,542;42:4:40;E4;64;47;OFF;0,174;167;0;0 (Acoustic Grand Piano)
83,553;42:4:51;F#4;66;49;OFF;0,140;134;0;0 (Acoustic Grand Piano)
83,553;42:4:51;A4;69;57;OFF;0,174;167;0;0 (Acoustic Grand Piano)
83,565;42:4:62;D4;62;48;OFF;0,140;134;0;0 (Acoustic Grand Piano)
83,646;42:4:140;E2;40;62;OFF;1,474;1415;0;0 (Acoustic Grand Piano)
83,704;42:4:196;D4;62;53;OFF;0,510;490;0;0 (Acoustic Grand Piano)
83,808;42:4:296;B3;59;46;OFF;0,070;67;0;0 (Acoustic Grand Piano)
83,878;42:4:363;A4;69;48;OFF;0,104;100;0;0 (Acoustic Grand Piano)
83,878;42:4:363;A5;81;46;OFF;0,174;167;0;0 (Acoustic Grand Piano)
83,890;42:4:374;B3;59;44;OFF;0,336;323;0;0 (Acoustic Grand Piano)
84,052;43:1:50;E3;52;52;OFF;0,406;390;0;0 (Acoustic Grand Piano)
84,099;43:1:95;E4;64;53;OFF;0,174;167;0;0 (Acoustic Grand Piano)
84,226;43:1:217;B3;59;43;OFF;0,221;212;0;0 (Acoustic Grand Piano)
84,226;43:1:217;B4;71;43;OFF;0,278;267;0;0 (Acoustic Grand Piano)
84,273;43:1:262;E4;64;59;OFF;0,104;100;0;0 (Acoustic Grand Piano)
84,377;43:1:362;E4;64;61;OFF;0,140;134;0;0 (Acoustic Grand Piano)
84,551;43:2:49;A3;57;55;OFF;0,232;223;0;0 (Acoustic Grand Piano)
84,551;43:2:49;A4;69;39;OFF;0,348;334;0;0 (Acoustic Grand Piano)
84,551;43:2:49;C#5;73;53;OFF;0,291;279;0;0 (Acoustic Grand Piano)
84,551;43:2:49;C#6;85;52;OFF;0,209;201;0;0 (Acoustic Grand Piano)
84,563;43:2:60;A1;33;78;OFF;0,104;100;0;0 (Acoustic Grand Piano)
84,563;43:2:60;A2;45;59;OFF;0,093;89;0;0 (Acoustic Grand Piano)
84,656;43:2:150;A2;45;65;OFF;0,244;234;0;0 (Acoustic Grand Piano)
84,668;43:2:161;A1;33;91;OFF;0,104;100;0;0 (Acoustic Grand Piano)
84,702;43:2:194;C#4;61;40;OFF;0,093;89;0;0 (Acoustic Grand Piano)
84,772;43:2:261;A1;33;90;OFF;0,779;748;0;0 (Acoustic Grand Piano)
84,876;43:2:361;D5;74;54;OFF;0,209;201;0;0 (Acoustic Grand Piano)
84,876;43:2:361;D6;86;49;OFF;0,128;123;0;0 (Acoustic Grand Piano)
84,900;43:2:384;A2;45;46;OFF;0,651;625;0;0 (Acoustic Grand Piano)
84,900;43:2:384;E3;52;43;OFF;0,197;189;0;0 (Acoustic Grand Piano)
84,900;43:2:384;A4;69;51;OFF;0,208;200;0;0 (Acoustic Grand Piano)
85,039;43:3:37;E4;64;37;OFF;0,174;167;0;0 (Acoustic Grand Piano)
85,063;43:3:60;C#4;61;51;OFF;0,443;425;0;0 (Acoustic Grand Piano)
85,085;43:3:82;C#5;73;45;OFF;0,070;67;0;0 (Acoustic Grand Piano)
85,108;43:3:104;A4;69;63;OFF;0,001;1;0;0 (Acoustic Grand Piano)
85,214;43:3:205;E6;88;39;OFF;0,197;189;0;0 (Acoustic Grand Piano)
85,225;43:3:216;E4;64;60;OFF;0,185;178;0;0 (Acoustic Grand Piano)
85,399;43:3:383;E3;52;57;OFF;0,164;157;0;0 (Acoustic Grand Piano)
85,551;43:4:49;A1;33;69;OFF;0,986;947;0;0 (Acoustic Grand Piano)
85,551;43:4:49;A2;45;56;OFF;1,056;1014;0;0 (Acoustic Grand Piano)
85,551;43:4:49;A3;57;67;OFF;0,163;156;0;0 (Acoustic Grand Piano)
85,551;43:4:49;E4;64;44;OFF;0,232;223;0;0 (Acoustic Grand Piano)
85,551;43:4:49;E6;88;42;OFF;0,070;67;0;0 (Acoustic Grand Piano)
85,563;43:4:60;C#4;61;39;OFF;0,232;223;0;0 (Acoustic Grand Piano)
85,563;43:4:60;A4;69;53;OFF;0,278;267;0;0 (Acoustic Grand Piano)
85,714;43:4:205;A3;57;53;OFF;0,197;189;0;0 (Acoustic Grand Piano)
85,876;43:4:361;D5;74;58;OFF;0,232;223;0;0 (Acoustic Grand Piano)
85,876;43:4:361;D6;86;51;OFF;0,151;145;0;0 (Acoustic Grand Piano)
85,888;43:4:372;E3;52;61;OFF;0,291;279;0;0 (Acoustic Grand Piano)
85,888;43:4:372;E4;64;37;OFF;0,336;323;0;0 (Acoustic Grand Piano)
85,957;43:4:439;C#4;61;44;OFF;0,070;67;0;0 (Acoustic Grand Piano)
86,050;44:1:48;A3;57;48;OFF;0,163;156;0;0 (Acoustic Grand Piano)
86,108;44:1:104;A4;69;54;OFF;0,383;368;0;0 (Acoustic Grand Piano)
86,213;44:1:204;A3;57;49;OFF;0,336;323;0;0 (Acoustic Grand Piano)
86,213;44:1:204;C#4;61;46;OFF;0,174;167;0;0 (Acoustic Grand Piano)
86,213;44:1:204;C#5;73;46;OFF;0,093;89;0;0 (Acoustic Grand Piano)
86,213;44:1:204;C#6;85;44;OFF;0,185;178;0;0 (Acoustic Grand Piano)
86,224;44:1:215;E4;64;53;OFF;0,442;424;0;0 (Acoustic Grand Piano)
86,375;44:1:360;E3;52;47;OFF;0,116;111;0;0 (Acoustic Grand Piano)
86,388;44:1:372;C#4;61;51;OFF;0,325;312;0;0 (Acoustic Grand Piano)
86,537;44:2:36;A1;33;55;OFF;0,070;67;0;0 (Acoustic Grand Piano)
86,550;44:2:48;A3;57;58;OFF;1,046;1004;0;0 (Acoustic Grand Piano)
86,550;44:2:48;A4;69;54;OFF;0,069;66;0;0 (Acoustic Grand Piano)
86,550;44:2:48;A5;81;49;OFF;0,232;223;0;0 (Acoustic Grand Piano)
86,607;44:2:103;A1;33;77;OFF;0,081;78;0;0 (Acoustic Grand Piano)
86,607;44:2:103;A2;45;48;OFF;0,942;904;0;0 (Acoustic Grand Piano)
86,619;44:2:114;A4;69;83;OFF;0,001;1;0;0 (Acoustic Grand Piano)
86,689;44:2:181;A1;33;94;OFF;0,872;837;0;0 (Acoustic Grand Piano)
86,851;44:2:337;C#4;61;47;OFF;0,372;357;0;0 (Acoustic Grand Piano)
86,875;44:2:360;E3;52;44;OFF;0,325;312;0;0 (Acoustic Grand Piano)
86,886;44:2:371;E4;64;45;OFF;0,197;189;0;0 (Acoustic Grand Piano)
86,909;44:2:393;A4;69;76;OFF;0,140;134;0;0 (Acoustic Grand Piano)
87,049;44:3:47;A4;69;73;OFF;0,208;200;0;0 (Acoustic Grand Piano)
87,072;44:3:69;A5;81;43;OFF;0,093;89;0;0 (Acoustic Grand Piano)
87,234;44:3:225;C#4;61;42;OFF;0,151;145;0;0 (Acoustic Grand Piano)
87,246;44:3:236;E4;64;50;OFF;0,245;235;0;0 (Acoustic Grand Piano)
87,257;44:3:247;A4;69;77;OFF;0,001;1;0;0 (Acoustic Grand Piano)
87,385;44:3:370;E3;52;54;OFF;0,106;102;0;0 (Acoustic Grand Piano)
87,385;44:3:370;C#4;61;60;OFF;0,175;168;0;0 (Acoustic Grand Piano)
87,397;44:3:381;A4;69;62;OFF;0,210;202;0;0 (Acoustic Grand Piano)
87,549;44:4:47;A2;45;75;OFF;0,348;334;0;0 (Acoustic Grand Piano)
87,549;44:4:47;E4;64;42;OFF;0,209;201;0;0 (Acoustic Grand Piano)
87,560;44:4:58;A1;33;69;OFF;0,720;691;0;0 (Acoustic Grand Piano)
87,560;44:4:58;C#4;61;53;OFF;0,232;223;0;0 (Acoustic Grand Piano)
87,596;44:4:92;A3;57;68;OFF;0,291;279;0;0 (Acoustic Grand Piano)
87,607;44:4:103;A4;69;56;OFF;0,255;245;0;0 (Acoustic Grand Piano)
87,886;44:4:371;E3;52;38;OFF;0,128;123;0;0 (Acoustic Grand Piano)
87,886;44:4:371;A3;57;61;OFF;0,208;200;0;0 (Acoustic Grand Piano)
87,886;44:4:371;C#4;61;40;OFF;0,174;167;0;0 (Acoustic Grand Piano)
87,898;44:4:382;A2;45;65;OFF;0,220;211;0;0 (Acoustic Grand Piano)
87,909;44:4:393;A4;69;42;OFF;0,185;178;0;0 (Acoustic Grand Piano)
88,060;45:1:58;C#4;61;51;OFF;0,093;89;0;0 (Acoustic Grand Piano)
88,095;45:1:91;A3;57;66;OFF;0,001;1;0;0 (Acoustic Grand Piano)
88,095;45:1:91;A4;69;58;OFF;0,232;223;0;0 (Acoustic Grand Piano)
88,118;45:1:113;A2;45;57;OFF;0,001;1;0;0 (Acoustic Grand Piano)
88,211;45:1:203;F#4;66;62;OFF;0,314;301;0;0 (Acoustic Grand Piano)
88,211;45:1:203;F#5;78;52;OFF;0,209;201;0;0 (Acoustic Grand Piano)
88,223;45:1:214;E4;64;50;OFF;0,116;111;0;0 (Acoustic Grand Piano)
88,234;45:1:225;E2;40;56;OFF;0,070;67;0;0 (Acoustic Grand Piano)
88,316;45:1:303;E2;40;61;OFF;0,140;134;0;0 (Acoustic Grand Piano)
88,327;45:1:314;A4;69;53;OFF;0,140;134;0;0 (Acoustic Grand Piano)
88,339;45:1:325;E4;64;45;OFF;0,070;67;0;0 (Acoustic Grand Piano)
88,548;45:2:46;G4;67;43;OFF;0,151;145;0;0 (Acoustic Grand Piano)
88,559;45:2:57;A3;57;54;OFF;0,128;123;0;0 (Acoustic Grand Piano)
88,559;45:2:57;E4;64;50;OFF;0,116;111;0;0 (Acoustic Grand Piano)
88,618;45:2:113;G1;31;75;OFF;1,569;1506;0;0 (Acoustic Grand Piano)
88,641;45:2:135;A2;45;61;OFF;0,267;256;0;0 (Acoustic Grand Piano)
88,907;45:2:391;E4;64;53;OFF;0,162;156;0;0 (Acoustic Grand Piano)
89,024;45:3:23;C#4;61;52;OFF;0,197;189;0;0 (Acoustic Grand Piano)
89,058;45:3:56;A4;69;47;OFF;0,162;156;0;0 (Acoustic Grand Piano)
89,221;45:3:212;F#4;66;56;OFF;0,930;893;0;0 (Acoustic Grand Piano)
89,221;45:3:212;A4;69;44;OFF;0,188;180;0;0 (Acoustic Grand Piano)
89,221;45:3:212;F#5;78;51;OFF;0,256;246;0;0 (Acoustic Grand Piano)
89,232;45:3:223;C#4;61;43;OFF;0,326;313;0;0 (Acoustic Grand Piano)
89,232;45:3:223;E4;64;48;OFF;0,315;302;0;0 (Acoustic Grand Piano)
89,360;45:3:346;D2;38;42;OFF;0,118;113;0;0 (Acoustic Grand Piano)
89,548;45:4:46;G3;55;40;OFF;0,453;435;0;0 (Acoustic Grand Piano)
89,548;45:4:46;E4;64;65;OFF;0,325;312;0;0 (Acoustic Grand Piano)
89,559;45:4:57;C#4;61;49;OFF;0,487;468;0;0 (Acoustic Grand Piano)
89,873;45:4:358;E4;64;48;OFF;0,348;334;0;0 (Acoustic Grand Piano)
89,966;45:4:447;A2;45;41;OFF;0,151;145;0;0 (Acoustic Grand Piano)
90,047;46:1:45;C#4;61;50;OFF;0,151;145;0;0 (Acoustic Grand Piano)
90,047;46:1:45;A4;69;48;OFF;0,174;167;0;0 (Acoustic Grand Piano)
90,221;46:1:212;A3;57;54;OFF;0,348;334;0;0 (Acoustic Grand Piano)
90,221;46:1:212;E4;64;57;OFF;0,267;256;0;0 (Acoustic Grand Piano)
90,221;46:1:212;A4;69;57;OFF;0,291;279;0;0 (Acoustic Grand Piano)
90,221;46:1:212;A5;81;47;OFF;0,128;123;0;0 (Acoustic Grand Piano)
90,360;46:1:346;C#4;61;54;OFF;0,185;178;0;0 (Acoustic Grand Piano)
90,546;46:2:44;G1;31;58;OFF;0,116;111;0;0 (Acoustic Grand Piano)
90,546;46:2:44;C#6;85;54;OFF;0,232;223;0;0 (Acoustic Grand Piano)
90,557;46:2:55;C#4;61;48;OFF;0,989;949;0;0 (Acoustic Grand Piano)
90,557;46:2:55;C#5;73;50;OFF;0,070;67;0;0 (Acoustic Grand Piano)
90,569;46:2:66;A3;57;65;OFF;0,151;145;0;0 (Acoustic Grand Piano)
90,581;46:2:78;E5;76;33;OFF;0,151;145;0;0 (Acoustic Grand Piano)
90,604;46:2:100;A2;45;49;OFF;0,116;111;0;0 (Acoustic Grand Piano)
90,627;46:2:122;C#5;73;51;OFF;0,302;290;0;0 (Acoustic Grand Piano)
90,674;46:2:167;G1;31;75;OFF;1,406;1350;0;0 (Acoustic Grand Piano)
90,720;46:2:211;A3;57;52;OFF;0,116;111;0;0 (Acoustic Grand Piano)
90,731;46:2:222;A2;45;61;OFF;0,453;435;0;0 (Acoustic Grand Piano)
90,894;46:2:378;E4;64;42;OFF;0,104;100;0;0 (Acoustic Grand Piano)
91,057;46:3:55;A4;69;41;OFF;0,081;78;0;0 (Acoustic Grand Piano)
91,139;46:3:133;A4;69;38;OFF;0,081;78;0;0 (Acoustic Grand Piano)
91,220;46:3:211;A3;57;47;OFF;0,443;425;0;0 (Acoustic Grand Piano)
91,220;46:3:211;A4;69;48;OFF;0,175;168;0;0 (Acoustic Grand Piano)
91,220;46:3:211;A5;81;54;OFF;0,280;269;0;0 (Acoustic Grand Piano)
91,231;46:3:222;E4;64;59;OFF;0,326;313;0;0 (Acoustic Grand Piano)
91,395;46:3:379;E5;76;40;OFF;0,070;67;0;0 (Acoustic Grand Piano)
91,546;46:4:44;C#4;61;50;OFF;0,302;290;0;0 (Acoustic Grand Piano)
91,557;46:4:55;E4;64;53;OFF;0,255;245;0;0 (Acoustic Grand Piano)
91,569;46:4:66;G3;55;51;OFF;0,197;189;0;0 (Acoustic Grand Piano)
91,720;46:4:211;G2;43;43;OFF;0,429;412;0;0 (Acoustic Grand Piano)
91,720;46:4:211;A2;45;58;OFF;0,151;145;0;0 (Acoustic Grand Piano)
91,743;46:4:233;C#5;73;35;OFF;0,140;134;0;0 (Acoustic Grand Piano)
91,882;46:4:367;C#5;73;50;OFF;0,104;100;0;0 (Acoustic Grand Piano)
91,882;46:4:367;C#6;85;48;OFF;0,291;279;0;0 (Acoustic Grand Piano)
91,929;46:4:412;A3;57;39;OFF;0,116;111;0;0 (Acoustic Grand Piano)
92,010;47:1:10;C#4;61;41;OFF;0,128;123;0;0 (Acoustic Grand Piano)
92,056;47:1:54;A3;57;49;OFF;0,244;234;0;0 (Acoustic Grand Piano)
92,056;47:1:54;A4;69;29;OFF;0,093;89;0;0 (Acoustic Grand Piano)
92,219;47:1:210;G3;55;49;OFF;0,104;100;0;0 (Acoustic Grand Piano)
92,219;47:1:210;D5;74;45;OFF;0,116;111;0;0 (Acoustic Grand Piano)
92,230;47:1:221;E4;64;47;OFF;0,151;145;0;0 (Acoustic Grand Piano)
92,243;47:1:233;E2;40;66;OFF;0,209;201;0;0 (Acoustic Grand Piano)
92,324;47:1:311;G3;55;47;OFF;0,093;89;0;0 (Acoustic Grand Piano)
92,428;47:1:411;C#5;73;36;OFF;0,104;100;0;0 (Acoustic Grand Piano)
92,544;47:2:42;F#4;66;57;OFF;0,128;123;0;0 (Acoustic Grand Piano)
92,544;47:2:42;C#5;73;44;OFF;0,162;156;0;0 (Acoustic Grand Piano)
92,556;47:2:54;A3;57;57;OFF;0,278;267;0;0 (Acoustic Grand Piano)
92,579;47:2:76;D4;62;65;OFF;0,465;446;0;0 (Acoustic Grand Piano)
92,614;47:2:109;F#1;30;86;OFF;0,860;826;0;0 (Acoustic Grand Piano)
92,672;47:2:165;F#4;66;58;OFF;0,116;111;0;0 (Acoustic Grand Piano)
92,706;47:2:198;C#5;73;46;OFF;0,104;100;0;0 (Acoustic Grand Piano)
92,719;47:2:210;F#2;42;51;OFF;0,140;134;0;0 (Acoustic Grand Piano)
92,881;47:2:366;A3;57;47;OFF;0,336;323;0;0 (Acoustic Grand Piano)
92,904;47:2:388;F#4;66;45;OFF;0,151;145;0;0 (Acoustic Grand Piano)
93,044;47:3:42;A4;69;41;OFF;0,093;89;0;0 (Acoustic Grand Piano)
93,055;47:3:53;D4;62;67;OFF;0,185;178;0;0 (Acoustic Grand Piano)
93,055;47:3:53;F#4;66;46;OFF;0,208;200;0;0 (Acoustic Grand Piano)
93,218;47:3:209;A3;57;59;OFF;0,210;202;0;0 (Acoustic Grand Piano)
93,241;47:3:231;D4;62;74;OFF;0,129;124;0;0 (Acoustic Grand Piano)
93,264;47:3:253;F#4;66;51;OFF;0,001;1;0;0 (Acoustic Grand Piano)
93,370;47:3:355;D4;62;60;OFF;0,325;312;0;0 (Acoustic Grand Piano)
93,544;47:4:42;A3;57;45;OFF;0,685;658;0;0 (Acoustic Grand Piano)
93,544;47:4:42;E4;64;64;OFF;0,278;267;0;0 (Acoustic Grand Piano)
93,555;47:4:53;F#2;42;54;OFF;0,569;546;0;0 (Acoustic Grand Piano)
93,555;47:4:53;F#3;54;47;OFF;0,569;546;0;0 (Acoustic Grand Piano)
93,555;47:4:53;F#4;66;42;OFF;0,673;646;0;0 (Acoustic Grand Piano)
93,683;47:4:176;F#1;30;63;OFF;0,510;490;0;0 (Acoustic Grand Piano)
93,695;47:4:187;D4;62;78;OFF;0,185;178;0;0 (Acoustic Grand Piano)
93,880;47:4:365;D4;62;88;OFF;0,163;156;0;0 (Acoustic Grand Piano)
93,880;47:4:365;D5;74;46;OFF;0,140;134;0;0 (Acoustic Grand Piano)
94,043;48:1:41;D4;62;73;OFF;0,197;189;0;0 (Acoustic Grand Piano)
94,055;48:1:53;F#5;78;51;OFF;0,081;78;0;0 (Acoustic Grand Piano)
94,101;48:1:97;A4;69;50;OFF;0,070;67;0;0 (Acoustic Grand Piano)
94,229;48:1:220;A3;57;56;OFF;0,325;312;0;0 (Acoustic Grand Piano)
94,229;48:1:220;F#4;66;46;OFF;0,209;201;0;0 (Acoustic Grand Piano)
94,241;48:1:231;D4;62;57;OFF;0,372;357;0;0 (Acoustic Grand Piano)
94,275;48:1:264;F#2;42;51;OFF;0,140;134;0;0 (Acoustic Grand Piano)
94,554;48:2:52;A3;57;62;OFF;0,673;646;0;0 (Acoustic Grand Piano)
94,554;48:2:52;A4;69;39;OFF;0,081;78;0;0 (Acoustic Grand Piano)
94,577;48:2:74;F#1;30;70;OFF;1,708;1640;0;0 (Acoustic Grand Piano)
94,600;48:2:96;D2;38;43;OFF;0,070;67;0;0 (Acoustic Grand Piano)
94,612;48:2:108;D4;62;74;OFF;0,116;111;0;0 (Acoustic Grand Piano)
94,635;48:2:130;A4;69;51;OFF;0,592;568;0;0 (Acoustic Grand Piano)
94,728;48:2:219;D4;62;66;OFF;0,325;312;0;0 (Acoustic Grand Piano)
94,891;48:2:375;F#4;66;43;OFF;0,162;156;0;0 (Acoustic Grand Piano)
95,053;48:3:51;D4;62;69;OFF;0,174;167;0;0 (Acoustic Grand Piano)
95,053;48:3:51;F#4;66;54;OFF;0,104;100;0;0 (Acoustic Grand Piano)
95,227;48:3:218;A3;57;78;OFF;0,361;347;0;0 (Acoustic Grand Piano)
95,227;48:3:218;D4;62;71;OFF;0,164;157;0;0 (Acoustic Grand Piano)
95,227;48:3:218;E4;64;35;OFF;0,104;100;0;0 (Acoustic Grand Piano)
95,227;48:3:218;A4;69;56;OFF;0,175;168;0;0 (Acoustic Grand Piano)
95,227;48:3:218;D5;74;44;OFF;0,141;135;0;0 (Acoustic Grand Piano)
95,392;48:3:376;D4;62;86;OFF;0,162;156;0;0 (Acoustic Grand Piano)
95,554;48:4:52;D4;62;72;OFF;0,163;156;0;0 (Acoustic Grand Piano)
95,577;48:4:74;F#3;54;42;OFF;0,476;457;0;0 (Acoustic Grand Piano)
95,577;48:4:74;A4;69;46;OFF;0,302;290;0;0 (Acoustic Grand Piano)
95,589;48:4:85;A3;57;62;OFF;0,128;123;0;0 (Acoustic Grand Piano)
95,635;48:4:130;D5;74;32;OFF;0,197;189;0;0 (Acoustic Grand Piano)
95,717;48:4:208;A3;57;68;OFF;0,162;156;0;0 (Acoustic Grand Piano)
95,717;48:4:208;D4;62;71;OFF;0,174;167;0;0 (Acoustic Grand Piano)
95,879;48:4:364;A3;57;59;OFF;0,185;178;0;0 (Acoustic Grand Piano)
95,879;48:4:364;A4;69;83;OFF;0,220;211;0;0 (Acoustic Grand Piano)
95,879;48:4:364;A5;81;40;OFF;0,163;156;0;0 (Acoustic Grand Piano)
95,891;48:4:375;D4;62;62;OFF;0,162;156;0;0 (Acoustic Grand Piano)
96,053;49:1:51;F#3;54;54;OFF;0,116;111;0;0 (Acoustic Grand Piano)
96,053;49:1:51;D4;62;57;OFF;0,359;345;0;0 (Acoustic Grand Piano)
96,053;49:1:51;F#4;66;43;OFF;0,383;368;0;0 (Acoustic Grand Piano)
96,099;49:1:95;A4;69;66;OFF;0,001;1;0;0 (Acoustic Grand Piano)
96,169;49:1:162;F#2;42;42;OFF;0,070;67;0;0 (Acoustic Grand Piano)
96,216;49:1:207;E4;64;39;OFF;0,140;134;0;0 (Acoustic Grand Piano)
96,216;49:1:207;B4;71;44;OFF;0,267;256;0;0 (Acoustic Grand Piano)
96,274;49:1:263;A3;57;52;OFF;0,232;223;0;0 (Acoustic Grand Piano)
96,285;49:1:274;A4;69;50;OFF;0,325;312;0;0 (Acoustic Grand Piano)
96,297;49:1:285;F#1;30;57;OFF;0,185;178;0;0 (Acoustic Grand Piano)
96,412;49:1:396;D4;62;61;OFF;0,001;1;0;0 (Acoustic Grand Piano)
96,541;49:2:39;F4;65;34;OFF;0,081;78;0;0 (Acoustic Grand Piano)
96,552;49:2:50;C4;60;48;OFF;0,302;290;0;0 (Acoustic Grand Piano)
96,552;49:2:50;C5;72;38;OFF;0,093;89;0;0 (Acoustic Grand Piano)
96,564;49:2:61;F1;29;50;OFF;0,116;111;0;0 (Acoustic Grand Piano)
96,564;49:2:61;F3;53;49;OFF;0,336;323;0;0 (Acoustic Grand Piano)
96,610;49:2:106;F2;41;58;OFF;0,768;737;0;0 (Acoustic Grand Piano)
96,610;49:2:106;A4;69;49;OFF;0,081;78;0;0 (Acoustic Grand Piano)
96,622;49:2:117;F4;65;49;OFF;0,116;111;0;0 (Acoustic Grand Piano)
96,692;49:2:184;F1;29;72;OFF;1,221;1172;0;0 (Acoustic Grand Piano)
96,692;49:2:184;A3;57;47;OFF;0,163;156;0;0 (Acoustic Grand Piano)
96,773;49:2:262;C5;72;43;OFF;0,104;100;0;0 (Acoustic Grand Piano)
96,889;49:2:373;B4;71;49;OFF;0,244;234;0;0 (Acoustic Grand Piano)
96,900;49:2:384;F3;53;46;OFF;0,477;458;0;0 (Acoustic Grand Piano)
96,912;49:2:396;A4;69;52;OFF;0,231;222;0;0 (Acoustic Grand Piano)
97,063;49:3:60;C4;60;40;OFF;0,244;234;0;0 (Acoustic Grand Piano)
97,063;49:3:60;F5;77;46;OFF;0,070;67;0;0 (Acoustic Grand Piano)
97,144;49:3:138;A4;69;64;OFF;0,001;1;0;0 (Acoustic Grand Piano)
97,214;49:3:205;A5;81;41;OFF;0,245;235;0;0 (Acoustic Grand Piano)
97,226;49:3:217;A3;57;37;OFF;0,129;124;0;0 (Acoustic Grand Piano)
97,226;49:3:217;A4;69;57;OFF;0,140;134;0;0 (Acoustic Grand Piano)
97,226;49:3:217;C5;72;32;OFF;0,069;66;0;0 (Acoustic Grand Piano)
97,295;49:3:283;C5;72;50;OFF;0,001;1;0;0 (Acoustic Grand Piano)
97,307;49:3:295;C4;60;45;OFF;0,233;224;0;0 (Acoustic Grand Piano)
97,366;49:3:351;A4;69;66;OFF;0,001;1;0;0 (Acoustic Grand Piano)
97,378;49:3:363;F2;41;52;OFF;0,185;178;0;0 (Acoustic Grand Piano)
97,378;49:3:363;F3;53;50;OFF;0,174;167;0;0 (Acoustic Grand Piano)
97,378;49:3:363;F4;65;45;OFF;0,104;100;0;0 (Acoustic Grand Piano)
97,378;49:3:363;C5;72;45;OFF;0,070;67;0;0 (Acoustic Grand Piano)
97,541;49:4:39;C4;60;47;OFF;0,104;100;0;0 (Acoustic Grand Piano)
97,552;49:4:50;F3;53;44;OFF;0,291;279;0;0 (Acoustic Grand Piano)
97,552;49:4:50;E4;64;42;OFF;0,255;245;0;0 (Acoustic Grand Piano)
97,564;49:4:61;F2;41;61;OFF;0,197;189;0;0 (Acoustic Grand Piano)
97,564;49:4:61;A3;57;50;OFF;0,418;401;0;0 (Acoustic Grand Piano)
97,564;49:4:61;A4;69;53;OFF;0,476;457;0;0 (Acoustic Grand Piano)
97,760;49:4:250;F2;41;66;OFF;0,453;435;0;0 (Acoustic Grand Piano)
97,784;49:4:273;C4;60;44;OFF;0,070;67;0;0 (Acoustic Grand Piano)
97,877;49:4:362;F4;65;38;OFF;0,232;223;0;0 (Acoustic Grand Piano)
97,877;49:4:362;D5;74;61;OFF;0,244;234;0;0 (Acoustic Grand Piano)
97,877;49:4:362;D6;86;37;OFF;0,116;111;0;0 (Acoustic Grand Piano)
98,040;50:1:38;A4;69;57;OFF;0,174;167;0;0 (Acoustic Grand Piano)
98,051;50:1:49;F5;77;37;OFF;0,070;67;0;0 (Acoustic Grand Piano)
98,214;50:1:205;F2;41;55;OFF;0,278;267;0;0 (Acoustic Grand Piano)
98,214;50:1:205;F3;53;39;OFF;0,267;256;0;0 (Acoustic Grand Piano)
98,214;50:1:205;C4;60;61;OFF;0,278;267;0;0 (Acoustic Grand Piano)
98,214;50:1:205;C5;72;46;OFF;0,255;245;0;0 (Acoustic Grand Piano)
98,225;50:1:216;F4;65;43;OFF;0,209;201;0;0 (Acoustic Grand Piano)
98,353;50:1:339;A3;57;50;OFF;0,128;123;0;0 (Acoustic Grand Piano)
98,434;50:1:417;F4;65;53;OFF;0,070;67;0;0 (Acoustic Grand Piano)
98,493;50:1:473;C4;60;45;OFF;0,070;67;0;0 (Acoustic Grand Piano)
98,504;50:2:4;G3;55;40;OFF;0,104;100;0;0 (Acoustic Grand Piano)
98,527;50:2:26;G1;31;59;OFF;0,081;78;0;0 (Acoustic Grand Piano)
98,550;50:2:48;G4;67;39;OFF;0,093;89;0;0 (Acoustic Grand Piano)
98,561;50:2:59;G2;43;54;OFF;1,000;960;0;0 (Acoustic Grand Piano)
98,561;50:2:59;B4;71;42;OFF;0,325;312;0;0 (Acoustic Grand Piano)
98,561;50:2:59;B5;83;39;OFF;0,140;134;0;0 (Acoustic Grand Piano)
98,608;50:2:104;G3;55;58;OFF;0,151;145;0;0 (Acoustic Grand Piano)
98,620;50:2:115;G1;31;78;OFF;0,883;848;0;0 (Acoustic Grand Piano)
98,713;50:2:204;B3;59;45;OFF;0,093;89;0;0 (Acoustic Grand Piano)
98,759;50:2:249;G3;55;51;OFF;0,162;156;0;0 (Acoustic Grand Piano)
98,818;50:2:305;D4;62;40;OFF;0,081;78;0;0 (Acoustic Grand Piano)
98,922;50:2:405;G3;55;47;OFF;0,524;503;0;0 (Acoustic Grand Piano)
98,945;50:2:427;G4;67;46;OFF;0,104;100;0;0 (Acoustic Grand Piano)
99,050;50:3:48;G4;67;50;OFF;0,151;145;0;0 (Acoustic Grand Piano)
99,050;50:3:48;G5;79;43;OFF;0,140;134;0;0 (Acoustic Grand Piano)
99,061;50:3:59;D4;62;46;OFF;0,208;200;0;0 (Acoustic Grand Piano)
99,084;50:3:81;B4;71;70;OFF;0,128;123;0;0 (Acoustic Grand Piano)
99,096;50:3:92;B5;83;28;OFF;0,162;156;0;0 (Acoustic Grand Piano)
99,143;50:3:137;D2;38;37;OFF;0,127;122;0;0 (Acoustic Grand Piano)
99,213;50:3:204;B4;71;63;OFF;0,280;269;0;0 (Acoustic Grand Piano)
99,224;50:3:215;D3;50;34;OFF;0,256;246;0;0 (Acoustic Grand Piano)
99,270;50:3:259;D2;38;61;OFF;0,001;1;0;0 (Acoustic Grand Piano)
99,270;50:3:259;D4;62;55;OFF;0,001;1;0;0 (Acoustic Grand Piano)
99,341;50:3:327;D2;38;57;OFF;0,627;602;0;0 (Acoustic Grand Piano)
99,376;50:3:361;B3;59;60;OFF;0,140;134;0;0 (Acoustic Grand Piano)
99,550;50:4:48;G3;55;59;OFF;0,453;435;0;0 (Acoustic Grand Piano)
99,550;50:4:48;D4;62;41;OFF;0,163;156;0;0 (Acoustic Grand Piano)
99,550;50:4:48;G4;67;56;OFF;0,128;123;0;0 (Acoustic Grand Piano)
99,561;50:4:59;G2;43;71;OFF;0,743;713;0;0 (Acoustic Grand Piano)
99,561;50:4:59;C5;72;59;OFF;0,162;156;0;0 (Acoustic Grand Piano)
99,701;50:4:193;B3;59;51;OFF;0,185;178;0;0 (Acoustic Grand Piano)
99,713;50:4:204;D3;50;45;OFF;0,104;100;0;0 (Acoustic Grand Piano)
99,713;50:4:204;D4;62;58;OFF;0,162;156;0;0 (Acoustic Grand Piano)
99,724;50:4:215;D5;74;47;OFF;0,163;156;0;0 (Acoustic Grand Piano)
99,875;50:4:360;D4;62;54;OFF;0,185;178;0;0 (Acoustic Grand Piano)
99,875;50:4:360;B4;71;53;OFF;0,360;346;0;0 (Acoustic Grand Piano)
99,886;50:4:371;B3;59;54;OFF;0,209;201;0;0 (Acoustic Grand Piano)
100,049;51:1:47;G1;31;56;OFF;0,128;123;0;0 (Acoustic Grand Piano)
100,060;51:1:58;G3;55;40;OFF;0,116;111;0;0 (Acoustic Grand Piano)
100,060;51:1:58;D4;62;48;OFF;0,151;145;0;0 (Acoustic Grand Piano)
100,060;51:1:58;G4;67;37;OFF;0,081;78;0;0 (Acoustic Grand Piano)
100,189;51:1:181;G1;31;66;OFF;0,140;134;0;0 (Acoustic Grand Piano)
100,211;51:1:203;D4;62;46;OFF;0,163;156;0;0 (Acoustic Grand Piano)
100,247;51:1:237;G4;67;39;OFF;0,127;122;0;0 (Acoustic Grand Piano)
100,258;51:1:248;B3;59;33;OFF;0,128;123;0;0 (Acoustic Grand Piano)
100,305;51:1:293;G2;43;60;OFF;0,151;145;0;0 (Acoustic Grand Piano)
100,328;51:1:315;G1;31;72;OFF;0,267;256;0;0 (Acoustic Grand Piano)
100,374;51:1:359;G4;67;47;OFF;0,001;1;0;0 (Acoustic Grand Piano)
100,386;51:1:371;B3;59;49;OFF;0,070;67;0;0 (Acoustic Grand Piano)
100,514;51:2:13;A1;33;41;OFF;0,093;89;0;0 (Acoustic Grand Piano)
100,549;51:2:47;A2;45;53;OFF;0,093;89;0;0 (Acoustic Grand Piano)
100,549;51:2:47;A5;81;40;OFF;0,093;89;0;0 (Acoustic Grand Piano)
100,572;51:2:69;E4;64;40;OFF;0,070;67;0;0 (Acoustic Grand Piano)
100,595;51:2:91;A3;57;73;OFF;0,174;167;0;0 (Acoustic Grand Piano)
100,606;51:2:102;A1;33;72;OFF;0,140;134;0;0 (Acoustic Grand Piano)
100,606;51:2:102;A4;69;65;OFF;0,151;145;0;0 (Acoustic Grand Piano)
100,642;51:2:136;A2;45;71;OFF;0,116;111;0;0 (Acoustic Grand Piano)
100,746;51:2:236;A1;33;87;OFF;0,814;781;0;0 (Acoustic Grand Piano)
100,757;51:2:247;A2;45;56;OFF;0,151;145;0;0 (Acoustic Grand Piano)
100,769;51:2:258;A3;57;92;OFF;0,093;89;0;0 (Acoustic Grand Piano)
100,862;51:2:348;A3;57;78;OFF;0,628;603;0;0 (Acoustic Grand Piano)
100,874;51:2:359;A5;81;46;OFF;0,093;89;0;0 (Acoustic Grand Piano)
100,955;51:2:437;E3;52;36;OFF;0,197;189;0;0 (Acoustic Grand Piano)
100,967;51:2:448;A4;69;56;OFF;0,070;67;0;0 (Acoustic Grand Piano)
100,990;51:2:470;C#4;61;52;OFF;0,232;223;0;0 (Acoustic Grand Piano)
101,048;51:3:46;A4;69;64;OFF;0,232;223;0;0 (Acoustic Grand Piano)
101,059;51:3:57;E4;64;42;OFF;0,151;145;0;0 (Acoustic Grand Piano)
101,129;51:3:124;A2;45;36;OFF;0,185;178;0;0 (Acoustic Grand Piano)
101,210;51:3:202;E4;64;56;OFF;0,152;146;0;0 (Acoustic Grand Piano)
101,233;51:3:224;C#4;61;52;OFF;0,326;313;0;0 (Acoustic Grand Piano)
101,280;51:3:269;A4;69;47;OFF;0,118;113;0;0 (Acoustic Grand Piano)
101,374;51:3:359;E3;52;60;OFF;0,174;167;0;0 (Acoustic Grand Piano)
101,491;51:3:471;A3;57;71;OFF;0,104;100;0;0 (Acoustic Grand Piano)
101,548;51:4:46;A2;45;63;OFF;1,056;1014;0;0 (Acoustic Grand Piano)
101,548;51:4:46;E3;52;45;OFF;0,128;123;0;0 (Acoustic Grand Piano)
101,560;51:4:58;A1;33;76;OFF;1,021;980;0;0 (Acoustic Grand Piano)
101,560;51:4:58;C#4;61;43;OFF;0,754;724;0;0 (Acoustic Grand Piano)
101,595;51:4:91;A3;57;78;OFF;0,104;100;0;0 (Acoustic Grand Piano)
101,595;51:4:91;A4;69;44;OFF;0,185;178;0;0 (Acoustic Grand Piano)
101,699;51:4:191;A3;57;66;OFF;0,499;479;0;0 (Acoustic Grand Piano)
101,723;51:4:214;C#5;73;40;OFF;0,151;145;0;0 (Acoustic Grand Piano)
101,780;51:4:269;A4;69;52;OFF;0,116;111;0;0 (Acoustic Grand Piano)
101,780;51:4:269;A5;81;31;OFF;0,140;134;0;0 (Acoustic Grand Piano)
101,908;51:4:392;E3;52;60;OFF;0,151;145;0;0 (Acoustic Grand Piano)
101,908;51:4:392;E4;64;31;OFF;0,162;156;0;0 (Acoustic Grand Piano)
102,059;52:1:57;E3;52;51;OFF;0,128;123;0;0 (Acoustic Grand Piano)
102,071;52:1:68;E4;64;72;OFF;0,163;156;0;0 (Acoustic Grand Piano)
102,071;52:1:68;A4;69;52;OFF;0,348;334;0;0 (Acoustic Grand Piano)
102,233;52:1:224;E4;64;60;OFF;0,291;279;0;0 (Acoustic Grand Piano)
102,396;52:1:380;E3;52;43;OFF;0,140;134;0;0 (Acoustic Grand Piano)
102,547;52:2:45;E3;52;40;OFF;0,081;78;0;0 (Acoustic Grand Piano)
102,581;52:2:78;A1;33;92;OFF;0,001;1;0;0 (Acoustic Grand Piano)
102,605;52:2:101;A2;45;65;OFF;0,081;78;0;0 (Acoustic Grand Piano)
102,605;52:2:101;A3;57;50;OFF;0,999;959;0;0 (Acoustic Grand Piano)
102,605;52:2:101;A4;69;57;OFF;0,476;457;0;0 (Acoustic Grand Piano)
102,686;52:2:179;A2;45;74;OFF;0,093;89;0;0 (Acoustic Grand Piano)
102,779;52:2:268;A2;45;63;OFF;0,278;267;0;0 (Acoustic Grand Piano)
102,883;52:2:368;E3;52;50;OFF;0,640;614;0;0 (Acoustic Grand Piano)
102,919;52:2:402;A5;81;49;OFF;0,162;156;0;0 (Acoustic Grand Piano)
103,057;52:3:55;A2;45;59;OFF;0,558;536;0;0 (Acoustic Grand Piano)
103,081;52:3:78;A4;69;67;OFF;0,174;167;0;0 (Acoustic Grand Piano)
103,255;52:3:245;A4;69;69;OFF;0,117;112;0;0 (Acoustic Grand Piano)
103,372;52:3:357;A4;69;49;OFF;0,001;1;0;0 (Acoustic Grand Piano)
103,384;52:3:369;C#4;61;48;OFF;0,140;134;0;0 (Acoustic Grand Piano)
103,558;52:4:56;E4;64;35;OFF;0,162;156;0;0 (Acoustic Grand Piano)
103,570;52:4:67;C#4;61;38;OFF;0,221;212;0;0 (Acoustic Grand Piano)
103,581;52:4:78;A1;33;66;OFF;0,731;702;0;0 (Acoustic Grand Piano)
103,604;52:4:100;A3;57;66;OFF;0,001;1;0;0 (Acoustic Grand Piano)
103,604;52:4:100;A4;69;47;OFF;0,278;267;0;0 (Acoustic Grand Piano)
103,617;52:4:112;A2;45;77;OFF;0,429;412;0;0 (Acoustic Grand Piano)
103,895;52:4:379;A3;57;59;OFF;0,197;189;0;0 (Acoustic Grand Piano)
104,046;53:1:44;A2;45;49;OFF;0,592;568;0;0 (Acoustic Grand Piano)
104,046;53:1:44;A4;69;55;OFF;0,197;189;0;0 (Acoustic Grand Piano)
104,092;53:1:88;A3;57;75;OFF;0,070;67;0;0 (Acoustic Grand Piano)
104,161;53:1:155;A3;57;58;OFF;0,116;111;0;0 (Acoustic Grand Piano)
104,220;53:1:211;E4;64;50;OFF;0,151;145;0;0 (Acoustic Grand Piano)
104,243;53:1:233;E2;40;61;OFF;0,081;78;0;0 (Acoustic Grand Piano)
104,243;53:1:233;A4;69;60;OFF;0,116;111;0;0 (Acoustic Grand Piano)
104,324;53:1:311;E2;40;55;OFF;0,140;134;0;0 (Acoustic Grand Piano)
104,348;53:1:334;A5;81;39;OFF;0,185;178;0;0 (Acoustic Grand Piano)
104,359;53:1:345;A4;69;56;OFF;0,255;245;0;0 (Acoustic Grand Piano)
104,510;53:2:10;G1;31;52;OFF;0,185;178;0;0 (Acoustic Grand Piano)
104,568;53:2:65;A3;57;49;OFF;0,140;134;0;0 (Acoustic Grand Piano)
104,568;53:2:65;E4;64;38;OFF;0,348;334;0;0 (Acoustic Grand Piano)
104,615;53:2:110;A4;69;44;OFF;0,255;245;0;0 (Acoustic Grand Piano)
104,626;53:2:121;G2;43;39;OFF;0,070;67;0;0 (Acoustic Grand Piano)
104,638;53:2:132;A2;45;48;OFF;0,487;468;0;0 (Acoustic Grand Piano)
104,684;53:2:177;A5;81;51;OFF;0,070;67;0;0 (Acoustic Grand Piano)
104,696;53:2:188;G1;31;77;OFF;1,615;1550;0;0 (Acoustic Grand Piano)
104,754;53:2:244;C#4;61;46;OFF;0,093;89;0;0 (Acoustic Grand Piano)
104,754;53:2:244;A5;81;49;OFF;0,255;245;0;0 (Acoustic Grand Piano)
104,870;53:2:355;A4;69;45;OFF;0,221;212;0;0 (Acoustic Grand Piano)
104,917;53:2:400;E4;64;56;OFF;0,314;301;0;0 (Acoustic Grand Piano)
104,998;53:2:478;C#4;61;43;OFF;0,128;123;0;0 (Acoustic Grand Piano)
105,009;53:3:9;A3;57;48;OFF;0,209;201;0;0 (Acoustic Grand Piano)
105,091;53:3:87;A4;69;45;OFF;0,256;246;0;0 (Acoustic Grand Piano)
105,149;53:3:143;G6;91;37;OFF;0,303;291;0;0 (Acoustic Grand Piano)
105,230;53:3:221;A3;57;43;OFF;0,326;313;0;0 (Acoustic Grand Piano)
105,230;53:3:221;E4;64;65;OFF;0,326;313;0;0 (Acoustic Grand Piano)
105,265;53:3:254;C#4;61;47;OFF;0,222;213;0;0 (Acoustic Grand Piano)
105,347;53:3:333;A4;69;54;OFF;0,104;100;0;0 (Acoustic Grand Piano)
105,371;53:3:356;G3;55;48;OFF;0,116;111;0;0 (Acoustic Grand Piano)
105,371;53:3:356;G4;67;40;OFF;0,522;501;0;0 (Acoustic Grand Piano)
105,556;53:4:54;G3;55;40;OFF;0,580;557;0;0 (Acoustic Grand Piano)
105,556;53:4:54;A3;57;52;OFF;0,128;123;0;0 (Acoustic Grand Piano)
105,556;53:4:54;C#4;61;47;OFF;0,975;936;0;0 (Acoustic Grand Piano)
105,556;53:4:54;E4;64;54;OFF;0,673;646;0;0 (Acoustic Grand Piano)
105,556;53:4:54;A5;81;44;OFF;0,128;123;0;0 (Acoustic Grand Piano)
105,615;53:4:110;A2;45;45;OFF;0,557;535;0;0 (Acoustic Grand Piano)
105,777;53:4:266;A4;69;40;OFF;0,070;67;0;0 (Acoustic Grand Piano)
105,893;53:4:377;G4;67;45;OFF;0,001;1;0;0 (Acoustic Grand Piano)
106,079;54:1:76;G5;79;47;OFF;0,128;123;0;0 (Acoustic Grand Piano)
106,114;54:1:109;A3;57;49;OFF;0,081;78;0;0 (Acoustic Grand Piano)
106,206;54:1:198;A3;57;54;OFF;0,372;357;0;0 (Acoustic Grand Piano)
106,229;54:1:220;E4;64;65;OFF;0,081;78;0;0 (Acoustic Grand Piano)
106,299;54:1:287;G2;43;41;OFF;0,081;78;0;0 (Acoustic Grand Piano)
106,311;54:1:299;E4;64;58;OFF;0,232;223;0;0 (Acoustic Grand Piano)
106,578;54:2:75;A3;57;45;OFF;0,209;201;0;0 (Acoustic Grand Piano)
106,578;54:2:75;A4;69;35;OFF;0,081;78;0;0 (Acoustic Grand Piano)
106,590;54:2:86;G1;31;58;OFF;0,081;78;0;0 (Acoustic Grand Piano)
106,601;54:2:97;A2;45;49;OFF;0,128;123;0;0 (Acoustic Grand Piano)
106,636;54:2:131;G2;43;37;OFF;0,244;234;0;0 (Acoustic Grand Piano)
106,671;54:2:164;B4;71;45;OFF;0,140;134;0;0 (Acoustic Grand Piano)
106,682;54:2:175;G1;31;77;OFF;1,359;1305;0;0 (Acoustic Grand Piano)
106,741;54:2:231;A2;45;62;OFF;0,314;301;0;0 (Acoustic Grand Piano)
106,810;54:2:298;E4;64;49;OFF;0,070;67;0;0 (Acoustic Grand Piano)
106,822;54:2:309;B4;71;55;OFF;0,174;167;0;0 (Acoustic Grand Piano)
106,892;54:2:376;E4;64;62;OFF;0,336;323;0;0 (Acoustic Grand Piano)
107,054;54:3:52;A4;69;51;OFF;0,163;156;0;0 (Acoustic Grand Piano)
107,228;54:3:219;A3;57;45;OFF;0,280;269;0;0 (Acoustic Grand Piano)
107,228;54:3:219;E4;64;66;OFF;0,292;280;0;0 (Acoustic Grand Piano)
107,240;54:3:230;A4;69;46;OFF;0,779;748;0;0 (Acoustic Grand Piano)
107,322;54:3:309;A5;81;41;OFF;0,116;111;0;0 (Acoustic Grand Piano)
107,578;54:4:75;G3;55;43;OFF;0,429;412;0;0 (Acoustic Grand Piano)
107,647;54:4:141;A2;45;47;OFF;0,442;424;0;0 (Acoustic Grand Piano)
107,682;54:4:175;E4;64;48;OFF;0,302;290;0;0 (Acoustic Grand Piano)
107,949;54:4:431;G2;43;46;OFF;0,185;178;0;0 (Acoustic Grand Piano)
108,054;55:1:52;A3;57;48;OFF;0,510;490;0;0 (Acoustic Grand Piano)
108,204;55:1:196;A5;81;46;OFF;0,093;89;0;0 (Acoustic Grand Piano)
108,228;55:1:219;E2;40;60;OFF;0,209;201;0;0 (Acoustic Grand Piano)
108,228;55:1:219;E4;64;51;OFF;0,104;100;0;0 (Acoustic Grand Piano)
108,228;55:1:219;C#5;73;40;OFF;0,151;145;0;0 (Acoustic Grand Piano)
108,332;55:1:319;E4;64;49;OFF;0,070;67;0;0 (Acoustic Grand Piano)
108,379;55:1:364;C#5;73;53;OFF;0,221;212;0;0 (Acoustic Grand Piano)
108,553;55:2:51;D4;62;44;OFF;0,116;111;0;0 (Acoustic Grand Piano)
108,553;55:2:51;F#4;66;66;OFF;0,093;89;0;0 (Acoustic Grand Piano)
108,576;55:2:73;F#1;30;85;OFF;0,907;871;0;0 (Acoustic Grand Piano)
108,576;55:2:73;A3;57;52;OFF;0,325;312;0;0 (Acoustic Grand Piano)
108,646;55:2:140;F#4;66;56;OFF;0,116;111;0;0 (Acoustic Grand Piano)
108,669;55:2:162;D4;62;69;OFF;0,070;67;0;0 (Acoustic Grand Piano)
108,716;55:2:207;D5;74;44;OFF;0,104;100;0;0 (Acoustic Grand Piano)
108,727;55:2:218;F#2;42;42;OFF;0,104;100;0;0 (Acoustic Grand Piano)
108,739;55:2:229;D4;62;67;OFF;0,314;301;0;0 (Acoustic Grand Piano)
108,901;55:2:385;F#4;66;38;OFF;0,151;145;0;0 (Acoustic Grand Piano)
108,912;55:2:396;D5;74;41;OFF;0,104;100;0;0 (Acoustic Grand Piano)
109,052;55:3:50;A3;57;41;OFF;0,185;178;0;0 (Acoustic Grand Piano)
109,052;55:3:50;D4;62;64;OFF;0,185;178;0;0 (Acoustic Grand Piano)
109,052;55:3:50;F#4;66;44;OFF;0,070;67;0;0 (Acoustic Grand Piano)
109,052;55:3:50;A4;69;46;OFF;0,128;123;0;0 (Acoustic Grand Piano)
109,226;55:3:217;F#4;66;53;OFF;0,129;124;0;0 (Acoustic Grand Piano)
109,237;55:3:228;A3;57;48;OFF;0,152;146;0;0 (Acoustic Grand Piano)
109,237;55:3:228;D4;62;76;OFF;0,082;79;0;0 (Acoustic Grand Piano)
109,250;55:3:240;D5;74;41;OFF;0,059;57;0;0 (Acoustic Grand Piano)
109,321;55:3:308;D4;62;79;OFF;0,127;122;0;0 (Acoustic Grand Piano)
109,448;55:3:430;D4;62;73;OFF;0,001;1;0;0 (Acoustic Grand Piano)
109,448;55:3:430;A4;69;53;OFF;0,140;134;0;0 (Acoustic Grand Piano)
109,529;55:4:28;F#2;42;45;OFF;0,442;424;0;0 (Acoustic Grand Piano)
109,541;55:4:39;F#4;66;65;OFF;0,174;167;0;0 (Acoustic Grand Piano)
109,553;55:4:51;F#3;54;48;OFF;0,592;568;0;0 (Acoustic Grand Piano)
109,553;55:4:51;A3;57;45;OFF;0,429;412;0;0 (Acoustic Grand Piano)
109,553;55:4:51;D4;62;63;OFF;0,127;122;0;0 (Acoustic Grand Piano)
109,565;55:4:62;A5;81;32;OFF;0,104;100;0;0 (Acoustic Grand Piano)
109,669;55:4:162;A5;81;48;OFF;0,128;123;0;0 (Acoustic Grand Piano)
109,680;55:4:173;D4;62;75;OFF;0,001;1;0;0 (Acoustic Grand Piano)
109,703;55:4:195;F#1;30;61;OFF;0,616;591;0;0 (Acoustic Grand Piano)
109,831;55:4:318;A4;69;66;OFF;0,232;223;0;0 (Acoustic Grand Piano)
109,843;55:4:329;F#4;66;42;OFF;0,081;78;0;0 (Acoustic Grand Piano)
110,064;56:1:61;D4;62;74;OFF;0,162;156;0;0 (Acoustic Grand Piano)
110,064;56:1:61;A4;69;55;OFF;0,255;245;0;0 (Acoustic Grand Piano)
110,098;56:1:94;F#2;42;43;OFF;0,093;89;0;0 (Acoustic Grand Piano)
110,226;56:1:217;D4;62;73;OFF;0,163;156;0;0 (Acoustic Grand Piano)
110,237;56:1:228;A3;57;60;OFF;0,314;301;0;0 (Acoustic Grand Piano)
110,237;56:1:228;F#4;66;47;OFF;0,314;301;0;0 (Acoustic Grand Piano)
110,319;56:1:306;A4;69;56;OFF;0,221;212;0;0 (Acoustic Grand Piano)
110,389;56:1:373;D4;62;58;OFF;0,232;223;0;0 (Acoustic Grand Piano)
110,551;56:2:49;A3;57;57;OFF;0,174;167;0;0 (Acoustic Grand Piano)
110,551;56:2:49;F#4;66;52;OFF;0,174;167;0;0 (Acoustic Grand Piano)
110,574;56:2:71;F#1;30;69;OFF;1,894;1818;0;0 (Acoustic Grand Piano)
110,621;56:2:116;D4;62;77;OFF;0,209;201;0;0 (Acoustic Grand Piano)
110,725;56:2:216;A3;57;55;OFF;0,487;468;0;0 (Acoustic Grand Piano)
110,830;56:2:317;D4;62;67;OFF;0,232;223;0;0 (Acoustic Grand Piano)
110,888;56:2:372;F#4;66;51;OFF;0,302;290;0;0 (Acoustic Grand Piano)
111,063;56:3:60;D4;62;72;OFF;0,349;335;0;0 (Acoustic Grand Piano)
111,074;56:3:71;A4;69;54;OFF;0,292;280;0;0 (Acoustic Grand Piano)
111,212;56:3:204;A3;57;53;OFF;0,338;324;0;0 (Acoustic Grand Piano)
111,225;56:3:216;D5;74;45;OFF;0,118;113;0;0 (Acoustic Grand Piano)
111,366;56:3:351;A4;69;49;OFF;0,104;100;0;0 (Acoustic Grand Piano)
111,411;56:3:395;D4;62;76;OFF;0,001;1;0;0 (Acoustic Grand Piano)
111,470;56:3:451;A4;69;67;OFF;0,093;89;0;0 (Acoustic Grand Piano)
111,551;56:4:49;A3;57;45;OFF;0,163;156;0;0 (Acoustic Grand Piano)
111,551;56:4:49;F#4;66;56;OFF;0,209;201;0;0 (Acoustic Grand Piano)
111,563;56:4:60;F#3;54;41;OFF;0,291;279;0;0 (Acoustic Grand Piano)
111,563;56:4:60;D4;62;82;OFF;0,151;145;0;0 (Acoustic Grand Piano)
111,563;56:4:60;A4;69;51;OFF;0,128;123;0;0 (Acoustic Grand Piano)
111,714;56:4:205;A3;57;60;OFF;0,499;479;0;0 (Acoustic Grand Piano)
111,714;56:4:205;D4;62;77;OFF;0,197;189;0;0 (Acoustic Grand Piano)
111,748;56:4:238;D5;74;42;OFF;0,128;123;0;0 (Acoustic Grand Piano)
111,910;56:4:394;D4;62;74;OFF;0,140;134;0;0 (Acoustic Grand Piano)
111,934;56:4:417;F#2;42;47;OFF;0,221;212;0;0 (Acoustic Grand Piano)
111,969;56:4:450;A4;69;45;OFF;0,116;111;0;0 (Acoustic Grand Piano)
111,992;56:4:472;A5;81;40;OFF;0,185;178;0;0 (Acoustic Grand Piano)
112,050;57:1:48;F#3;54;46;OFF;0,093;89;0;0 (Acoustic Grand Piano)
112,050;57:1:48;D4;62;53;OFF;0,336;323;0;0 (Acoustic Grand Piano)
112,050;57:1:48;F#4;66;49;OFF;0,185;178;0;0 (Acoustic Grand Piano)
112,085;57:1:82;A4;69;62;OFF;0,163;156;0;0 (Acoustic Grand Piano)
112,167;57:1:160;F#2;42;49;OFF;0,151;145;0;0 (Acoustic Grand Piano)
112,212;57:1:204;A3;57;60;OFF;0,336;323;0;0 (Acoustic Grand Piano)
112,235;57:1:226;F#4;66;50;OFF;0,081;78;0;0 (Acoustic Grand Piano)
112,235;57:1:226;D5;74;46;OFF;0,302;290;0;0 (Acoustic Grand Piano)
112,248;57:1:238;A4;69;41;OFF;0,151;145;0;0 (Acoustic Grand Piano)
112,341;57:1:327;B4;71;42;OFF;0,116;111;0;0 (Acoustic Grand Piano)
112,386;57:1:371;D4;62;55;OFF;0,140;134;0;0 (Acoustic Grand Piano)
112,537;57:2:36;F4;65;40;OFF;0,360;346;0;0 (Acoustic Grand Piano)
112,573;57:2:70;F3;53;47;OFF;0,325;312;0;0 (Acoustic Grand Piano)
112,573;57:2:70;C4;60;35;OFF;0,291;279;0;0 (Acoustic Grand Piano)
112,573;57:2:70;C5;72;31;OFF;0,093;89;0;0 (Acoustic Grand Piano)
112,607;57:2:103;F1;29;64;OFF;0,081;78;0;0 (Acoustic Grand Piano)
112,619;57:2:114;F2;41;57;OFF;0,768;737;0;0 (Acoustic Grand Piano)
112,619;57:2:114;A3;57;35;OFF;0,116;111;0;0 (Acoustic Grand Piano)
112,700;57:2:192;F1;29;72;OFF;1,302;1250;0;0 (Acoustic Grand Piano)
112,735;57:2:226;A3;57;54;OFF;0,255;245;0;0 (Acoustic Grand Piano)
112,805;57:2:293;C5;72;51;OFF;0,185;178;0;0 (Acoustic Grand Piano)
112,886;57:2:371;A4;69;38;OFF;0,174;167;0;0 (Acoustic Grand Piano)
112,898;57:2:382;F3;53;49;OFF;0,500;480;0;0 (Acoustic Grand Piano)
112,898;57:2:382;F4;65;58;OFF;0,093;89;0;0 (Acoustic Grand Piano)
112,991;57:2:471;C5;72;46;OFF;0,070;67;0;0 (Acoustic Grand Piano)
113,049;57:3:47;C4;60;42;OFF;0,081;78;0;0 (Acoustic Grand Piano)
113,049;57:3:47;F4;65;38;OFF;0,186;179;0;0 (Acoustic Grand Piano)
113,060;57:3:58;A4;69;54;OFF;0,315;302;0;0 (Acoustic Grand Piano)
113,119;57:3:114;C5;72;42;OFF;0,081;78;0;0 (Acoustic Grand Piano)
113,200;57:3:192;C5;72;43;OFF;0,094;90;0;0 (Acoustic Grand Piano)
113,234;57:3:225;A3;57;51;OFF;0,245;235;0;0 (Acoustic Grand Piano)
113,235;57:3:226;F4;65;48;OFF;0,001;1;0;0 (Acoustic Grand Piano)
113,294;57:3:282;C5;72;59;OFF;0,093;89;0;0 (Acoustic Grand Piano)
113,375;57:3:360;C4;60;46;OFF;0,209;201;0;0 (Acoustic Grand Piano)
113,375;57:3:360;A4;69;45;OFF;0,197;189;0;0 (Acoustic Grand Piano)
113,386;57:3:371;F2;41;43;OFF;0,185;178;0;0 (Acoustic Grand Piano)
113,386;57:3:371;C5;72;53;OFF;0,151;145;0;0 (Acoustic Grand Piano)
113,398;57:3:382;F3;53;63;OFF;0,151;145;0;0 (Acoustic Grand Piano)
113,398;57:3:382;F4;65;46;OFF;0,093;89;0;0 (Acoustic Grand Piano)
113,549;57:4:47;F3;53;59;OFF;0,348;334;0;0 (Acoustic Grand Piano)
113,549;57:4:47;F4;65;46;OFF;0,336;323;0;0 (Acoustic Grand Piano)
113,572;57:4:69;F2;41;63;OFF;0,697;669;0;0 (Acoustic Grand Piano)
113,572;57:4:69;A3;57;45;OFF;0,151;145;0;0 (Acoustic Grand Piano)
113,572;57:4:69;A4;69;51;OFF;0,128;123;0;0 (Acoustic Grand Piano)
113,711;57:4:203;E4;64;41;OFF;0,081;78;0;0 (Acoustic Grand Piano)
113,723;57:4:214;A3;57;56;OFF;0,302;290;0;0 (Acoustic Grand Piano)
113,851;57:4:337;C4;60;43;OFF;0,081;78;0;0 (Acoustic Grand Piano)
113,885;57:4:370;F4;65;67;OFF;0,174;167;0;0 (Acoustic Grand Piano)
113,898;57:4:382;F3;53;47;OFF;0,325;312;0;0 (Acoustic Grand Piano)
113,898;57:4:382;A5;81;40;OFF;0,104;100;0;0 (Acoustic Grand Piano)
113,921;57:4:404;C5;72;36;OFF;0,070;67;0;0 (Acoustic Grand Piano)
113,932;57:4:415;C4;60;39;OFF;0,302;290;0;0 (Acoustic Grand Piano)
114,048;58:1:46;A4;69;54;OFF;0,128;123;0;0 (Acoustic Grand Piano)
114,060;58:1:58;F4;65;51;OFF;0,093;89;0;0 (Acoustic Grand Piano)
114,210;58:1:202;C5;72;43;OFF;0,209;201;0;0 (Acoustic Grand Piano)
114,223;58:1:214;F3;53;41;OFF;0,070;67;0;0 (Acoustic Grand Piano)
114,234;58:1:225;C4;60;55;OFF;0,314;301;0;0 (Acoustic Grand Piano)
114,269;58:1:258;F2;41;56;OFF;0,209;201;0;0 (Acoustic Grand Piano)
114,292;58:1:280;E4;64;57;OFF;0,116;111;0;0 (Acoustic Grand Piano)
114,350;58:1:336;A3;57;56;OFF;0,151;145;0;0 (Acoustic Grand Piano)
114,513;58:2:12;G1;31;62;OFF;0,093;89;0;0 (Acoustic Grand Piano)
114,536;58:2:35;G2;43;32;OFF;0,081;78;0;0 (Acoustic Grand Piano)
114,548;58:2:46;G3;55;42;OFF;0,104;100;0;0 (Acoustic Grand Piano)
114,548;58:2:46;B4;71;43;OFF;0,104;100;0;0 (Acoustic Grand Piano)
114,559;58:2:57;B3;59;38;OFF;0,174;167;0;0 (Acoustic Grand Piano)
114,582;58:2:79;G4;67;42;OFF;0,070;67;0;0 (Acoustic Grand Piano)
114,605;58:2:101;G1;31;87;OFF;0,162;156;0;0 (Acoustic Grand Piano)
114,618;58:2:113;G2;43;49;OFF;0,942;904;0;0 (Acoustic Grand Piano)
114,652;58:2:146;G3;55;51;OFF;0,070;67;0;0 (Acoustic Grand Piano)
114,652;58:2:146;B4;71;63;OFF;0,128;123;0;0 (Acoustic Grand Piano)
114,664;58:2:157;D4;62;38;OFF;0,406;390;0;0 (Acoustic Grand Piano)
114,722;58:2:213;G3;55;54;OFF;0,174;167;0;0 (Acoustic Grand Piano)
114,768;58:2:257;G1;31;76;OFF;0,745;715;0;0 (Acoustic Grand Piano)
114,780;58:2:269;B4;71;65;OFF;0,116;111;0;0 (Acoustic Grand Piano)
114,780;58:2:269;B5;83;47;OFF;0,197;189;0;0 (Acoustic Grand Piano)
114,896;58:2:380;B4;71;75;OFF;0,174;167;0;0 (Acoustic Grand Piano)
114,943;58:2:425;G4;67;45;OFF;0,116;111;0;0 (Acoustic Grand Piano)
115,058;58:3:56;G4;67;50;OFF;0,326;313;0;0 (Acoustic Grand Piano)
115,058;58:3:56;G5;79;36;OFF;0,104;100;0;0 (Acoustic Grand Piano)
115,070;58:3:67;D4;62;49;OFF;0,151;145;0;0 (Acoustic Grand Piano)
115,070;58:3:67;B4;71;79;OFF;0,140;134;0;0 (Acoustic Grand Piano)
115,140;58:3:134;D2;38;39;OFF;0,082;79;0;0 (Acoustic Grand Piano)
115,209;58:3:201;B4;71;66;OFF;0,059;57;0;0 (Acoustic Grand Piano)
115,221;58:3:212;G3;55;49;OFF;0,338;324;0;0 (Acoustic Grand Piano)
115,221;58:3:212;D4;62;61;OFF;0,292;280;0;0 (Acoustic Grand Piano)
115,222;58:3:213;D2;38;67;OFF;0,140;134;0;0 (Acoustic Grand Piano)
115,269;58:3:258;B4;71;59;OFF;0,441;423;0;0 (Acoustic Grand Piano)
115,280;58:3:269;B5;83;40;OFF;0,197;189;0;0 (Acoustic Grand Piano)
115,361;58:3:347;D2;38;61;OFF;0,616;591;0;0 (Acoustic Grand Piano)
115,384;58:3:369;B3;59;48;OFF;0,325;312;0;0 (Acoustic Grand Piano)
115,559;58:4:57;G2;43;69;OFF;0,707;679;0;0 (Acoustic Grand Piano)
115,559;58:4:57;G3;55;65;OFF;0,336;323;0;0 (Acoustic Grand Piano)
115,559;58:4:57;D4;62;42;OFF;0,150;144;0;0 (Acoustic Grand Piano)
115,559;58:4:57;G4;67;44;OFF;0,104;100;0;0 (Acoustic Grand Piano)
115,709;58:4:201;B3;59;56;OFF;0,360;346;0;0 (Acoustic Grand Piano)
115,709;58:4:201;D4;62;44;OFF;0,001;1;0;0 (Acoustic Grand Piano)
115,709;58:4:201;B4;71;43;OFF;0,001;1;0;0 (Acoustic Grand Piano)
115,815;58:4:302;G1;31;48;OFF;0,372;357;0;0 (Acoustic Grand Piano)
115,966;58:4:447;G4;67;52;OFF;0,278;267;0;0 (Acoustic Grand Piano)
116,011;59:1:11;B4;71;52;OFF;0,336;323;0;0 (Acoustic Grand Piano)
116,198;59:1:190;G1;31;58;OFF;0,116;111;0;0 (Acoustic Grand Piano)
116,244;59:1:234;G4;67;62;OFF;0,151;145;0;0 (Acoustic Grand Piano)
116,255;59:1:245;B3;59;43;OFF;0,116;111;0;0 (Acoustic Grand Piano)
116,255;59:1:245;D4;62;50;OFF;0,070;67;0;0 (Acoustic Grand Piano)
116,255;59:1:245;G5;79;40;OFF;0,221;212;0;0 (Acoustic Grand Piano)
116,267;59:1:256;G2;43;59;OFF;0,001;1;0;0 (Acoustic Grand Piano)
116,314;59:1:301;G1;31;75;OFF;0,465;446;0;0 (Acoustic Grand Piano)
116,383;59:1:368;B3;59;53;OFF;0,128;123;0;0 (Acoustic Grand Piano)
116,383;59:1:368;B4;71;36;OFF;0,185;178;0;0 (Acoustic Grand Piano)
116,395;59:1:379;G4;67;70;OFF;1,824;1751;0;0 (Acoustic Grand Piano)
116,406;59:1:390;G3;55;47;OFF;0,151;145;0;0 (Acoustic Grand Piano)
116,569;59:2:66;B4;71;44;OFF;0,429;412;0;0 (Acoustic Grand Piano)
116,627;59:2:122;G5;79;47;OFF;0,523;502;0;0 (Acoustic Grand Piano)
116,685;59:2:178;B5;83;50;OFF;0,140;134;0;0 (Acoustic Grand Piano)
116,986;59:2:467;B5;83;40;OFF;0,222;213;0;0 (Acoustic Grand Piano)
117,173;59:3:166;B4;71;64;OFF;1,418;1361;0;0 (Acoustic Grand Piano)
117,336;59:3:323;G5;79;44;OFF;0,174;167;0;0 (Acoustic Grand Piano)
117,406;59:3:390;B5;83;50;OFF;0,835;802;0;0 (Acoustic Grand Piano)
117,510;59:4:10;G5;79;55;OFF;0,499;479;0;0 (Acoustic Grand Piano)
118,010;60:1:10;G5;79;70;OFF;0,220;211;0;0 (Acoustic Grand Piano)
118,160;60:1:154;G6;91;37;OFF;0,070;67;0;0 (Acoustic Grand Piano)
118,219;60:1:210;G4;67;87;OFF;0,128;123;0;0 (Acoustic Grand Piano)
118,230;60:1:221;G5;79;70;OFF;0,001;1;0;0 (Acoustic Grand Piano)
118,230;60:1:221;G6;91;38;OFF;0,372;357;0;0 (Acoustic Grand Piano)
118,254;60:1:244;B5;83;76;OFF;0,163;156;0;0 (Acoustic Grand Piano)
118,347;60:1:333;G4;67;85;OFF;2,160;2074;0;0 (Acoustic Grand Piano)
118,417;60:1:400;B5;83;74;OFF;0,255;245;0;0 (Acoustic Grand Piano)
118,602;60:2:98;B4;71;79;OFF;0,302;290;0;0 (Acoustic Grand Piano)
118,602;60:2:98;G6;91;47;OFF;0,128;123;0;0 (Acoustic Grand Piano)
118,672;60:2:165;B5;83;53;OFF;0,232;223;0;0 (Acoustic Grand Piano)
118,730;60:2:221;G6;91;46;OFF;0,081;78;0;0 (Acoustic Grand Piano)
118,904;60:2:388;B4;71;79;OFF;1,382;1327;0;0 (Acoustic Grand Piano)
118,904;60:2:388;B5;83;69;OFF;0,419;402;0;0 (Acoustic Grand Piano)
118,985;60:2:466;G5;79;84;OFF;0,185;178;0;0 (Acoustic Grand Piano)
119,171;60:3:164;G5;79;71;OFF;0,233;224;0;0 (Acoustic Grand Piano)
119,171;60:3:164;G6;91;40;OFF;0,094;90;0;0 (Acoustic Grand Piano)
119,323;60:3:310;B5;83;69;OFF;0,673;646;0;0 (Acoustic Grand Piano)
119,404;60:3:388;G5;79;73;OFF;0,140;134;0;0 (Acoustic Grand Piano)
119,544;60:4:42;G5;79;80;OFF;0,197;189;0;0 (Acoustic Grand Piano)
119,741;60:4:231;G5;79;91;OFF;0,244;234;0;0 (Acoustic Grand Piano)
119,984;60:4:465;G5;79;90;OFF;0,070;67;0;0 (Acoustic Grand Piano)
119,997;60:4:477;B5;83;78;OFF;1,255;1205;0;0 (Acoustic Grand Piano)
120,054;61:1:52;G5;79;84;OFF;0,348;334;0;0 (Acoustic Grand Piano)
120,101;61:1:97;G6;91;41;OFF;0,093;89;0;0 (Acoustic Grand Piano)
120,286;61:1:275;B4;71;84;OFF;0,001;1;0;0 (Acoustic Grand Piano)
120,403;61:1:387;G5;79;92;OFF;0,314;301;0;0 (Acoustic Grand Piano)
120,426;61:1:409;B4;71;82;OFF;0,197;189;0;0 (Acoustic Grand Piano)
120,507;61:2:7;G4;67;81;OFF;1,163;1116;0;0 (Acoustic Grand Piano)
120,623;61:2:118;B4;71;84;OFF;0,534;513;0;0 (Acoustic Grand Piano)
120,717;61:2:208;G5;79;75;OFF;0,406;390;0;0 (Acoustic Grand Piano)
121,123;61:3:118;G5;79;87;OFF;0,175;168;0;0 (Acoustic Grand Piano)
121,157;61:3:151;B4;71;87;OFF;2,928;2811;0;0 (Acoustic Grand Piano)
121,252;61:3:242;B5;83;75;OFF;0,673;646;0;0 (Acoustic Grand Piano)
121,298;61:3:286;G5;79;78;OFF;0,151;145;0;0 (Acoustic Grand Piano)
121,368;61:3:353;G6;91;40;OFF;0,163;156;0;0 (Acoustic Grand Piano)
121,449;61:3:431;G5;79;84;OFF;0,081;78;0;0 (Acoustic Grand Piano)
121,530;61:4:29;G5;79;84;OFF;0,093;89;0;0 (Acoustic Grand Piano)
121,623;61:4:118;G5;79;69;OFF;0,348;334;0;0 (Acoustic Grand Piano)
121,670;61:4:163;G4;67;67;OFF;0,684;657;0;0 (Acoustic Grand Piano)
121,925;61:4:408;B5;83;85;OFF;0,232;223;0;0 (Acoustic Grand Piano)
121,972;61:4:453;G5;79;81;OFF;1,405;1349;0;0 (Acoustic Grand Piano)
122,157;62:1:151;B5;83;63;OFF;0,917;880;0;0 (Acoustic Grand Piano)
122,354;62:1:340;G4;67;78;OFF;0,001;1;0;0 (Acoustic Grand Piano)
123,074;62:3:71;G4;67;79;OFF;1,731;1662;0;0 (Acoustic Grand Piano)
123,074;62:3:71;B5;83;86;OFF;0,001;1;0;0 (Acoustic Grand Piano)
123,377;62:3:362;G5;79;84;OFF;0,001;1;0;0 (Acoustic Grand Piano)
123,377;62:3:362;B5;83;74;OFF;0,267;256;0;0 (Acoustic Grand Piano)
123,645;62:4:139;B5;83;70;OFF;0,929;892;0;0 (Acoustic Grand Piano)
123,703;62:4:195;G5;79;62;OFF;2,590;2486;0;0 (Acoustic Grand Piano)
124,085;63:1:82;B4;71;84;OFF;3,846;3692;0;0 (Acoustic Grand Piano)
124,654;63:2:148;B5;83;66;OFF;0,802;770;0;0 (Acoustic Grand Piano)
124,805;63:2:293;G4;67;89;OFF;0,396;380;0;0 (Acoustic Grand Piano)
125,202;63:3:194;G4;67;74;OFF;2,230;2141;0;0 (Acoustic Grand Piano)
125,457;63:3:439;B5;83;50;OFF;0,116;111;0;0 (Acoustic Grand Piano)
125,945;63:4:427;B5;83;37;OFF;0,151;145;0;0 (Acoustic Grand Piano)
126,293;64:1:281;G5;79;56;OFF;0,001;1;0;0 (Acoustic Grand Piano)
126,385;64:1:370;B5;83;49;OFF;0,325;312;0;0 (Acoustic Grand Piano)
126,723;64:2:214;B5;83;58;OFF;0,163;156;0;0 (Acoustic Grand Piano)
127,676;64:4:169;G4;67;43;OFF;0,081;78;0;0 (Acoustic Grand Piano)
127,931;64:4:414;G4;67;89;OFF;0,523;502;0;0 (Acoustic Grand Piano)
127,931;64:4:414;B4;71;73;OFF;0,894;858;0;0 (Acoustic Grand Piano)
127,931;64:4:414;G5;79;47;OFF;0,278;267;0;0 (Acoustic Grand Piano)
128,001;65:1:1;B5;83;54;OFF;0,151;145;0;0 (Acoustic Grand Piano)